{"1":{"pts":13018,"lvl":4},"2":{"pts":1791,"lvl":1},"3":{"pts":89,"lvl":1},"4":{"pts":3884,"lvl":2},"5":{"pts":2014,"lvl":2},"8":{"pts":1487,"lvl":1},"9":{"pts":1137,"lvl":1},"10":{"pts":5236,"lvl":2},"11":{"pts":5734,"lvl":2},"13":{"pts":4935,"lvl":2},"14":{"pts":447,"lvl":1},"15":{"pts":1256,"lvl":1},"16":{"pts":3111,"lvl":2},"17":{"pts":9174,"lvl":3},"19":{"pts":1957,"lvl":2},"20":{"pts":863,"lvl":1},"21":{"pts":3317,"lvl":2},"22":{"pts":1235,"lvl":1},"23":{"pts":290,"lvl":1},"24":{"pts":13673,"lvl":4},"25":{"pts":399,"lvl":1},"27":{"pts":3306,"lvl":2},"28":{"pts":183,"lvl":1},"29":{"pts":4869,"lvl":2},"30":{"pts":913,"lvl":1},"31":{"pts":9240,"lvl":3},"32":{"pts":43866,"lvl":6},"34":{"pts":673,"lvl":1},"35":{"pts":4228,"lvl":2},"36":{"pts":8176,"lvl":3},"37":{"pts":6486,"lvl":3},"38":{"pts":397,"lvl":1},"39":{"pts":3341,"lvl":2},"41":{"pts":2316,"lvl":2},"42":{"pts":305079,"lvl":7},"44":{"pts":1325,"lvl":1},"45":{"pts":17928,"lvl":4},"48":{"pts":244,"lvl":1},"50":{"pts":854,"lvl":1},"51":{"pts":14352,"lvl":4},"53":{"pts":7831,"lvl":3},"54":{"pts":4827,"lvl":2},"55":{"pts":1655,"lvl":1},"59":{"pts":402,"lvl":1},"60":{"pts":194,"lvl":1},"61":{"pts":1633,"lvl":1},"63":{"pts":1160,"lvl":1},"64":{"pts":1897,"lvl":2},"67":{"pts":503,"lvl":1},"68":{"pts":2711,"lvl":2},"74":{"pts":2701,"lvl":2},"75":{"pts":13419,"lvl":4},"77":{"pts":6305,"lvl":3},"79":{"pts":980,"lvl":1},"80":{"pts":154,"lvl":1},"81":{"pts":886,"lvl":1},"82":{"pts":139832,"lvl":7},"83":{"pts":2005,"lvl":2},"84":{"pts":143,"lvl":1},"85":{"pts":2897,"lvl":2},"86":{"pts":295,"lvl":1},"89":{"pts":3362,"lvl":2},"91":{"pts":64,"lvl":1},"92":{"pts":3087,"lvl":2},"96":{"pts":1693,"lvl":1},"98":{"pts":451,"lvl":1},"101":{"pts":185,"lvl":1},"102":{"pts":1289,"lvl":1},"103":{"pts":248,"lvl":1},"104":{"pts":144,"lvl":1},"105":{"pts":693,"lvl":1},"107":{"pts":208,"lvl":1},"110":{"pts":114,"lvl":1},"111":{"pts":2989,"lvl":2},"112":{"pts":1874,"lvl":2},"113":{"pts":260,"lvl":1},"114":{"pts":275,"lvl":1},"117":{"pts":417,"lvl":1},"119":{"pts":1856,"lvl":2},"120":{"pts":970,"lvl":1},"121":{"pts":2569,"lvl":2},"122":{"pts":11321,"lvl":3},"126":{"pts":102,"lvl":1},"131":{"pts":345,"lvl":1},"133":{"pts":2525,"lvl":2},"134":{"pts":202,"lvl":1},"136":{"pts":346,"lvl":1},"141":{"pts":210,"lvl":1},"143":{"pts":3727,"lvl":2},"145":{"pts":551,"lvl":1},"150":{"pts":53784,"lvl":7},"154":{"pts":699,"lvl":1},"157":{"pts":2152,"lvl":2},"161":{"pts":1362,"lvl":1},"201":{"pts":2769,"lvl":2},"202":{"pts":145,"lvl":1},"203":{"pts":772,"lvl":1},"223":{"pts":317,"lvl":1},"236":{"pts":1254,"lvl":1},"238":{"pts":1466,"lvl":1},"240":{"pts":2044,"lvl":2},"245":{"pts":183,"lvl":1},"254":{"pts":1228,"lvl":1},"266":{"pts":626,"lvl":1},"267":{"pts":89,"lvl":1},"412":{"pts":302,"lvl":1},"420":{"pts":720,"lvl":1},"429":{"pts":2627,"lvl":2},"432":{"pts":4052,"lvl":2},"497":{"pts":451,"lvl":1},"498":{"pts":5760,"lvl":2},"516":{"pts":412,"lvl":1},"517":{"pts":710,"lvl":1},"timestamp":1558555049498}