{"1":{"pts":3986,"lvl":2},"2":{"pts":5844,"lvl":2},"3":{"pts":7208,"lvl":3},"4":{"pts":1262,"lvl":1},"5":{"pts":26696,"lvl":5},"6":{"pts":202,"lvl":1},"7":{"pts":16156,"lvl":4},"8":{"pts":149128,"lvl":7},"9":{"pts":30639,"lvl":6},"10":{"pts":3942,"lvl":2},"11":{"pts":7113,"lvl":2},"12":{"pts":3357,"lvl":2},"13":{"pts":5876,"lvl":2},"14":{"pts":3050,"lvl":2},"15":{"pts":27068,"lvl":5},"16":{"pts":9380,"lvl":3},"17":{"pts":16380,"lvl":4},"18":{"pts":24305,"lvl":5},"19":{"pts":9780,"lvl":3},"20":{"pts":19840,"lvl":4},"21":{"pts":4413,"lvl":2},"22":{"pts":27050,"lvl":4},"23":{"pts":2343,"lvl":2},"24":{"pts":10772,"lvl":3},"25":{"pts":14635,"lvl":3},"26":{"pts":1043,"lvl":1},"27":{"pts":96569,"lvl":5},"28":{"pts":43093,"lvl":7},"29":{"pts":173,"lvl":1},"30":{"pts":54712,"lvl":7},"31":{"pts":427880,"lvl":7},"32":{"pts":5235,"lvl":2},"33":{"pts":1378,"lvl":1},"34":{"pts":25642,"lvl":4},"35":{"pts":3279,"lvl":2},"36":{"pts":7345,"lvl":3},"37":{"pts":6208,"lvl":2},"38":{"pts":4018,"lvl":2},"39":{"pts":110705,"lvl":6},"40":{"pts":15907,"lvl":4},"41":{"pts":1158,"lvl":1},"42":{"pts":138892,"lvl":7},"43":{"pts":13109,"lvl":3},"44":{"pts":3216,"lvl":2},"45":{"pts":28004,"lvl":4},"48":{"pts":1309,"lvl":1},"50":{"pts":6466,"lvl":2},"51":{"pts":13769,"lvl":3},"53":{"pts":36234,"lvl":6},"54":{"pts":12602,"lvl":3},"55":{"pts":9323,"lvl":3},"56":{"pts":158,"lvl":1},"57":{"pts":6169,"lvl":3},"58":{"pts":1451,"lvl":1},"59":{"pts":17840,"lvl":4},"60":{"pts":1230,"lvl":1},"61":{"pts":17510,"lvl":4},"62":{"pts":92565,"lvl":7},"63":{"pts":6734,"lvl":3},"64":{"pts":14810,"lvl":3},"67":{"pts":14461,"lvl":4},"68":{"pts":24216,"lvl":6},"69":{"pts":2102,"lvl":1},"74":{"pts":695,"lvl":1},"75":{"pts":27042,"lvl":4},"76":{"pts":18211,"lvl":4},"77":{"pts":6994,"lvl":3},"78":{"pts":1804,"lvl":2},"79":{"pts":239,"lvl":1},"80":{"pts":89953,"lvl":7},"81":{"pts":35195,"lvl":4},"82":{"pts":1808,"lvl":1},"84":{"pts":8272,"lvl":3},"86":{"pts":3248,"lvl":2},"89":{"pts":62846,"lvl":5},"90":{"pts":4889,"lvl":2},"91":{"pts":892,"lvl":1},"92":{"pts":13161,"lvl":4},"96":{"pts":359,"lvl":1},"98":{"pts":494,"lvl":1},"99":{"pts":11680,"lvl":3},"101":{"pts":1126,"lvl":1},"102":{"pts":19605,"lvl":4},"103":{"pts":91869,"lvl":7},"104":{"pts":44396,"lvl":7},"105":{"pts":15907,"lvl":3},"106":{"pts":29943,"lvl":5},"107":{"pts":34346,"lvl":5},"110":{"pts":1018,"lvl":1},"111":{"pts":13595,"lvl":4},"112":{"pts":97284,"lvl":7},"113":{"pts":3225,"lvl":2},"114":{"pts":9442,"lvl":3},"115":{"pts":1273,"lvl":1},"117":{"pts":8721,"lvl":3},"119":{"pts":16914,"lvl":4},"120":{"pts":74239,"lvl":7},"121":{"pts":69508,"lvl":7},"122":{"pts":5030,"lvl":2},"126":{"pts":2115,"lvl":2},"127":{"pts":11635,"lvl":3},"131":{"pts":5965,"lvl":2},"134":{"pts":6434,"lvl":2},"136":{"pts":1821,"lvl":2},"142":{"pts":7649,"lvl":3},"154":{"pts":6522,"lvl":3},"157":{"pts":125,"lvl":1},"163":{"pts":3787,"lvl":2},"164":{"pts":1221,"lvl":1},"201":{"pts":1523,"lvl":1},"202":{"pts":4313,"lvl":2},"203":{"pts":1448,"lvl":1},"222":{"pts":3356,"lvl":2},"223":{"pts":7013,"lvl":3},"236":{"pts":1694,"lvl":1},"238":{"pts":39580,"lvl":6},"245":{"pts":39548,"lvl":6},"254":{"pts":49349,"lvl":5},"267":{"pts":4566,"lvl":2},"268":{"pts":20767,"lvl":3},"412":{"pts":34053,"lvl":6},"420":{"pts":2511,"lvl":2},"429":{"pts":24497,"lvl":6},"518":{"pts":4939,"lvl":2},"timestamp":1558555049945}