{"main":2,"accounts":[{"name":"Corki Player","server":"na1","id":"5K5lS0WJWVecLKdQBkC_b1fRNtZdUbG8uljzKogWBrV-","accountId":"mMWQbun8VcNH_bZ8cSiEKXKDw9C1upw9GPkCDT4WBpA","puuid":"d9N8Dwo-wWUOlIP2-8tfDoemmi7BDYGcy1RQus1_eR37W8QvGBb_AdKYijhMaXWHeHCwVBDGNpm3fA"},{"name":"Grandpa","server":"na1","id":"p5bIAtv_mO1bBRWkH0kdyOHE3vx0BR69RPL0jFZDmoRCaeY","accountId":"Fbfz4-9cekw53wngjizMgJSC9xV1cwa8nfDKnbqp18nV5QA","puuid":"7tzURcc2qB2keEdYZ27qpZqSPrmkXJIgsJGV9JzY7bp4mEWHQHXN3qAXWh43OTk3JvXtvJFKMrMRFw"},{"name":"was good in s5","server":"na1","id":"uPBWqgoBjUMDRKmsU0ronx__K9dqbGe6kY4IRrigUPcBEHQ","accountId":"aBrBGRhSsHOKbOoGKf_l60_n1aMkUES6UAZFXZtcc0yFlwE","puuid":"4ZjS9Oyymw5ZxqmwLKCD9dCDqecNRnxb0IKc_5NTlSyl2uNwa2uQyVFInXaLgCuRqRV95qvnUisQEg"}]}