{"1":{"pts":9418,"lvl":3},"4":{"pts":6606,"lvl":3},"5":{"pts":15526,"lvl":4},"6":{"pts":1490,"lvl":1},"7":{"pts":14339,"lvl":4},"8":{"pts":640,"lvl":1},"9":{"pts":1489,"lvl":1},"10":{"pts":309,"lvl":1},"11":{"pts":4683,"lvl":2},"12":{"pts":3356,"lvl":2},"13":{"pts":1282,"lvl":1},"14":{"pts":1980,"lvl":2},"15":{"pts":27027,"lvl":6},"16":{"pts":3843,"lvl":2},"17":{"pts":11496,"lvl":3},"18":{"pts":49468,"lvl":7},"19":{"pts":2337,"lvl":2},"21":{"pts":36487,"lvl":7},"22":{"pts":23767,"lvl":5},"23":{"pts":2048,"lvl":2},"24":{"pts":73339,"lvl":6},"25":{"pts":3053,"lvl":2},"26":{"pts":902,"lvl":1},"27":{"pts":1198,"lvl":1},"28":{"pts":15919,"lvl":4},"29":{"pts":34190,"lvl":6},"31":{"pts":5412,"lvl":2},"32":{"pts":1485,"lvl":1},"33":{"pts":4875,"lvl":2},"34":{"pts":207,"lvl":1},"35":{"pts":2477,"lvl":2},"36":{"pts":1077,"lvl":1},"37":{"pts":8303,"lvl":3},"38":{"pts":1726,"lvl":1},"39":{"pts":244273,"lvl":7},"41":{"pts":1568,"lvl":1},"42":{"pts":25510,"lvl":5},"43":{"pts":1065,"lvl":1},"44":{"pts":1655,"lvl":1},"45":{"pts":4862,"lvl":2},"48":{"pts":988,"lvl":1},"50":{"pts":263,"lvl":1},"51":{"pts":39713,"lvl":7},"53":{"pts":19669,"lvl":4},"54":{"pts":1731,"lvl":1},"55":{"pts":16852,"lvl":4},"58":{"pts":2071,"lvl":2},"59":{"pts":2338,"lvl":2},"61":{"pts":8618,"lvl":3},"62":{"pts":1519,"lvl":1},"63":{"pts":2423,"lvl":2},"64":{"pts":4474,"lvl":2},"67":{"pts":110594,"lvl":7},"69":{"pts":3752,"lvl":2},"72":{"pts":110,"lvl":1},"74":{"pts":568,"lvl":1},"75":{"pts":32670,"lvl":7},"76":{"pts":3877,"lvl":2},"77":{"pts":2831,"lvl":2},"78":{"pts":3722,"lvl":2},"79":{"pts":331,"lvl":1},"80":{"pts":980,"lvl":1},"81":{"pts":54386,"lvl":6},"84":{"pts":16395,"lvl":4},"85":{"pts":3584,"lvl":2},"86":{"pts":6660,"lvl":3},"89":{"pts":2034,"lvl":2},"90":{"pts":2317,"lvl":2},"91":{"pts":767,"lvl":1},"92":{"pts":22596,"lvl":5},"96":{"pts":16867,"lvl":4},"98":{"pts":1486,"lvl":1},"99":{"pts":9623,"lvl":3},"101":{"pts":8227,"lvl":3},"102":{"pts":14864,"lvl":4},"103":{"pts":143459,"lvl":7},"104":{"pts":931,"lvl":1},"105":{"pts":5581,"lvl":2},"107":{"pts":1781,"lvl":1},"110":{"pts":15480,"lvl":4},"111":{"pts":1836,"lvl":2},"114":{"pts":63994,"lvl":7},"115":{"pts":602,"lvl":1},"117":{"pts":19245,"lvl":4},"119":{"pts":53423,"lvl":7},"120":{"pts":1039,"lvl":1},"121":{"pts":5409,"lvl":2},"122":{"pts":6974,"lvl":3},"126":{"pts":741,"lvl":1},"127":{"pts":8543,"lvl":3},"131":{"pts":17571,"lvl":4},"133":{"pts":1611,"lvl":1},"134":{"pts":19649,"lvl":4},"136":{"pts":148,"lvl":1},"141":{"pts":17213,"lvl":4},"142":{"pts":8246,"lvl":3},"143":{"pts":763,"lvl":1},"145":{"pts":179188,"lvl":7},"150":{"pts":3065,"lvl":2},"157":{"pts":6752,"lvl":3},"161":{"pts":2392,"lvl":2},"163":{"pts":1840,"lvl":2},"164":{"pts":4187,"lvl":2},"201":{"pts":1074,"lvl":1},"202":{"pts":88533,"lvl":7},"203":{"pts":5624,"lvl":2},"222":{"pts":67382,"lvl":7},"223":{"pts":6302,"lvl":3},"236":{"pts":30921,"lvl":6},"238":{"pts":6407,"lvl":3},"240":{"pts":3154,"lvl":2},"245":{"pts":1441,"lvl":1},"254":{"pts":2013,"lvl":2},"267":{"pts":1821,"lvl":2},"268":{"pts":1932,"lvl":2},"412":{"pts":5155,"lvl":2},"420":{"pts":192,"lvl":1},"421":{"pts":1143,"lvl":1},"427":{"pts":205,"lvl":1},"429":{"pts":4322,"lvl":2},"432":{"pts":273,"lvl":1},"497":{"pts":5981,"lvl":2},"498":{"pts":305927,"lvl":7},"516":{"pts":904,"lvl":1},"518":{"pts":4933,"lvl":2},"555":{"pts":431,"lvl":1},"timestamp":1555903309559}