{"1":{"pts":25665,"lvl":5},"2":{"pts":2178,"lvl":2},"3":{"pts":21469,"lvl":4},"4":{"pts":5628,"lvl":2},"5":{"pts":37658,"lvl":6},"6":{"pts":24571,"lvl":5},"7":{"pts":19844,"lvl":4},"8":{"pts":31174,"lvl":5},"9":{"pts":1145,"lvl":1},"10":{"pts":43607,"lvl":6},"11":{"pts":30086,"lvl":5},"12":{"pts":646,"lvl":1},"13":{"pts":14927,"lvl":4},"14":{"pts":20738,"lvl":4},"15":{"pts":12935,"lvl":4},"16":{"pts":6511,"lvl":3},"17":{"pts":30979,"lvl":6},"18":{"pts":16797,"lvl":4},"19":{"pts":25842,"lvl":6},"20":{"pts":6022,"lvl":3},"21":{"pts":14106,"lvl":4},"22":{"pts":13186,"lvl":4},"23":{"pts":14292,"lvl":4},"24":{"pts":12952,"lvl":4},"25":{"pts":2380,"lvl":2},"26":{"pts":1090,"lvl":1},"27":{"pts":6006,"lvl":3},"28":{"pts":1023,"lvl":1},"29":{"pts":5007,"lvl":2},"30":{"pts":22944,"lvl":5},"31":{"pts":29637,"lvl":6},"32":{"pts":1838,"lvl":2},"33":{"pts":22321,"lvl":5},"34":{"pts":47127,"lvl":7},"35":{"pts":353,"lvl":1},"36":{"pts":10589,"lvl":3},"37":{"pts":12574,"lvl":3},"38":{"pts":33176,"lvl":5},"39":{"pts":20797,"lvl":4},"40":{"pts":286,"lvl":1},"41":{"pts":21357,"lvl":4},"42":{"pts":70907,"lvl":7},"43":{"pts":10136,"lvl":3},"44":{"pts":2045,"lvl":2},"45":{"pts":7774,"lvl":3},"48":{"pts":21295,"lvl":4},"50":{"pts":42190,"lvl":6},"51":{"pts":9939,"lvl":3},"53":{"pts":1656,"lvl":1},"54":{"pts":19365,"lvl":4},"55":{"pts":2846,"lvl":2},"56":{"pts":1011,"lvl":1},"57":{"pts":16884,"lvl":4},"58":{"pts":1215,"lvl":1},"59":{"pts":4413,"lvl":2},"60":{"pts":4355,"lvl":2},"61":{"pts":3204,"lvl":2},"62":{"pts":1050,"lvl":1},"63":{"pts":6716,"lvl":3},"64":{"pts":6321,"lvl":3},"67":{"pts":32368,"lvl":5},"68":{"pts":105241,"lvl":7},"69":{"pts":943,"lvl":1},"72":{"pts":16861,"lvl":4},"74":{"pts":4818,"lvl":2},"75":{"pts":36325,"lvl":6},"76":{"pts":18633,"lvl":4},"77":{"pts":11828,"lvl":3},"78":{"pts":20654,"lvl":4},"79":{"pts":130,"lvl":1},"80":{"pts":15262,"lvl":4},"81":{"pts":14502,"lvl":4},"82":{"pts":21804,"lvl":5},"83":{"pts":19731,"lvl":4},"84":{"pts":5684,"lvl":2},"85":{"pts":431,"lvl":1},"86":{"pts":15062,"lvl":4},"89":{"pts":8127,"lvl":3},"90":{"pts":37233,"lvl":5},"91":{"pts":10896,"lvl":3},"92":{"pts":43460,"lvl":5},"96":{"pts":5375,"lvl":2},"98":{"pts":9540,"lvl":3},"99":{"pts":28869,"lvl":6},"101":{"pts":17156,"lvl":4},"102":{"pts":56445,"lvl":6},"103":{"pts":44593,"lvl":5},"104":{"pts":35443,"lvl":6},"105":{"pts":19251,"lvl":4},"106":{"pts":918,"lvl":1},"107":{"pts":12340,"lvl":3},"110":{"pts":42368,"lvl":5},"111":{"pts":2886,"lvl":2},"112":{"pts":82624,"lvl":7},"113":{"pts":16303,"lvl":4},"114":{"pts":87338,"lvl":7},"115":{"pts":6158,"lvl":3},"119":{"pts":155,"lvl":1},"120":{"pts":45793,"lvl":6},"121":{"pts":26520,"lvl":5},"122":{"pts":18138,"lvl":4},"126":{"pts":16983,"lvl":4},"127":{"pts":24997,"lvl":5},"131":{"pts":7888,"lvl":3},"133":{"pts":7572,"lvl":3},"134":{"pts":24059,"lvl":5},"136":{"pts":29889,"lvl":6},"141":{"pts":40295,"lvl":6},"142":{"pts":2962,"lvl":2},"143":{"pts":3245,"lvl":2},"145":{"pts":5463,"lvl":2},"150":{"pts":16778,"lvl":4},"154":{"pts":1024,"lvl":1},"157":{"pts":58283,"lvl":5},"161":{"pts":5659,"lvl":2},"163":{"pts":63316,"lvl":7},"164":{"pts":8119,"lvl":3},"201":{"pts":167,"lvl":1},"202":{"pts":4833,"lvl":2},"203":{"pts":9148,"lvl":3},"222":{"pts":1283,"lvl":1},"223":{"pts":247,"lvl":1},"236":{"pts":574,"lvl":1},"238":{"pts":3570,"lvl":2},"245":{"pts":20822,"lvl":4},"254":{"pts":20556,"lvl":4},"266":{"pts":30741,"lvl":5},"267":{"pts":110,"lvl":1},"268":{"pts":66992,"lvl":7},"350":{"pts":1171,"lvl":1},"412":{"pts":623,"lvl":1},"420":{"pts":4451,"lvl":2},"421":{"pts":14436,"lvl":4},"429":{"pts":300,"lvl":1},"432":{"pts":4521,"lvl":2},"498":{"pts":9362,"lvl":3},"516":{"pts":47048,"lvl":7},"518":{"pts":172,"lvl":1},"555":{"pts":304,"lvl":1},"timestamp":1558555052438}