{"1":{"pts":1759,"lvl":1},"3":{"pts":11796,"lvl":3},"4":{"pts":22743,"lvl":5},"5":{"pts":1584,"lvl":1},"6":{"pts":667,"lvl":1},"7":{"pts":6152,"lvl":3},"9":{"pts":13485,"lvl":4},"10":{"pts":2320,"lvl":2},"11":{"pts":5489,"lvl":2},"12":{"pts":14451,"lvl":4},"13":{"pts":21057,"lvl":4},"14":{"pts":209,"lvl":1},"15":{"pts":984,"lvl":1},"16":{"pts":2178,"lvl":2},"17":{"pts":25808,"lvl":5},"18":{"pts":4118,"lvl":2},"19":{"pts":84101,"lvl":7},"20":{"pts":3749,"lvl":2},"21":{"pts":4110,"lvl":2},"22":{"pts":8682,"lvl":3},"23":{"pts":2710,"lvl":2},"24":{"pts":6836,"lvl":3},"25":{"pts":2227,"lvl":2},"26":{"pts":137,"lvl":1},"27":{"pts":1091,"lvl":1},"28":{"pts":33640,"lvl":5},"29":{"pts":32417,"lvl":5},"30":{"pts":2300,"lvl":2},"31":{"pts":12976,"lvl":4},"32":{"pts":8434,"lvl":3},"33":{"pts":12456,"lvl":3},"34":{"pts":4198,"lvl":2},"35":{"pts":29001,"lvl":5},"37":{"pts":10760,"lvl":3},"38":{"pts":11409,"lvl":3},"39":{"pts":7962,"lvl":3},"40":{"pts":2232,"lvl":2},"41":{"pts":18863,"lvl":4},"43":{"pts":456,"lvl":1},"44":{"pts":741,"lvl":1},"45":{"pts":13573,"lvl":4},"48":{"pts":7791,"lvl":3},"51":{"pts":115,"lvl":1},"53":{"pts":5552,"lvl":2},"54":{"pts":182,"lvl":1},"55":{"pts":18582,"lvl":4},"56":{"pts":51672,"lvl":7},"57":{"pts":1980,"lvl":2},"58":{"pts":836,"lvl":1},"60":{"pts":20708,"lvl":4},"63":{"pts":4453,"lvl":2},"64":{"pts":46633,"lvl":6},"67":{"pts":3934,"lvl":2},"72":{"pts":220,"lvl":1},"75":{"pts":3475,"lvl":2},"76":{"pts":8018,"lvl":3},"77":{"pts":6801,"lvl":3},"78":{"pts":10972,"lvl":3},"79":{"pts":11661,"lvl":3},"80":{"pts":3333,"lvl":2},"81":{"pts":15375,"lvl":4},"82":{"pts":1108,"lvl":1},"84":{"pts":17846,"lvl":4},"85":{"pts":8487,"lvl":3},"86":{"pts":925,"lvl":1},"90":{"pts":6493,"lvl":3},"91":{"pts":9670,"lvl":3},"92":{"pts":150,"lvl":1},"96":{"pts":1083,"lvl":1},"98":{"pts":22473,"lvl":5},"99":{"pts":13251,"lvl":4},"102":{"pts":17669,"lvl":4},"103":{"pts":2129,"lvl":2},"104":{"pts":45541,"lvl":5},"105":{"pts":20862,"lvl":4},"107":{"pts":25639,"lvl":5},"110":{"pts":909,"lvl":1},"111":{"pts":898,"lvl":1},"113":{"pts":765,"lvl":1},"114":{"pts":10847,"lvl":3},"115":{"pts":1114,"lvl":1},"117":{"pts":1154,"lvl":1},"119":{"pts":28727,"lvl":6},"120":{"pts":5699,"lvl":2},"121":{"pts":82419,"lvl":7},"122":{"pts":645,"lvl":1},"131":{"pts":10209,"lvl":3},"134":{"pts":765,"lvl":1},"136":{"pts":3986,"lvl":2},"141":{"pts":15071,"lvl":4},"142":{"pts":1779,"lvl":1},"145":{"pts":8294,"lvl":3},"150":{"pts":2763,"lvl":2},"154":{"pts":2019,"lvl":2},"157":{"pts":26491,"lvl":5},"161":{"pts":14111,"lvl":4},"163":{"pts":3973,"lvl":2},"164":{"pts":1088,"lvl":1},"202":{"pts":51719,"lvl":5},"203":{"pts":15917,"lvl":4},"222":{"pts":2233,"lvl":2},"223":{"pts":239,"lvl":1},"236":{"pts":13479,"lvl":4},"238":{"pts":78558,"lvl":7},"240":{"pts":8458,"lvl":3},"245":{"pts":151,"lvl":1},"254":{"pts":9730,"lvl":3},"266":{"pts":23933,"lvl":5},"268":{"pts":6207,"lvl":3},"412":{"pts":14799,"lvl":4},"421":{"pts":23356,"lvl":5},"427":{"pts":1845,"lvl":2},"429":{"pts":4412,"lvl":2},"432":{"pts":1033,"lvl":1},"497":{"pts":20199,"lvl":4},"498":{"pts":1117,"lvl":1},"516":{"pts":2840,"lvl":2},"518":{"pts":4370,"lvl":2},"555":{"pts":19779,"lvl":4},"timestamp":1555903310125}