{"1":{"pts":6203,"lvl":2},"2":{"pts":11788,"lvl":3},"3":{"pts":244,"lvl":1},"4":{"pts":5376,"lvl":2},"5":{"pts":762,"lvl":1},"6":{"pts":3029,"lvl":2},"7":{"pts":15366,"lvl":4},"8":{"pts":29671,"lvl":5},"9":{"pts":718,"lvl":1},"10":{"pts":1362,"lvl":1},"11":{"pts":8081,"lvl":3},"13":{"pts":18260,"lvl":3},"14":{"pts":19695,"lvl":4},"15":{"pts":25628,"lvl":4},"16":{"pts":11263,"lvl":3},"17":{"pts":1248,"lvl":1},"18":{"pts":55081,"lvl":5},"19":{"pts":6936,"lvl":2},"20":{"pts":2541,"lvl":2},"21":{"pts":17085,"lvl":3},"22":{"pts":15762,"lvl":4},"23":{"pts":12217,"lvl":3},"24":{"pts":36145,"lvl":5},"25":{"pts":7011,"lvl":2},"27":{"pts":6312,"lvl":2},"28":{"pts":10071,"lvl":3},"29":{"pts":23332,"lvl":4},"30":{"pts":4040,"lvl":2},"31":{"pts":1661,"lvl":1},"32":{"pts":117,"lvl":1},"33":{"pts":112,"lvl":1},"34":{"pts":133,"lvl":1},"35":{"pts":3780,"lvl":2},"36":{"pts":2496,"lvl":2},"37":{"pts":1713,"lvl":1},"38":{"pts":4890,"lvl":2},"39":{"pts":6212,"lvl":2},"40":{"pts":51863,"lvl":5},"41":{"pts":15707,"lvl":4},"42":{"pts":243612,"lvl":7},"43":{"pts":42499,"lvl":5},"44":{"pts":77083,"lvl":5},"45":{"pts":2680,"lvl":2},"48":{"pts":3421,"lvl":2},"50":{"pts":24490,"lvl":4},"51":{"pts":33466,"lvl":6},"53":{"pts":183,"lvl":1},"54":{"pts":898,"lvl":1},"55":{"pts":1140,"lvl":1},"57":{"pts":3855,"lvl":2},"58":{"pts":3852,"lvl":2},"59":{"pts":705,"lvl":1},"60":{"pts":1806,"lvl":1},"61":{"pts":9306,"lvl":3},"62":{"pts":2298,"lvl":2},"63":{"pts":2586,"lvl":2},"64":{"pts":12920,"lvl":3},"67":{"pts":64824,"lvl":5},"68":{"pts":3245,"lvl":2},"69":{"pts":7694,"lvl":3},"72":{"pts":891,"lvl":1},"74":{"pts":108,"lvl":1},"75":{"pts":8768,"lvl":3},"76":{"pts":3857,"lvl":2},"77":{"pts":268,"lvl":1},"78":{"pts":12688,"lvl":3},"79":{"pts":28583,"lvl":5},"80":{"pts":112,"lvl":1},"81":{"pts":13146,"lvl":3},"83":{"pts":653,"lvl":1},"84":{"pts":2301,"lvl":2},"85":{"pts":1107,"lvl":1},"86":{"pts":4766,"lvl":2},"89":{"pts":9801,"lvl":3},"91":{"pts":1787,"lvl":1},"92":{"pts":8501,"lvl":2},"96":{"pts":26825,"lvl":5},"98":{"pts":13043,"lvl":3},"99":{"pts":2676,"lvl":2},"101":{"pts":472,"lvl":1},"102":{"pts":157,"lvl":1},"103":{"pts":5537,"lvl":2},"104":{"pts":130007,"lvl":7},"105":{"pts":607,"lvl":1},"106":{"pts":788,"lvl":1},"107":{"pts":2005,"lvl":1},"110":{"pts":46188,"lvl":5},"111":{"pts":99,"lvl":1},"112":{"pts":4672,"lvl":2},"113":{"pts":50260,"lvl":5},"114":{"pts":11790,"lvl":3},"115":{"pts":605,"lvl":1},"117":{"pts":7946,"lvl":2},"119":{"pts":76250,"lvl":6},"121":{"pts":22145,"lvl":5},"122":{"pts":765,"lvl":1},"126":{"pts":485,"lvl":1},"127":{"pts":910,"lvl":1},"131":{"pts":2108,"lvl":2},"133":{"pts":747,"lvl":1},"134":{"pts":9055,"lvl":3},"136":{"pts":1205,"lvl":1},"141":{"pts":5780,"lvl":2},"145":{"pts":44467,"lvl":6},"150":{"pts":2955,"lvl":2},"154":{"pts":2427,"lvl":2},"157":{"pts":8630,"lvl":3},"161":{"pts":276,"lvl":1},"163":{"pts":5201,"lvl":2},"164":{"pts":1988,"lvl":2},"201":{"pts":20257,"lvl":3},"202":{"pts":75908,"lvl":6},"203":{"pts":968,"lvl":1},"222":{"pts":36919,"lvl":5},"223":{"pts":1580,"lvl":1},"236":{"pts":100823,"lvl":6},"238":{"pts":19105,"lvl":4},"240":{"pts":680,"lvl":1},"245":{"pts":2733,"lvl":1},"254":{"pts":12090,"lvl":3},"266":{"pts":1204,"lvl":1},"267":{"pts":609,"lvl":1},"268":{"pts":2032,"lvl":1},"350":{"pts":286,"lvl":1},"412":{"pts":37522,"lvl":5},"420":{"pts":806,"lvl":1},"421":{"pts":380,"lvl":1},"427":{"pts":183,"lvl":1},"429":{"pts":23793,"lvl":4},"432":{"pts":3825,"lvl":2},"497":{"pts":3673,"lvl":2},"498":{"pts":21779,"lvl":4},"516":{"pts":3353,"lvl":2},"517":{"pts":857,"lvl":1},"555":{"pts":1541,"lvl":1},"timestamp":1558555052318}