{"main":0,"accounts":[{"name":"pesusieni12","server":"euw1","id":"EKd7GkUbd6AZu1jcjlJyPUXOI0VfIduVo7psdWRds73ggqA","accountId":"J5C92_lUTxlizAdkW4X9MqtgFhWY-TzrcV-Z1zyHqm4sTRo","puuid":"dYCHUaX5M8tmCQgtgwP4s0L-rFESSv7sPwCrvgP07ZAuoL-VH-e7lw4BpD8wL0PIDrIa7j4ZS2EWbw"},{"name":"Lepakkomiess","server":"eun1","id":"-hvT75uTbwcn0AXuFqA71zr51BaODTDztb9hcJsnoZap-eI","accountId":"8pOOTe9oEtqPds7fgHDNC6Ur8ROAs5hQpXaW96VxYxDMTrE","puuid":"nFPUYp_kzXPmqGI7MB75RjaALlxqtm_Z-lTut13Z0SOd7QhACv-rcbzTNlyqUzS_GB-kctbZyWhWwg"}]}