{"1":{"pts":11746,"lvl":3},"2":{"pts":9906,"lvl":3},"3":{"pts":4991,"lvl":2},"4":{"pts":33090,"lvl":5},"5":{"pts":34410,"lvl":5},"6":{"pts":7478,"lvl":3},"7":{"pts":77790,"lvl":6},"8":{"pts":35090,"lvl":5},"9":{"pts":11126,"lvl":3},"10":{"pts":13820,"lvl":4},"11":{"pts":24367,"lvl":5},"12":{"pts":23206,"lvl":5},"13":{"pts":39541,"lvl":5},"14":{"pts":15114,"lvl":4},"15":{"pts":41389,"lvl":6},"16":{"pts":2204,"lvl":2},"17":{"pts":12301,"lvl":3},"18":{"pts":140103,"lvl":7},"19":{"pts":14904,"lvl":4},"20":{"pts":18693,"lvl":4},"21":{"pts":26099,"lvl":5},"22":{"pts":55329,"lvl":5},"23":{"pts":5976,"lvl":2},"24":{"pts":78045,"lvl":6},"25":{"pts":26146,"lvl":5},"26":{"pts":7177,"lvl":3},"27":{"pts":2930,"lvl":2},"28":{"pts":25659,"lvl":5},"29":{"pts":53909,"lvl":6},"30":{"pts":4607,"lvl":2},"31":{"pts":7574,"lvl":3},"32":{"pts":506,"lvl":1},"33":{"pts":13097,"lvl":4},"34":{"pts":15745,"lvl":4},"35":{"pts":12229,"lvl":3},"36":{"pts":8831,"lvl":3},"37":{"pts":9724,"lvl":3},"38":{"pts":58838,"lvl":5},"39":{"pts":31425,"lvl":5},"40":{"pts":9685,"lvl":3},"41":{"pts":35365,"lvl":5},"42":{"pts":97099,"lvl":7},"43":{"pts":11415,"lvl":3},"44":{"pts":6088,"lvl":3},"45":{"pts":8437,"lvl":3},"48":{"pts":9315,"lvl":3},"50":{"pts":31254,"lvl":5},"51":{"pts":77805,"lvl":6},"53":{"pts":3250,"lvl":2},"54":{"pts":10067,"lvl":3},"55":{"pts":38412,"lvl":5},"56":{"pts":3511,"lvl":2},"57":{"pts":20161,"lvl":4},"58":{"pts":9679,"lvl":3},"59":{"pts":43534,"lvl":5},"60":{"pts":44136,"lvl":6},"61":{"pts":102942,"lvl":6},"62":{"pts":9193,"lvl":3},"63":{"pts":48705,"lvl":5},"64":{"pts":137259,"lvl":6},"67":{"pts":119278,"lvl":5},"68":{"pts":21973,"lvl":5},"69":{"pts":40140,"lvl":5},"72":{"pts":5241,"lvl":2},"74":{"pts":6972,"lvl":3},"75":{"pts":6012,"lvl":3},"76":{"pts":89834,"lvl":6},"77":{"pts":18622,"lvl":4},"78":{"pts":28385,"lvl":5},"79":{"pts":23761,"lvl":5},"80":{"pts":5219,"lvl":2},"81":{"pts":118629,"lvl":5},"82":{"pts":9221,"lvl":3},"83":{"pts":4854,"lvl":2},"84":{"pts":23869,"lvl":5},"85":{"pts":51229,"lvl":6},"86":{"pts":8884,"lvl":3},"89":{"pts":30726,"lvl":5},"90":{"pts":7226,"lvl":3},"91":{"pts":32170,"lvl":5},"92":{"pts":41724,"lvl":5},"96":{"pts":62702,"lvl":5},"98":{"pts":15466,"lvl":4},"99":{"pts":18133,"lvl":4},"101":{"pts":11589,"lvl":3},"102":{"pts":15355,"lvl":4},"103":{"pts":154134,"lvl":7},"104":{"pts":40148,"lvl":5},"105":{"pts":38704,"lvl":5},"106":{"pts":3888,"lvl":2},"107":{"pts":83580,"lvl":5},"110":{"pts":84257,"lvl":6},"111":{"pts":1967,"lvl":2},"112":{"pts":13051,"lvl":4},"113":{"pts":15291,"lvl":4},"114":{"pts":23702,"lvl":5},"115":{"pts":10366,"lvl":3},"117":{"pts":9218,"lvl":3},"119":{"pts":25713,"lvl":5},"120":{"pts":3914,"lvl":2},"121":{"pts":22891,"lvl":5},"122":{"pts":28588,"lvl":5},"126":{"pts":17589,"lvl":4},"127":{"pts":13468,"lvl":4},"131":{"pts":21789,"lvl":5},"133":{"pts":40315,"lvl":5},"134":{"pts":33946,"lvl":5},"136":{"pts":3049,"lvl":2},"141":{"pts":28849,"lvl":5},"142":{"pts":50188,"lvl":6},"143":{"pts":16105,"lvl":4},"145":{"pts":16484,"lvl":4},"150":{"pts":5333,"lvl":2},"154":{"pts":18993,"lvl":4},"157":{"pts":83500,"lvl":5},"161":{"pts":14140,"lvl":4},"163":{"pts":13484,"lvl":4},"164":{"pts":9918,"lvl":3},"201":{"pts":4837,"lvl":2},"202":{"pts":41605,"lvl":5},"203":{"pts":28673,"lvl":5},"222":{"pts":76556,"lvl":5},"223":{"pts":7076,"lvl":3},"236":{"pts":250106,"lvl":7},"238":{"pts":45376,"lvl":5},"240":{"pts":5787,"lvl":2},"245":{"pts":20684,"lvl":4},"254":{"pts":8143,"lvl":3},"266":{"pts":4239,"lvl":2},"267":{"pts":1046,"lvl":1},"268":{"pts":25939,"lvl":5},"412":{"pts":17193,"lvl":4},"420":{"pts":5095,"lvl":2},"421":{"pts":16507,"lvl":4},"427":{"pts":1188,"lvl":1},"429":{"pts":64902,"lvl":5},"432":{"pts":34393,"lvl":5},"497":{"pts":12743,"lvl":4},"498":{"pts":57663,"lvl":6},"516":{"pts":8011,"lvl":3},"517":{"pts":3343,"lvl":2},"518":{"pts":6855,"lvl":3},"555":{"pts":10445,"lvl":3},"timestamp":1558555050132}