{"1":{"pts":48874,"lvl":6},"2":{"pts":45065,"lvl":7},"3":{"pts":34685,"lvl":6},"4":{"pts":133635,"lvl":7},"5":{"pts":12513,"lvl":3},"6":{"pts":18731,"lvl":4},"7":{"pts":38758,"lvl":6},"8":{"pts":46275,"lvl":7},"9":{"pts":63108,"lvl":7},"10":{"pts":57038,"lvl":7},"11":{"pts":44367,"lvl":5},"12":{"pts":59166,"lvl":7},"13":{"pts":190901,"lvl":7},"14":{"pts":27842,"lvl":5},"15":{"pts":53910,"lvl":7},"16":{"pts":42671,"lvl":7},"17":{"pts":93187,"lvl":7},"18":{"pts":73872,"lvl":7},"19":{"pts":25791,"lvl":6},"20":{"pts":42281,"lvl":7},"21":{"pts":68524,"lvl":7},"22":{"pts":84670,"lvl":7},"23":{"pts":50905,"lvl":7},"24":{"pts":55715,"lvl":7},"25":{"pts":20347,"lvl":4},"26":{"pts":30745,"lvl":5},"27":{"pts":19956,"lvl":4},"28":{"pts":28149,"lvl":5},"29":{"pts":26408,"lvl":5},"30":{"pts":58379,"lvl":7},"31":{"pts":37014,"lvl":5},"32":{"pts":43717,"lvl":5},"33":{"pts":15557,"lvl":4},"34":{"pts":84467,"lvl":7},"35":{"pts":25627,"lvl":5},"36":{"pts":25962,"lvl":5},"37":{"pts":31343,"lvl":6},"38":{"pts":58685,"lvl":7},"39":{"pts":41564,"lvl":5},"40":{"pts":29472,"lvl":5},"41":{"pts":75920,"lvl":7},"42":{"pts":139229,"lvl":7},"43":{"pts":29242,"lvl":5},"44":{"pts":8653,"lvl":3},"45":{"pts":197446,"lvl":7},"48":{"pts":28411,"lvl":5},"50":{"pts":48534,"lvl":5},"51":{"pts":37503,"lvl":5},"53":{"pts":109845,"lvl":7},"54":{"pts":37118,"lvl":7},"55":{"pts":60404,"lvl":7},"56":{"pts":18350,"lvl":4},"57":{"pts":59686,"lvl":6},"58":{"pts":59457,"lvl":6},"59":{"pts":25312,"lvl":5},"60":{"pts":51009,"lvl":6},"61":{"pts":106168,"lvl":7},"62":{"pts":23537,"lvl":5},"63":{"pts":37832,"lvl":5},"64":{"pts":70892,"lvl":7},"67":{"pts":52554,"lvl":6},"68":{"pts":129943,"lvl":7},"69":{"pts":43272,"lvl":5},"72":{"pts":27090,"lvl":5},"74":{"pts":50972,"lvl":5},"75":{"pts":27819,"lvl":5},"76":{"pts":93885,"lvl":7},"77":{"pts":24947,"lvl":5},"78":{"pts":70141,"lvl":7},"79":{"pts":63429,"lvl":7},"80":{"pts":31704,"lvl":5},"81":{"pts":70740,"lvl":7},"82":{"pts":14538,"lvl":4},"83":{"pts":7071,"lvl":3},"84":{"pts":62558,"lvl":7},"85":{"pts":104467,"lvl":7},"86":{"pts":30258,"lvl":5},"89":{"pts":23621,"lvl":5},"90":{"pts":46779,"lvl":7},"91":{"pts":11706,"lvl":3},"92":{"pts":61463,"lvl":6},"96":{"pts":43200,"lvl":5},"98":{"pts":33540,"lvl":6},"99":{"pts":75946,"lvl":7},"101":{"pts":23181,"lvl":5},"102":{"pts":58789,"lvl":7},"103":{"pts":59465,"lvl":7},"104":{"pts":36479,"lvl":6},"105":{"pts":42548,"lvl":6},"106":{"pts":7517,"lvl":3},"107":{"pts":36728,"lvl":5},"110":{"pts":65119,"lvl":7},"111":{"pts":39995,"lvl":6},"112":{"pts":65546,"lvl":7},"113":{"pts":14752,"lvl":4},"114":{"pts":34439,"lvl":5},"115":{"pts":56965,"lvl":7},"117":{"pts":62434,"lvl":7},"119":{"pts":33440,"lvl":5},"120":{"pts":42483,"lvl":6},"121":{"pts":44158,"lvl":6},"122":{"pts":25747,"lvl":5},"126":{"pts":33580,"lvl":7},"127":{"pts":19028,"lvl":4},"131":{"pts":64480,"lvl":7},"133":{"pts":105119,"lvl":7},"134":{"pts":83073,"lvl":5},"136":{"pts":62987,"lvl":7},"141":{"pts":18902,"lvl":4},"142":{"pts":38777,"lvl":7},"143":{"pts":18103,"lvl":4},"145":{"pts":17909,"lvl":4},"150":{"pts":59318,"lvl":5},"154":{"pts":17818,"lvl":4},"157":{"pts":52052,"lvl":6},"161":{"pts":55297,"lvl":7},"163":{"pts":82593,"lvl":7},"164":{"pts":39189,"lvl":7},"201":{"pts":25428,"lvl":5},"202":{"pts":40425,"lvl":6},"203":{"pts":39056,"lvl":6},"222":{"pts":23523,"lvl":5},"223":{"pts":15878,"lvl":4},"236":{"pts":58248,"lvl":7},"238":{"pts":19857,"lvl":4},"240":{"pts":24971,"lvl":5},"245":{"pts":98247,"lvl":7},"254":{"pts":20133,"lvl":4},"266":{"pts":22616,"lvl":5},"267":{"pts":19726,"lvl":4},"268":{"pts":46178,"lvl":6},"350":{"pts":287,"lvl":1},"412":{"pts":35570,"lvl":5},"420":{"pts":42610,"lvl":5},"421":{"pts":30472,"lvl":5},"427":{"pts":16130,"lvl":4},"429":{"pts":32932,"lvl":6},"432":{"pts":90470,"lvl":7},"497":{"pts":27105,"lvl":5},"498":{"pts":62292,"lvl":7},"516":{"pts":31056,"lvl":5},"517":{"pts":5607,"lvl":2},"518":{"pts":31189,"lvl":5},"555":{"pts":8588,"lvl":3},"timestamp":1558555049785}