{"1":{"pts":3253,"lvl":2},"2":{"pts":23098,"lvl":5},"3":{"pts":1584,"lvl":1},"4":{"pts":6358,"lvl":3},"5":{"pts":4405,"lvl":2},"7":{"pts":37473,"lvl":6},"8":{"pts":304,"lvl":1},"9":{"pts":111,"lvl":1},"10":{"pts":4450,"lvl":2},"11":{"pts":11953,"lvl":3},"12":{"pts":14563,"lvl":4},"13":{"pts":1036,"lvl":1},"14":{"pts":829,"lvl":1},"15":{"pts":14080,"lvl":4},"16":{"pts":1907,"lvl":2},"18":{"pts":29660,"lvl":5},"19":{"pts":757,"lvl":1},"20":{"pts":7181,"lvl":3},"21":{"pts":31142,"lvl":5},"22":{"pts":5652,"lvl":2},"23":{"pts":3166,"lvl":2},"24":{"pts":847,"lvl":1},"25":{"pts":57091,"lvl":5},"26":{"pts":206,"lvl":1},"27":{"pts":27380,"lvl":5},"28":{"pts":285,"lvl":1},"29":{"pts":24658,"lvl":5},"30":{"pts":1620,"lvl":1},"31":{"pts":8154,"lvl":3},"32":{"pts":854,"lvl":1},"33":{"pts":2224,"lvl":2},"34":{"pts":15877,"lvl":4},"35":{"pts":1122,"lvl":1},"36":{"pts":1406,"lvl":1},"38":{"pts":1333,"lvl":1},"39":{"pts":128252,"lvl":7},"40":{"pts":14397,"lvl":4},"41":{"pts":5106,"lvl":2},"42":{"pts":164317,"lvl":6},"43":{"pts":3226,"lvl":2},"44":{"pts":1057,"lvl":1},"45":{"pts":14624,"lvl":4},"51":{"pts":10995,"lvl":3},"53":{"pts":10220,"lvl":3},"54":{"pts":94,"lvl":1},"55":{"pts":12909,"lvl":4},"56":{"pts":1570,"lvl":1},"57":{"pts":917,"lvl":1},"58":{"pts":1097,"lvl":1},"59":{"pts":1297,"lvl":1},"61":{"pts":5118,"lvl":2},"63":{"pts":2483,"lvl":2},"64":{"pts":3259,"lvl":2},"67":{"pts":46908,"lvl":6},"68":{"pts":879,"lvl":1},"69":{"pts":13414,"lvl":4},"76":{"pts":6228,"lvl":3},"77":{"pts":660,"lvl":1},"78":{"pts":721,"lvl":1},"79":{"pts":235,"lvl":1},"81":{"pts":10437,"lvl":3},"82":{"pts":145,"lvl":1},"83":{"pts":26090,"lvl":5},"84":{"pts":48073,"lvl":5},"85":{"pts":60153,"lvl":5},"86":{"pts":5656,"lvl":2},"89":{"pts":3110,"lvl":2},"90":{"pts":5987,"lvl":2},"92":{"pts":20505,"lvl":4},"96":{"pts":15914,"lvl":4},"98":{"pts":1042,"lvl":1},"99":{"pts":1107,"lvl":1},"101":{"pts":578,"lvl":1},"102":{"pts":883,"lvl":1},"103":{"pts":264726,"lvl":7},"104":{"pts":1433,"lvl":1},"107":{"pts":1244,"lvl":1},"110":{"pts":20119,"lvl":4},"111":{"pts":130,"lvl":1},"112":{"pts":697,"lvl":1},"114":{"pts":4485,"lvl":2},"115":{"pts":204,"lvl":1},"117":{"pts":796,"lvl":1},"119":{"pts":4247,"lvl":2},"121":{"pts":136,"lvl":1},"122":{"pts":169,"lvl":1},"126":{"pts":639,"lvl":1},"131":{"pts":3452,"lvl":2},"133":{"pts":231,"lvl":1},"134":{"pts":10680,"lvl":3},"136":{"pts":811,"lvl":1},"141":{"pts":111,"lvl":1},"143":{"pts":240,"lvl":1},"145":{"pts":6380,"lvl":3},"150":{"pts":1560,"lvl":1},"154":{"pts":754,"lvl":1},"157":{"pts":17100,"lvl":4},"161":{"pts":4790,"lvl":2},"163":{"pts":433,"lvl":1},"164":{"pts":3462,"lvl":2},"201":{"pts":5067,"lvl":2},"202":{"pts":8839,"lvl":3},"203":{"pts":955,"lvl":1},"222":{"pts":11153,"lvl":3},"223":{"pts":2748,"lvl":2},"236":{"pts":41460,"lvl":5},"238":{"pts":2645,"lvl":2},"240":{"pts":653,"lvl":1},"245":{"pts":40189,"lvl":5},"267":{"pts":194,"lvl":1},"268":{"pts":706,"lvl":1},"412":{"pts":622,"lvl":1},"429":{"pts":40445,"lvl":5},"432":{"pts":8029,"lvl":3},"497":{"pts":7225,"lvl":3},"498":{"pts":30833,"lvl":5},"555":{"pts":2183,"lvl":2},"timestamp":1558555052323}