{"1":{"pts":6878,"lvl":3},"2":{"pts":973,"lvl":1},"3":{"pts":655,"lvl":1},"4":{"pts":3692,"lvl":2},"5":{"pts":35797,"lvl":5},"6":{"pts":2516,"lvl":2},"7":{"pts":1866,"lvl":2},"8":{"pts":740,"lvl":1},"9":{"pts":1681,"lvl":1},"10":{"pts":5695,"lvl":2},"11":{"pts":4391,"lvl":2},"12":{"pts":281,"lvl":1},"13":{"pts":9239,"lvl":3},"14":{"pts":4921,"lvl":2},"15":{"pts":27700,"lvl":5},"16":{"pts":51750,"lvl":7},"17":{"pts":11386,"lvl":3},"18":{"pts":12082,"lvl":3},"19":{"pts":22268,"lvl":5},"20":{"pts":5656,"lvl":2},"21":{"pts":1244,"lvl":1},"22":{"pts":13364,"lvl":4},"23":{"pts":1663,"lvl":1},"24":{"pts":7282,"lvl":3},"25":{"pts":2644,"lvl":2},"26":{"pts":1159,"lvl":1},"27":{"pts":8908,"lvl":3},"28":{"pts":125,"lvl":1},"29":{"pts":6055,"lvl":3},"30":{"pts":14130,"lvl":4},"31":{"pts":950,"lvl":1},"32":{"pts":6659,"lvl":3},"34":{"pts":45662,"lvl":6},"35":{"pts":255,"lvl":1},"36":{"pts":905,"lvl":1},"37":{"pts":4244,"lvl":2},"38":{"pts":995,"lvl":1},"39":{"pts":2015,"lvl":2},"40":{"pts":213975,"lvl":7},"41":{"pts":1027,"lvl":1},"42":{"pts":475522,"lvl":7},"43":{"pts":889,"lvl":1},"44":{"pts":1900,"lvl":2},"45":{"pts":29453,"lvl":5},"50":{"pts":602,"lvl":1},"51":{"pts":16424,"lvl":4},"53":{"pts":11411,"lvl":3},"55":{"pts":7925,"lvl":3},"58":{"pts":6510,"lvl":3},"61":{"pts":1273,"lvl":1},"62":{"pts":1264,"lvl":1},"63":{"pts":1555,"lvl":1},"64":{"pts":1241,"lvl":1},"67":{"pts":17145,"lvl":4},"68":{"pts":91,"lvl":1},"69":{"pts":306,"lvl":1},"74":{"pts":7542,"lvl":3},"75":{"pts":85874,"lvl":6},"76":{"pts":977,"lvl":1},"77":{"pts":780,"lvl":1},"78":{"pts":2854,"lvl":2},"79":{"pts":2226,"lvl":2},"80":{"pts":97,"lvl":1},"81":{"pts":5199,"lvl":2},"82":{"pts":125,"lvl":1},"84":{"pts":7357,"lvl":3},"85":{"pts":220,"lvl":1},"86":{"pts":21916,"lvl":5},"89":{"pts":1416,"lvl":1},"90":{"pts":5786,"lvl":2},"91":{"pts":38421,"lvl":5},"92":{"pts":24937,"lvl":5},"96":{"pts":7365,"lvl":3},"99":{"pts":1257,"lvl":1},"101":{"pts":5065,"lvl":2},"102":{"pts":19840,"lvl":4},"103":{"pts":1463,"lvl":1},"104":{"pts":1729,"lvl":1},"107":{"pts":359,"lvl":1},"110":{"pts":2353,"lvl":2},"111":{"pts":254,"lvl":1},"112":{"pts":1587,"lvl":1},"114":{"pts":122,"lvl":1},"115":{"pts":544,"lvl":1},"117":{"pts":3537,"lvl":2},"119":{"pts":31106,"lvl":5},"121":{"pts":724,"lvl":1},"122":{"pts":316,"lvl":1},"126":{"pts":762,"lvl":1},"131":{"pts":606,"lvl":1},"133":{"pts":74,"lvl":1},"134":{"pts":2761,"lvl":2},"136":{"pts":3685,"lvl":2},"141":{"pts":1215,"lvl":1},"142":{"pts":1133,"lvl":1},"143":{"pts":2436,"lvl":2},"150":{"pts":824,"lvl":1},"154":{"pts":953,"lvl":1},"157":{"pts":10643,"lvl":3},"161":{"pts":1576,"lvl":1},"163":{"pts":7332,"lvl":3},"164":{"pts":5061,"lvl":2},"201":{"pts":2932,"lvl":2},"202":{"pts":11705,"lvl":3},"203":{"pts":456,"lvl":1},"222":{"pts":2723,"lvl":2},"223":{"pts":2429,"lvl":2},"236":{"pts":10737,"lvl":3},"238":{"pts":116,"lvl":1},"254":{"pts":226,"lvl":1},"267":{"pts":110,"lvl":1},"268":{"pts":1471,"lvl":1},"412":{"pts":951,"lvl":1},"420":{"pts":1968,"lvl":2},"427":{"pts":1336,"lvl":1},"429":{"pts":1026,"lvl":1},"432":{"pts":2676,"lvl":2},"497":{"pts":2284,"lvl":2},"498":{"pts":1440,"lvl":1},"516":{"pts":475,"lvl":1},"timestamp":1553556117436}