{"1":{"pts":12105,"lvl":3},"2":{"pts":1134,"lvl":1},"3":{"pts":10329,"lvl":3},"4":{"pts":18172,"lvl":4},"5":{"pts":2344,"lvl":2},"6":{"pts":1548,"lvl":1},"7":{"pts":31351,"lvl":5},"8":{"pts":8341,"lvl":3},"9":{"pts":25627,"lvl":5},"10":{"pts":26972,"lvl":6},"11":{"pts":13070,"lvl":4},"12":{"pts":51624,"lvl":7},"13":{"pts":3427,"lvl":2},"14":{"pts":5818,"lvl":2},"15":{"pts":37109,"lvl":6},"16":{"pts":56173,"lvl":7},"17":{"pts":19102,"lvl":4},"18":{"pts":25714,"lvl":6},"19":{"pts":2706,"lvl":2},"20":{"pts":8613,"lvl":3},"21":{"pts":24103,"lvl":5},"22":{"pts":77954,"lvl":7},"23":{"pts":4097,"lvl":2},"24":{"pts":30104,"lvl":5},"25":{"pts":42850,"lvl":7},"26":{"pts":44360,"lvl":7},"27":{"pts":1186,"lvl":1},"28":{"pts":2828,"lvl":2},"29":{"pts":10954,"lvl":3},"30":{"pts":1553,"lvl":1},"31":{"pts":3713,"lvl":2},"32":{"pts":12527,"lvl":3},"33":{"pts":45708,"lvl":7},"34":{"pts":18093,"lvl":4},"35":{"pts":4647,"lvl":2},"36":{"pts":15856,"lvl":4},"37":{"pts":39977,"lvl":7},"38":{"pts":5120,"lvl":2},"39":{"pts":13130,"lvl":4},"40":{"pts":54907,"lvl":7},"41":{"pts":2972,"lvl":2},"42":{"pts":113837,"lvl":7},"43":{"pts":48038,"lvl":7},"44":{"pts":32378,"lvl":7},"45":{"pts":7027,"lvl":3},"48":{"pts":10049,"lvl":3},"50":{"pts":12566,"lvl":3},"51":{"pts":90936,"lvl":7},"53":{"pts":120007,"lvl":7},"54":{"pts":36678,"lvl":6},"55":{"pts":306642,"lvl":7},"56":{"pts":1707,"lvl":1},"57":{"pts":5995,"lvl":2},"58":{"pts":1151,"lvl":1},"59":{"pts":2678,"lvl":2},"60":{"pts":471,"lvl":1},"61":{"pts":44825,"lvl":6},"62":{"pts":9522,"lvl":3},"63":{"pts":49595,"lvl":7},"64":{"pts":16360,"lvl":4},"67":{"pts":6775,"lvl":3},"68":{"pts":3737,"lvl":2},"69":{"pts":5735,"lvl":2},"72":{"pts":271,"lvl":1},"74":{"pts":10202,"lvl":3},"75":{"pts":2621,"lvl":2},"76":{"pts":1149,"lvl":1},"77":{"pts":3995,"lvl":2},"78":{"pts":55328,"lvl":7},"79":{"pts":1564,"lvl":1},"80":{"pts":18193,"lvl":4},"81":{"pts":72461,"lvl":7},"82":{"pts":8047,"lvl":3},"83":{"pts":394,"lvl":1},"84":{"pts":17091,"lvl":4},"85":{"pts":8444,"lvl":3},"86":{"pts":6141,"lvl":3},"89":{"pts":39824,"lvl":7},"90":{"pts":53031,"lvl":7},"91":{"pts":106267,"lvl":7},"92":{"pts":1388,"lvl":1},"96":{"pts":15499,"lvl":4},"98":{"pts":2307,"lvl":2},"99":{"pts":55915,"lvl":7},"101":{"pts":5219,"lvl":2},"102":{"pts":3416,"lvl":2},"103":{"pts":41259,"lvl":6},"104":{"pts":5298,"lvl":2},"105":{"pts":10064,"lvl":3},"106":{"pts":2867,"lvl":2},"107":{"pts":3733,"lvl":2},"110":{"pts":12716,"lvl":4},"111":{"pts":48267,"lvl":7},"112":{"pts":4668,"lvl":2},"113":{"pts":3966,"lvl":2},"114":{"pts":44362,"lvl":6},"115":{"pts":8139,"lvl":3},"117":{"pts":63766,"lvl":7},"119":{"pts":2095,"lvl":2},"120":{"pts":11944,"lvl":3},"121":{"pts":12586,"lvl":3},"122":{"pts":20092,"lvl":4},"126":{"pts":4075,"lvl":2},"127":{"pts":44502,"lvl":6},"131":{"pts":14808,"lvl":4},"133":{"pts":56029,"lvl":6},"134":{"pts":36118,"lvl":5},"136":{"pts":11793,"lvl":3},"141":{"pts":5724,"lvl":2},"142":{"pts":13459,"lvl":4},"143":{"pts":45720,"lvl":7},"145":{"pts":29365,"lvl":6},"150":{"pts":5225,"lvl":2},"154":{"pts":1794,"lvl":1},"157":{"pts":19191,"lvl":4},"161":{"pts":13041,"lvl":4},"163":{"pts":12650,"lvl":4},"164":{"pts":14494,"lvl":4},"201":{"pts":48912,"lvl":7},"202":{"pts":29647,"lvl":5},"203":{"pts":2185,"lvl":2},"222":{"pts":52545,"lvl":7},"223":{"pts":18243,"lvl":4},"236":{"pts":7359,"lvl":3},"238":{"pts":5779,"lvl":2},"240":{"pts":2763,"lvl":2},"245":{"pts":21264,"lvl":4},"254":{"pts":24045,"lvl":5},"266":{"pts":5883,"lvl":2},"267":{"pts":48811,"lvl":7},"268":{"pts":5152,"lvl":2},"350":{"pts":835,"lvl":1},"412":{"pts":167432,"lvl":7},"420":{"pts":11276,"lvl":3},"421":{"pts":2557,"lvl":2},"427":{"pts":20674,"lvl":4},"429":{"pts":6451,"lvl":3},"432":{"pts":42119,"lvl":7},"497":{"pts":56788,"lvl":7},"498":{"pts":54349,"lvl":7},"516":{"pts":7860,"lvl":3},"517":{"pts":145,"lvl":1},"518":{"pts":4076,"lvl":2},"555":{"pts":10100,"lvl":3},"timestamp":1558555051808}