{"1":{"pts":141575,"lvl":7},"3":{"pts":15225,"lvl":4},"4":{"pts":12620,"lvl":4},"5":{"pts":1135,"lvl":1},"6":{"pts":1099,"lvl":1},"7":{"pts":36908,"lvl":7},"8":{"pts":90181,"lvl":7},"9":{"pts":1126,"lvl":1},"10":{"pts":28713,"lvl":5},"11":{"pts":28495,"lvl":6},"12":{"pts":1327,"lvl":1},"13":{"pts":64399,"lvl":6},"14":{"pts":10029,"lvl":3},"15":{"pts":10092,"lvl":3},"16":{"pts":452,"lvl":1},"17":{"pts":3976,"lvl":2},"18":{"pts":16621,"lvl":4},"19":{"pts":9281,"lvl":3},"20":{"pts":31468,"lvl":5},"21":{"pts":512,"lvl":1},"22":{"pts":4512,"lvl":2},"23":{"pts":146,"lvl":1},"24":{"pts":520,"lvl":1},"25":{"pts":3356,"lvl":2},"26":{"pts":388,"lvl":1},"27":{"pts":1985,"lvl":2},"28":{"pts":7543,"lvl":3},"29":{"pts":12875,"lvl":4},"30":{"pts":3669,"lvl":2},"31":{"pts":2095,"lvl":2},"32":{"pts":29067,"lvl":5},"33":{"pts":8159,"lvl":3},"34":{"pts":18873,"lvl":4},"37":{"pts":19174,"lvl":4},"38":{"pts":58382,"lvl":7},"39":{"pts":4144,"lvl":2},"40":{"pts":25279,"lvl":5},"41":{"pts":1643,"lvl":1},"42":{"pts":212012,"lvl":7},"43":{"pts":4562,"lvl":2},"44":{"pts":2781,"lvl":2},"45":{"pts":10307,"lvl":3},"50":{"pts":4082,"lvl":2},"51":{"pts":9498,"lvl":3},"53":{"pts":14986,"lvl":4},"54":{"pts":407,"lvl":1},"55":{"pts":28934,"lvl":5},"56":{"pts":121,"lvl":1},"57":{"pts":611,"lvl":1},"59":{"pts":30439,"lvl":5},"60":{"pts":14076,"lvl":4},"61":{"pts":194563,"lvl":7},"62":{"pts":4796,"lvl":2},"63":{"pts":20499,"lvl":4},"64":{"pts":205862,"lvl":7},"67":{"pts":28927,"lvl":6},"68":{"pts":5143,"lvl":2},"69":{"pts":4206,"lvl":2},"72":{"pts":197,"lvl":1},"74":{"pts":1098,"lvl":1},"75":{"pts":6088,"lvl":3},"76":{"pts":4583,"lvl":2},"77":{"pts":37064,"lvl":6},"78":{"pts":1530,"lvl":1},"79":{"pts":108351,"lvl":7},"80":{"pts":1470,"lvl":1},"81":{"pts":69294,"lvl":7},"82":{"pts":3339,"lvl":2},"83":{"pts":831,"lvl":1},"84":{"pts":608,"lvl":1},"85":{"pts":243,"lvl":1},"86":{"pts":12993,"lvl":4},"89":{"pts":2760,"lvl":2},"90":{"pts":38661,"lvl":6},"91":{"pts":1865,"lvl":2},"92":{"pts":2786,"lvl":2},"96":{"pts":23112,"lvl":5},"98":{"pts":2678,"lvl":2},"99":{"pts":22424,"lvl":5},"101":{"pts":1076,"lvl":1},"102":{"pts":3434,"lvl":2},"103":{"pts":124875,"lvl":7},"104":{"pts":6514,"lvl":3},"105":{"pts":6093,"lvl":3},"106":{"pts":21758,"lvl":5},"107":{"pts":789,"lvl":1},"110":{"pts":8296,"lvl":3},"112":{"pts":110699,"lvl":7},"115":{"pts":9603,"lvl":3},"117":{"pts":3303,"lvl":2},"119":{"pts":9941,"lvl":3},"120":{"pts":350,"lvl":1},"121":{"pts":6460,"lvl":3},"122":{"pts":865,"lvl":1},"126":{"pts":5044,"lvl":2},"127":{"pts":25265,"lvl":5},"131":{"pts":276,"lvl":1},"133":{"pts":130,"lvl":1},"134":{"pts":25241,"lvl":5},"136":{"pts":803,"lvl":1},"141":{"pts":32432,"lvl":7},"142":{"pts":3544,"lvl":2},"143":{"pts":2874,"lvl":2},"145":{"pts":1005,"lvl":1},"150":{"pts":1502,"lvl":1},"154":{"pts":1026,"lvl":1},"157":{"pts":11973,"lvl":3},"161":{"pts":11408,"lvl":3},"163":{"pts":3608,"lvl":2},"164":{"pts":908,"lvl":1},"202":{"pts":9885,"lvl":3},"203":{"pts":228,"lvl":1},"222":{"pts":27218,"lvl":5},"223":{"pts":171,"lvl":1},"236":{"pts":22764,"lvl":5},"238":{"pts":54157,"lvl":6},"240":{"pts":845,"lvl":1},"245":{"pts":8274,"lvl":3},"254":{"pts":22725,"lvl":5},"266":{"pts":1111,"lvl":1},"267":{"pts":1326,"lvl":1},"268":{"pts":27304,"lvl":5},"412":{"pts":29809,"lvl":5},"427":{"pts":618,"lvl":1},"429":{"pts":24626,"lvl":5},"432":{"pts":2607,"lvl":2},"497":{"pts":6871,"lvl":3},"498":{"pts":7664,"lvl":3},"516":{"pts":353,"lvl":1},"518":{"pts":141,"lvl":1},"timestamp":1558497454236}