{"1":{"pts":10351,"lvl":3},"2":{"pts":25339,"lvl":5},"3":{"pts":8303,"lvl":3},"4":{"pts":8961,"lvl":3},"5":{"pts":180,"lvl":1},"6":{"pts":1520,"lvl":1},"7":{"pts":1910,"lvl":2},"9":{"pts":99,"lvl":1},"10":{"pts":4459,"lvl":2},"11":{"pts":26227,"lvl":5},"12":{"pts":2664,"lvl":2},"13":{"pts":1082,"lvl":1},"14":{"pts":135,"lvl":1},"15":{"pts":3182,"lvl":2},"16":{"pts":3438,"lvl":2},"17":{"pts":31446,"lvl":5},"18":{"pts":25373,"lvl":5},"19":{"pts":11204,"lvl":3},"20":{"pts":4047,"lvl":2},"21":{"pts":369,"lvl":1},"22":{"pts":15965,"lvl":4},"23":{"pts":14929,"lvl":4},"24":{"pts":9006,"lvl":3},"25":{"pts":4844,"lvl":2},"26":{"pts":7126,"lvl":3},"27":{"pts":896,"lvl":1},"30":{"pts":1019,"lvl":1},"31":{"pts":4999,"lvl":2},"32":{"pts":855,"lvl":1},"34":{"pts":6113,"lvl":3},"35":{"pts":431,"lvl":1},"36":{"pts":4114,"lvl":2},"37":{"pts":141,"lvl":1},"38":{"pts":847,"lvl":1},"39":{"pts":730,"lvl":1},"40":{"pts":1211,"lvl":1},"41":{"pts":33492,"lvl":5},"42":{"pts":146665,"lvl":7},"43":{"pts":633,"lvl":1},"45":{"pts":3833,"lvl":2},"48":{"pts":109,"lvl":1},"50":{"pts":343,"lvl":1},"51":{"pts":3200,"lvl":2},"53":{"pts":70018,"lvl":6},"54":{"pts":945,"lvl":1},"55":{"pts":889,"lvl":1},"57":{"pts":1034,"lvl":1},"58":{"pts":2997,"lvl":2},"59":{"pts":914,"lvl":1},"62":{"pts":105,"lvl":1},"63":{"pts":855,"lvl":1},"67":{"pts":2808,"lvl":2},"68":{"pts":3703,"lvl":2},"69":{"pts":1023,"lvl":1},"72":{"pts":842,"lvl":1},"74":{"pts":3562,"lvl":2},"75":{"pts":2116,"lvl":2},"76":{"pts":4404,"lvl":2},"77":{"pts":159,"lvl":1},"78":{"pts":8132,"lvl":3},"79":{"pts":1392,"lvl":1},"80":{"pts":12557,"lvl":3},"81":{"pts":17771,"lvl":4},"83":{"pts":1644,"lvl":1},"84":{"pts":82755,"lvl":6},"86":{"pts":127487,"lvl":7},"89":{"pts":386,"lvl":1},"90":{"pts":174,"lvl":1},"91":{"pts":5580,"lvl":2},"92":{"pts":5389,"lvl":2},"96":{"pts":249,"lvl":1},"99":{"pts":15174,"lvl":4},"101":{"pts":11305,"lvl":3},"104":{"pts":8385,"lvl":3},"105":{"pts":11960,"lvl":3},"107":{"pts":18171,"lvl":4},"110":{"pts":3647,"lvl":2},"111":{"pts":3533,"lvl":2},"112":{"pts":437,"lvl":1},"114":{"pts":6492,"lvl":3},"115":{"pts":689,"lvl":1},"117":{"pts":886,"lvl":1},"119":{"pts":114,"lvl":1},"121":{"pts":1078,"lvl":1},"122":{"pts":37527,"lvl":5},"126":{"pts":52490,"lvl":5},"133":{"pts":307,"lvl":1},"134":{"pts":159,"lvl":1},"136":{"pts":193,"lvl":1},"141":{"pts":97,"lvl":1},"143":{"pts":862,"lvl":1},"150":{"pts":3398,"lvl":2},"154":{"pts":826,"lvl":1},"157":{"pts":3543,"lvl":2},"161":{"pts":2841,"lvl":2},"164":{"pts":135,"lvl":1},"201":{"pts":1946,"lvl":2},"202":{"pts":2315,"lvl":2},"222":{"pts":4894,"lvl":2},"223":{"pts":1937,"lvl":2},"236":{"pts":1318,"lvl":1},"238":{"pts":1041,"lvl":1},"240":{"pts":648,"lvl":1},"245":{"pts":148,"lvl":1},"254":{"pts":953,"lvl":1},"266":{"pts":559,"lvl":1},"267":{"pts":2532,"lvl":2},"268":{"pts":933,"lvl":1},"412":{"pts":554,"lvl":1},"421":{"pts":925,"lvl":1},"429":{"pts":451,"lvl":1},"432":{"pts":2830,"lvl":2},"516":{"pts":675,"lvl":1},"555":{"pts":237,"lvl":1},"timestamp":1558555051940}