{"1":{"pts":2070,"lvl":2},"2":{"pts":5505,"lvl":2},"4":{"pts":4716,"lvl":2},"5":{"pts":23760,"lvl":5},"7":{"pts":1423,"lvl":1},"8":{"pts":6035,"lvl":3},"9":{"pts":2056,"lvl":2},"10":{"pts":10996,"lvl":3},"11":{"pts":12355,"lvl":3},"12":{"pts":1764,"lvl":1},"13":{"pts":4088,"lvl":2},"14":{"pts":35414,"lvl":5},"15":{"pts":2621,"lvl":2},"16":{"pts":2553,"lvl":2},"17":{"pts":9027,"lvl":3},"18":{"pts":4634,"lvl":2},"19":{"pts":3118,"lvl":2},"20":{"pts":13014,"lvl":4},"21":{"pts":122,"lvl":1},"22":{"pts":27980,"lvl":5},"23":{"pts":6634,"lvl":3},"24":{"pts":11221,"lvl":3},"25":{"pts":2834,"lvl":2},"26":{"pts":296,"lvl":1},"27":{"pts":1887,"lvl":2},"28":{"pts":154555,"lvl":7},"29":{"pts":21724,"lvl":5},"30":{"pts":3712,"lvl":2},"31":{"pts":4835,"lvl":2},"32":{"pts":1136,"lvl":1},"35":{"pts":272749,"lvl":7},"36":{"pts":120,"lvl":1},"37":{"pts":143,"lvl":1},"38":{"pts":951,"lvl":1},"39":{"pts":1034,"lvl":1},"41":{"pts":1406,"lvl":1},"42":{"pts":167,"lvl":1},"43":{"pts":4595,"lvl":2},"45":{"pts":2025,"lvl":2},"48":{"pts":890,"lvl":1},"50":{"pts":1265,"lvl":1},"51":{"pts":1544,"lvl":1},"53":{"pts":47320,"lvl":5},"54":{"pts":1284,"lvl":1},"55":{"pts":9694,"lvl":3},"56":{"pts":3230,"lvl":2},"60":{"pts":1003,"lvl":1},"61":{"pts":158,"lvl":1},"63":{"pts":1958,"lvl":2},"64":{"pts":3731,"lvl":2},"67":{"pts":1215,"lvl":1},"68":{"pts":3417,"lvl":2},"75":{"pts":1184,"lvl":1},"76":{"pts":78059,"lvl":7},"77":{"pts":2916,"lvl":2},"78":{"pts":124,"lvl":1},"79":{"pts":456,"lvl":1},"80":{"pts":4225,"lvl":2},"81":{"pts":4951,"lvl":2},"82":{"pts":1131,"lvl":1},"84":{"pts":15458,"lvl":4},"85":{"pts":156,"lvl":1},"86":{"pts":2599,"lvl":2},"91":{"pts":35715,"lvl":5},"92":{"pts":2649,"lvl":2},"96":{"pts":646,"lvl":1},"98":{"pts":344,"lvl":1},"99":{"pts":15437,"lvl":4},"102":{"pts":4444,"lvl":2},"103":{"pts":1890,"lvl":2},"104":{"pts":3278,"lvl":2},"107":{"pts":9447,"lvl":3},"110":{"pts":651,"lvl":1},"111":{"pts":810,"lvl":1},"112":{"pts":1270,"lvl":1},"114":{"pts":858,"lvl":1},"119":{"pts":537,"lvl":1},"121":{"pts":15136,"lvl":4},"131":{"pts":26789,"lvl":5},"141":{"pts":49906,"lvl":5},"142":{"pts":7313,"lvl":3},"143":{"pts":1028,"lvl":1},"157":{"pts":3743,"lvl":2},"203":{"pts":1404,"lvl":1},"222":{"pts":1770,"lvl":1},"236":{"pts":1139,"lvl":1},"238":{"pts":1667,"lvl":1},"245":{"pts":737,"lvl":1},"266":{"pts":148,"lvl":1},"412":{"pts":263,"lvl":1},"516":{"pts":1338,"lvl":1},"timestamp":1558402214414}