{"1":{"pts":31057,"lvl":5},"2":{"pts":3160,"lvl":2},"3":{"pts":6274,"lvl":3},"4":{"pts":12684,"lvl":4},"5":{"pts":6155,"lvl":3},"6":{"pts":12907,"lvl":4},"7":{"pts":23443,"lvl":5},"8":{"pts":5865,"lvl":2},"9":{"pts":3502,"lvl":2},"10":{"pts":7284,"lvl":3},"11":{"pts":7186,"lvl":3},"12":{"pts":32732,"lvl":5},"13":{"pts":9935,"lvl":3},"14":{"pts":24317,"lvl":5},"15":{"pts":42152,"lvl":6},"16":{"pts":10438,"lvl":3},"17":{"pts":15410,"lvl":4},"18":{"pts":28592,"lvl":5},"19":{"pts":5113,"lvl":2},"20":{"pts":4471,"lvl":2},"21":{"pts":3895,"lvl":2},"22":{"pts":14336,"lvl":4},"23":{"pts":7983,"lvl":3},"24":{"pts":29541,"lvl":5},"25":{"pts":39543,"lvl":5},"26":{"pts":5901,"lvl":2},"27":{"pts":5340,"lvl":2},"28":{"pts":994,"lvl":1},"29":{"pts":4731,"lvl":2},"30":{"pts":8849,"lvl":3},"31":{"pts":5084,"lvl":2},"32":{"pts":9459,"lvl":3},"33":{"pts":6931,"lvl":3},"34":{"pts":2367,"lvl":2},"35":{"pts":5065,"lvl":2},"36":{"pts":17031,"lvl":4},"37":{"pts":12160,"lvl":3},"38":{"pts":17798,"lvl":4},"39":{"pts":33252,"lvl":5},"40":{"pts":15785,"lvl":4},"41":{"pts":44524,"lvl":6},"42":{"pts":265717,"lvl":7},"43":{"pts":8143,"lvl":3},"44":{"pts":8361,"lvl":3},"45":{"pts":29414,"lvl":5},"48":{"pts":8992,"lvl":3},"50":{"pts":39500,"lvl":6},"51":{"pts":22997,"lvl":5},"53":{"pts":28769,"lvl":5},"54":{"pts":17763,"lvl":4},"55":{"pts":624,"lvl":1},"56":{"pts":2554,"lvl":2},"57":{"pts":14377,"lvl":4},"58":{"pts":2047,"lvl":2},"59":{"pts":5906,"lvl":2},"60":{"pts":1905,"lvl":2},"61":{"pts":54323,"lvl":7},"62":{"pts":5575,"lvl":2},"63":{"pts":6965,"lvl":3},"64":{"pts":4710,"lvl":2},"67":{"pts":7379,"lvl":3},"68":{"pts":62708,"lvl":7},"69":{"pts":15286,"lvl":4},"72":{"pts":1850,"lvl":2},"74":{"pts":7599,"lvl":3},"75":{"pts":2871,"lvl":2},"76":{"pts":18245,"lvl":4},"78":{"pts":38858,"lvl":6},"79":{"pts":32743,"lvl":5},"80":{"pts":529,"lvl":1},"81":{"pts":15880,"lvl":4},"82":{"pts":10036,"lvl":3},"83":{"pts":117,"lvl":1},"84":{"pts":8816,"lvl":3},"85":{"pts":17830,"lvl":4},"86":{"pts":5678,"lvl":2},"89":{"pts":9977,"lvl":3},"90":{"pts":66698,"lvl":7},"91":{"pts":8198,"lvl":3},"92":{"pts":2763,"lvl":2},"96":{"pts":7639,"lvl":3},"98":{"pts":7917,"lvl":3},"99":{"pts":8076,"lvl":3},"101":{"pts":1674,"lvl":1},"102":{"pts":417,"lvl":1},"103":{"pts":8329,"lvl":3},"104":{"pts":34118,"lvl":5},"105":{"pts":2949,"lvl":2},"107":{"pts":3729,"lvl":2},"110":{"pts":24755,"lvl":5},"111":{"pts":4289,"lvl":2},"112":{"pts":13632,"lvl":4},"113":{"pts":1100,"lvl":1},"114":{"pts":1107,"lvl":1},"115":{"pts":9238,"lvl":3},"117":{"pts":3024,"lvl":2},"119":{"pts":19897,"lvl":4},"120":{"pts":3335,"lvl":2},"121":{"pts":1978,"lvl":2},"122":{"pts":4505,"lvl":2},"126":{"pts":5685,"lvl":2},"127":{"pts":14904,"lvl":4},"133":{"pts":52779,"lvl":7},"134":{"pts":22694,"lvl":5},"136":{"pts":5264,"lvl":2},"141":{"pts":1934,"lvl":2},"142":{"pts":2687,"lvl":2},"143":{"pts":26381,"lvl":5},"145":{"pts":7520,"lvl":3},"150":{"pts":1551,"lvl":1},"154":{"pts":3494,"lvl":2},"157":{"pts":24852,"lvl":5},"161":{"pts":21192,"lvl":4},"163":{"pts":16910,"lvl":4},"164":{"pts":1087,"lvl":1},"201":{"pts":24510,"lvl":5},"202":{"pts":2516,"lvl":2},"203":{"pts":91,"lvl":1},"222":{"pts":2593,"lvl":2},"223":{"pts":3087,"lvl":2},"236":{"pts":30877,"lvl":5},"238":{"pts":4352,"lvl":2},"240":{"pts":849,"lvl":1},"245":{"pts":7571,"lvl":3},"254":{"pts":11174,"lvl":3},"266":{"pts":214,"lvl":1},"267":{"pts":3868,"lvl":2},"268":{"pts":4584,"lvl":2},"412":{"pts":113554,"lvl":6},"420":{"pts":483,"lvl":1},"421":{"pts":1911,"lvl":2},"429":{"pts":1460,"lvl":1},"432":{"pts":3261,"lvl":2},"497":{"pts":1859,"lvl":2},"498":{"pts":3730,"lvl":2},"516":{"pts":4246,"lvl":2},"517":{"pts":3573,"lvl":2},"518":{"pts":2400,"lvl":2},"555":{"pts":3141,"lvl":2},"timestamp":1558555050470}