{"1":{"pts":284,"lvl":1},"2":{"pts":12660,"lvl":4},"3":{"pts":1108,"lvl":1},"4":{"pts":5396,"lvl":2},"5":{"pts":9138,"lvl":3},"6":{"pts":47147,"lvl":6},"7":{"pts":905,"lvl":1},"8":{"pts":13589,"lvl":4},"9":{"pts":29573,"lvl":6},"10":{"pts":72413,"lvl":7},"11":{"pts":7364,"lvl":3},"12":{"pts":90,"lvl":1},"13":{"pts":5740,"lvl":2},"14":{"pts":51615,"lvl":5},"15":{"pts":38822,"lvl":6},"17":{"pts":37509,"lvl":5},"18":{"pts":4378,"lvl":2},"19":{"pts":10656,"lvl":3},"20":{"pts":26618,"lvl":5},"21":{"pts":22287,"lvl":5},"22":{"pts":6747,"lvl":3},"23":{"pts":15660,"lvl":4},"24":{"pts":85049,"lvl":6},"25":{"pts":1681,"lvl":1},"26":{"pts":28573,"lvl":5},"27":{"pts":59515,"lvl":6},"28":{"pts":1137,"lvl":1},"29":{"pts":40501,"lvl":6},"30":{"pts":13724,"lvl":4},"31":{"pts":24759,"lvl":5},"32":{"pts":460,"lvl":1},"33":{"pts":48946,"lvl":6},"34":{"pts":249,"lvl":1},"35":{"pts":18921,"lvl":4},"36":{"pts":50052,"lvl":5},"37":{"pts":7496,"lvl":3},"38":{"pts":27628,"lvl":6},"39":{"pts":17612,"lvl":4},"40":{"pts":169,"lvl":1},"41":{"pts":13320,"lvl":4},"42":{"pts":115803,"lvl":7},"43":{"pts":6008,"lvl":3},"44":{"pts":49678,"lvl":5},"45":{"pts":26066,"lvl":5},"48":{"pts":24422,"lvl":5},"50":{"pts":16027,"lvl":4},"51":{"pts":2701,"lvl":2},"53":{"pts":21776,"lvl":5},"54":{"pts":15228,"lvl":4},"56":{"pts":18104,"lvl":4},"57":{"pts":18959,"lvl":4},"58":{"pts":11817,"lvl":3},"59":{"pts":4514,"lvl":2},"60":{"pts":385,"lvl":1},"61":{"pts":8296,"lvl":3},"62":{"pts":25889,"lvl":5},"63":{"pts":1813,"lvl":2},"64":{"pts":7068,"lvl":3},"67":{"pts":3621,"lvl":2},"68":{"pts":24800,"lvl":5},"69":{"pts":1230,"lvl":1},"72":{"pts":48241,"lvl":7},"74":{"pts":39149,"lvl":6},"75":{"pts":44543,"lvl":5},"76":{"pts":4481,"lvl":2},"77":{"pts":20048,"lvl":4},"78":{"pts":5382,"lvl":2},"79":{"pts":27554,"lvl":5},"80":{"pts":11275,"lvl":3},"81":{"pts":5315,"lvl":2},"82":{"pts":170434,"lvl":7},"83":{"pts":8386,"lvl":3},"84":{"pts":13248,"lvl":4},"85":{"pts":37266,"lvl":6},"86":{"pts":20367,"lvl":4},"89":{"pts":1580,"lvl":1},"90":{"pts":12752,"lvl":4},"91":{"pts":18736,"lvl":4},"92":{"pts":2813,"lvl":2},"96":{"pts":38208,"lvl":6},"98":{"pts":2963,"lvl":2},"99":{"pts":4486,"lvl":2},"101":{"pts":1029,"lvl":1},"102":{"pts":12348,"lvl":3},"103":{"pts":3226,"lvl":2},"104":{"pts":6573,"lvl":3},"106":{"pts":5363,"lvl":2},"107":{"pts":677,"lvl":1},"110":{"pts":3080,"lvl":2},"111":{"pts":25309,"lvl":5},"112":{"pts":1906,"lvl":2},"114":{"pts":5240,"lvl":2},"115":{"pts":18950,"lvl":4},"117":{"pts":144,"lvl":1},"119":{"pts":288,"lvl":1},"120":{"pts":4150,"lvl":2},"121":{"pts":1163,"lvl":1},"122":{"pts":6761,"lvl":3},"126":{"pts":3818,"lvl":2},"127":{"pts":6313,"lvl":3},"133":{"pts":3656,"lvl":2},"134":{"pts":384,"lvl":1},"136":{"pts":2720,"lvl":2},"141":{"pts":7890,"lvl":3},"142":{"pts":196,"lvl":1},"143":{"pts":886,"lvl":1},"145":{"pts":239116,"lvl":7},"150":{"pts":1288,"lvl":1},"154":{"pts":677,"lvl":1},"157":{"pts":1642,"lvl":1},"161":{"pts":234,"lvl":1},"163":{"pts":12907,"lvl":4},"164":{"pts":26117,"lvl":5},"201":{"pts":2026,"lvl":2},"202":{"pts":2798,"lvl":2},"203":{"pts":1524,"lvl":1},"222":{"pts":14017,"lvl":4},"223":{"pts":11348,"lvl":3},"236":{"pts":13942,"lvl":4},"238":{"pts":36404,"lvl":6},"240":{"pts":28264,"lvl":5},"245":{"pts":17958,"lvl":4},"254":{"pts":28782,"lvl":6},"266":{"pts":36313,"lvl":6},"268":{"pts":11443,"lvl":3},"412":{"pts":13516,"lvl":4},"420":{"pts":1582,"lvl":1},"421":{"pts":2577,"lvl":2},"427":{"pts":162,"lvl":1},"429":{"pts":882,"lvl":1},"432":{"pts":9697,"lvl":3},"497":{"pts":5244,"lvl":2},"498":{"pts":4623,"lvl":2},"516":{"pts":28567,"lvl":5},"555":{"pts":150,"lvl":1},"timestamp":1557797271600}