{"1":{"pts":2006,"lvl":2},"2":{"pts":4049,"lvl":2},"3":{"pts":12028,"lvl":3},"4":{"pts":7548,"lvl":3},"5":{"pts":7333,"lvl":3},"6":{"pts":141,"lvl":1},"7":{"pts":3676,"lvl":2},"8":{"pts":10680,"lvl":3},"9":{"pts":2640,"lvl":2},"10":{"pts":4360,"lvl":2},"11":{"pts":17281,"lvl":4},"12":{"pts":5469,"lvl":2},"13":{"pts":8079,"lvl":3},"14":{"pts":27944,"lvl":5},"15":{"pts":5631,"lvl":2},"16":{"pts":15375,"lvl":4},"17":{"pts":14286,"lvl":4},"18":{"pts":20197,"lvl":4},"19":{"pts":21629,"lvl":5},"20":{"pts":26259,"lvl":6},"21":{"pts":12157,"lvl":3},"22":{"pts":201,"lvl":1},"23":{"pts":718,"lvl":1},"24":{"pts":14492,"lvl":4},"25":{"pts":5417,"lvl":2},"26":{"pts":4086,"lvl":2},"27":{"pts":4778,"lvl":2},"28":{"pts":2390,"lvl":2},"29":{"pts":21927,"lvl":5},"30":{"pts":4364,"lvl":2},"31":{"pts":9888,"lvl":3},"32":{"pts":4873,"lvl":2},"33":{"pts":6371,"lvl":3},"34":{"pts":11109,"lvl":3},"35":{"pts":24838,"lvl":5},"36":{"pts":16909,"lvl":4},"37":{"pts":159,"lvl":1},"38":{"pts":12798,"lvl":4},"39":{"pts":1670,"lvl":1},"40":{"pts":4771,"lvl":2},"41":{"pts":14888,"lvl":4},"42":{"pts":80656,"lvl":7},"43":{"pts":1599,"lvl":1},"44":{"pts":4992,"lvl":2},"45":{"pts":3565,"lvl":2},"48":{"pts":249,"lvl":1},"51":{"pts":6667,"lvl":3},"53":{"pts":15130,"lvl":4},"54":{"pts":2236,"lvl":2},"55":{"pts":17447,"lvl":4},"56":{"pts":130,"lvl":1},"58":{"pts":7891,"lvl":3},"59":{"pts":3436,"lvl":2},"60":{"pts":1620,"lvl":1},"61":{"pts":3859,"lvl":2},"62":{"pts":6142,"lvl":3},"63":{"pts":692,"lvl":1},"64":{"pts":7583,"lvl":3},"67":{"pts":9783,"lvl":3},"68":{"pts":7841,"lvl":3},"69":{"pts":1204,"lvl":1},"72":{"pts":64,"lvl":1},"74":{"pts":14896,"lvl":4},"75":{"pts":5240,"lvl":2},"76":{"pts":5385,"lvl":2},"77":{"pts":6639,"lvl":3},"78":{"pts":6861,"lvl":3},"79":{"pts":12985,"lvl":4},"80":{"pts":6663,"lvl":3},"81":{"pts":23117,"lvl":5},"82":{"pts":5455,"lvl":2},"83":{"pts":13477,"lvl":4},"84":{"pts":3722,"lvl":2},"85":{"pts":4542,"lvl":2},"86":{"pts":1013,"lvl":1},"89":{"pts":16025,"lvl":4},"90":{"pts":3089,"lvl":2},"91":{"pts":10760,"lvl":3},"92":{"pts":15010,"lvl":4},"96":{"pts":41657,"lvl":7},"98":{"pts":2765,"lvl":2},"99":{"pts":5727,"lvl":2},"101":{"pts":12085,"lvl":3},"102":{"pts":11656,"lvl":3},"103":{"pts":6900,"lvl":3},"104":{"pts":8165,"lvl":3},"105":{"pts":28887,"lvl":5},"106":{"pts":38384,"lvl":6},"107":{"pts":23725,"lvl":5},"110":{"pts":11888,"lvl":3},"111":{"pts":5191,"lvl":2},"112":{"pts":1208,"lvl":1},"113":{"pts":5938,"lvl":2},"114":{"pts":326,"lvl":1},"115":{"pts":102497,"lvl":7},"119":{"pts":9906,"lvl":3},"120":{"pts":5781,"lvl":2},"121":{"pts":51180,"lvl":6},"122":{"pts":7585,"lvl":3},"126":{"pts":2958,"lvl":2},"127":{"pts":621,"lvl":1},"131":{"pts":143,"lvl":1},"133":{"pts":2424,"lvl":2},"134":{"pts":4421,"lvl":2},"141":{"pts":10922,"lvl":3},"142":{"pts":5719,"lvl":2},"143":{"pts":819,"lvl":1},"145":{"pts":530,"lvl":1},"150":{"pts":23872,"lvl":5},"154":{"pts":16177,"lvl":4},"157":{"pts":20190,"lvl":4},"161":{"pts":45976,"lvl":5},"163":{"pts":13479,"lvl":4},"164":{"pts":5841,"lvl":2},"201":{"pts":21850,"lvl":5},"202":{"pts":30617,"lvl":6},"203":{"pts":18829,"lvl":4},"222":{"pts":1993,"lvl":2},"223":{"pts":1724,"lvl":1},"236":{"pts":21979,"lvl":5},"238":{"pts":352,"lvl":1},"240":{"pts":33721,"lvl":6},"245":{"pts":714,"lvl":1},"254":{"pts":41600,"lvl":7},"266":{"pts":4597,"lvl":2},"267":{"pts":5094,"lvl":2},"268":{"pts":1262,"lvl":1},"412":{"pts":16562,"lvl":4},"420":{"pts":6593,"lvl":3},"421":{"pts":4811,"lvl":2},"429":{"pts":306,"lvl":1},"432":{"pts":5721,"lvl":2},"497":{"pts":292,"lvl":1},"498":{"pts":14501,"lvl":4},"516":{"pts":4577,"lvl":2},"timestamp":1558555050169}