{"1":{"pts":7351,"lvl":3},"2":{"pts":973,"lvl":1},"3":{"pts":655,"lvl":1},"4":{"pts":4419,"lvl":2},"5":{"pts":39973,"lvl":5},"6":{"pts":2516,"lvl":2},"7":{"pts":1866,"lvl":2},"8":{"pts":740,"lvl":1},"9":{"pts":1681,"lvl":1},"10":{"pts":8962,"lvl":3},"11":{"pts":4717,"lvl":2},"12":{"pts":281,"lvl":1},"13":{"pts":17107,"lvl":3},"14":{"pts":5418,"lvl":2},"15":{"pts":49146,"lvl":5},"16":{"pts":109139,"lvl":7},"17":{"pts":12152,"lvl":3},"18":{"pts":14206,"lvl":3},"19":{"pts":26585,"lvl":5},"20":{"pts":8186,"lvl":3},"21":{"pts":2626,"lvl":1},"22":{"pts":15073,"lvl":4},"23":{"pts":1663,"lvl":1},"24":{"pts":7477,"lvl":3},"25":{"pts":2644,"lvl":2},"26":{"pts":1244,"lvl":1},"27":{"pts":10781,"lvl":3},"28":{"pts":125,"lvl":1},"29":{"pts":6055,"lvl":3},"30":{"pts":15178,"lvl":4},"31":{"pts":950,"lvl":1},"32":{"pts":6776,"lvl":3},"33":{"pts":1665,"lvl":1},"34":{"pts":84149,"lvl":6},"35":{"pts":255,"lvl":1},"36":{"pts":2145,"lvl":2},"37":{"pts":4832,"lvl":2},"38":{"pts":995,"lvl":1},"39":{"pts":2015,"lvl":2},"40":{"pts":255377,"lvl":7},"41":{"pts":1411,"lvl":1},"42":{"pts":664581,"lvl":7},"43":{"pts":889,"lvl":1},"44":{"pts":2871,"lvl":2},"45":{"pts":30594,"lvl":5},"50":{"pts":1508,"lvl":1},"51":{"pts":34031,"lvl":5},"53":{"pts":12029,"lvl":3},"55":{"pts":7994,"lvl":3},"58":{"pts":6626,"lvl":3},"61":{"pts":1273,"lvl":1},"62":{"pts":1264,"lvl":1},"63":{"pts":2567,"lvl":2},"64":{"pts":1241,"lvl":1},"67":{"pts":17627,"lvl":4},"68":{"pts":91,"lvl":1},"69":{"pts":306,"lvl":1},"74":{"pts":7690,"lvl":3},"75":{"pts":117755,"lvl":6},"76":{"pts":1765,"lvl":1},"77":{"pts":1411,"lvl":1},"78":{"pts":3958,"lvl":2},"79":{"pts":2226,"lvl":2},"80":{"pts":97,"lvl":1},"81":{"pts":6711,"lvl":3},"82":{"pts":203,"lvl":1},"84":{"pts":7597,"lvl":3},"85":{"pts":220,"lvl":1},"86":{"pts":34426,"lvl":5},"89":{"pts":6917,"lvl":2},"90":{"pts":5786,"lvl":2},"91":{"pts":40834,"lvl":5},"92":{"pts":25078,"lvl":5},"96":{"pts":8454,"lvl":3},"98":{"pts":2305,"lvl":2},"99":{"pts":2848,"lvl":2},"101":{"pts":5867,"lvl":2},"102":{"pts":22213,"lvl":5},"103":{"pts":1558,"lvl":1},"104":{"pts":2572,"lvl":1},"107":{"pts":359,"lvl":1},"110":{"pts":2558,"lvl":2},"111":{"pts":254,"lvl":1},"112":{"pts":1701,"lvl":1},"113":{"pts":639,"lvl":1},"114":{"pts":122,"lvl":1},"115":{"pts":1376,"lvl":1},"117":{"pts":5716,"lvl":2},"119":{"pts":42043,"lvl":6},"121":{"pts":1864,"lvl":1},"122":{"pts":573,"lvl":1},"126":{"pts":762,"lvl":1},"131":{"pts":708,"lvl":1},"133":{"pts":74,"lvl":1},"134":{"pts":2889,"lvl":2},"136":{"pts":4661,"lvl":2},"141":{"pts":1215,"lvl":1},"142":{"pts":1133,"lvl":1},"143":{"pts":3230,"lvl":2},"145":{"pts":4267,"lvl":2},"150":{"pts":1022,"lvl":1},"154":{"pts":1780,"lvl":1},"157":{"pts":15723,"lvl":3},"161":{"pts":2277,"lvl":2},"163":{"pts":7332,"lvl":3},"164":{"pts":5376,"lvl":2},"201":{"pts":2932,"lvl":2},"202":{"pts":15384,"lvl":4},"203":{"pts":456,"lvl":1},"222":{"pts":3036,"lvl":2},"223":{"pts":2565,"lvl":2},"236":{"pts":12182,"lvl":3},"238":{"pts":1306,"lvl":1},"240":{"pts":234,"lvl":1},"245":{"pts":809,"lvl":1},"254":{"pts":226,"lvl":1},"267":{"pts":110,"lvl":1},"268":{"pts":3381,"lvl":1},"412":{"pts":951,"lvl":1},"420":{"pts":2762,"lvl":2},"427":{"pts":1928,"lvl":1},"429":{"pts":1121,"lvl":1},"432":{"pts":3637,"lvl":2},"497":{"pts":3005,"lvl":2},"498":{"pts":2165,"lvl":1},"516":{"pts":475,"lvl":1},"timestamp":1558555050052}