{"main":0,"accounts":[{"name":"ridderhoff","server":"na1","id":"SWUPiTw2nsgKcNXAd0WVljKEvo_i3u8btdEeRvL7pG_0gYI","accountId":"cOhf0qL8VrxGVkTtAcrtXc9YH_pvChNm9LEbrGCgzqBdJ5s","puuid":"ns4e6KeHXZxQR8HfQThbYrOZqtQxgxBWl0RA3aBiJHzUyIjNzczYAoQW2kwSwVmxi4pLWbYU1pdNwA"},{"name":"ridderhoff","server":"la1","id":"QsRIC7bzsGligmgM1kFNm0AdybfqzjcUTxn3THV9snt_QBA","accountId":"F38lGV3oMzfEQhC62CNZao_HxSuYDTkg3tzxgnYgXtBg5A0","puuid":"Qer2VqOEBWakXp98eGwh9i1jDywh_DnWT6dmPpwHF3q35YSKogtdIsFkLUQOfMHWmZcshPXck8voTA"},{"name":"GGun","server":"na1","id":"aY1jtmqmrAQecYyKwGCNs_NJRfv9VHC0rUlJP9PvDroJKJc","accountId":"WR_QsCPN0IQma69KXB3_q4Ed1x0GHU_KTMh92BPohn0pXWA","puuid":"HR3JZhTOrOzma6t2dDVwwEGPNSNtpfCUdVDKj5BmhmLEKMlu4BzPM7JYDvy4gArL-_AmogrK7OtONg"},{"name":"I Corki Only","server":"na1","id":"-6vMnyCExrUlTwMImRItDWtR2KQOA7LkXaS4HsP3hD0d","accountId":"ZFZMsNUxyvBf401_yxTjMwQdMJn90yL7mstn6yjinB8","puuid":"N7e2AIccgOPun5JTeCo6rgDltwBPrjNQPWs5vpDmQiTTjxJdniBSdAS8ADIPHyyl2Xq9W9AOmLuKXA"}],"hide_rank":false}