{"1":{"pts":1238,"lvl":1},"2":{"pts":118,"lvl":1},"3":{"pts":1139,"lvl":1},"5":{"pts":141,"lvl":1},"8":{"pts":6573,"lvl":3},"9":{"pts":2848,"lvl":2},"10":{"pts":1115,"lvl":1},"11":{"pts":1101,"lvl":1},"12":{"pts":8823,"lvl":3},"13":{"pts":12033,"lvl":3},"15":{"pts":853,"lvl":1},"16":{"pts":854,"lvl":1},"17":{"pts":872,"lvl":1},"20":{"pts":1147,"lvl":1},"21":{"pts":260,"lvl":1},"22":{"pts":7091,"lvl":2},"23":{"pts":760,"lvl":1},"24":{"pts":166,"lvl":1},"25":{"pts":1244,"lvl":1},"26":{"pts":16898,"lvl":4},"27":{"pts":245,"lvl":1},"29":{"pts":3134,"lvl":2},"32":{"pts":859,"lvl":1},"33":{"pts":766,"lvl":1},"34":{"pts":1676,"lvl":1},"36":{"pts":797,"lvl":1},"37":{"pts":2215,"lvl":2},"38":{"pts":1961,"lvl":2},"41":{"pts":754,"lvl":1},"42":{"pts":16996,"lvl":4},"44":{"pts":11746,"lvl":3},"45":{"pts":27817,"lvl":5},"48":{"pts":1032,"lvl":1},"51":{"pts":3804,"lvl":2},"53":{"pts":126,"lvl":1},"54":{"pts":995,"lvl":1},"56":{"pts":305,"lvl":1},"57":{"pts":115,"lvl":1},"58":{"pts":17438,"lvl":4},"61":{"pts":173,"lvl":1},"63":{"pts":2630,"lvl":1},"68":{"pts":4084,"lvl":2},"69":{"pts":4088,"lvl":2},"72":{"pts":959,"lvl":1},"74":{"pts":660,"lvl":1},"75":{"pts":148,"lvl":1},"76":{"pts":151,"lvl":1},"77":{"pts":1372,"lvl":1},"78":{"pts":9310,"lvl":3},"80":{"pts":662,"lvl":1},"82":{"pts":573,"lvl":1},"83":{"pts":120,"lvl":1},"84":{"pts":124,"lvl":1},"85":{"pts":15235,"lvl":4},"86":{"pts":77,"lvl":1},"89":{"pts":667,"lvl":1},"90":{"pts":3297,"lvl":2},"98":{"pts":1078,"lvl":1},"99":{"pts":1243,"lvl":1},"101":{"pts":4000,"lvl":2},"103":{"pts":699,"lvl":1},"104":{"pts":3164,"lvl":1},"105":{"pts":1282,"lvl":1},"110":{"pts":986,"lvl":1},"112":{"pts":7789,"lvl":3},"115":{"pts":864,"lvl":1},"117":{"pts":168,"lvl":1},"120":{"pts":104,"lvl":1},"122":{"pts":391,"lvl":1},"133":{"pts":1560,"lvl":1},"136":{"pts":1054,"lvl":1},"141":{"pts":2167,"lvl":2},"142":{"pts":919,"lvl":1},"150":{"pts":3968,"lvl":2},"154":{"pts":11638,"lvl":3},"161":{"pts":16548,"lvl":4},"163":{"pts":7007,"lvl":3},"164":{"pts":182,"lvl":1},"201":{"pts":2931,"lvl":2},"202":{"pts":3073,"lvl":2},"222":{"pts":94,"lvl":1},"223":{"pts":3847,"lvl":2},"240":{"pts":8919,"lvl":3},"245":{"pts":15607,"lvl":4},"267":{"pts":368,"lvl":1},"412":{"pts":228,"lvl":1},"421":{"pts":126,"lvl":1},"427":{"pts":507,"lvl":1},"429":{"pts":786,"lvl":1},"432":{"pts":32741,"lvl":6},"497":{"pts":9351,"lvl":3},"timestamp":1558555052210}