{"main":0,"accounts":[{"name":"EffEssEmm","server":"euw1","id":"fDKx935EO99su0GrSXsG8kzavkDZRmvfjzc4wo9Do5O-BRat","accountId":"RYFMA7ToIOzKmGLl2HhTC9awrqYfrYfggRvDa8WxhybLy40","puuid":"v81atK9CKMu5n68hro4AFOeU5fTSGXSYij4e2sW1y9gUM7zb80AWyf9PUT0fNC97Y0MeE5tV4uU4gQ"},{"name":"Me SoloQ Ape","server":"euw1","id":"WRtmxvbQWLGEP7uNRlNHiekPKryvd9q3eYPsoEHesSYd-MZq","accountId":"HDUjTA6fsyySQ1PQ_p4SjxpyVLncvewoPl9niUlqJTQ_e60","puuid":"CTRFH49tMU2RffFRrvmYT5GCMf6iy9693HVRrN6FjOuB2ouc5jP4tSoPVLOFNXJWjE3pIl8MP3nKFA"}]}