[{"id":"126008190067408897","admin":true,"mod":true,"mod_cmds":true},{"id":"126008190067408897","admin":true,"mod":true,"mod_cmds":true},{"id":"244234418007441408","admin":true,"mod":true,"mod_cmds":true},{"id":"155149108183695360","admin":true,"mod":true,"mod_cmds":true},{"id":"240482527695994880","admin":true,"mod":true,"mod_cmds":true},{"id":"170903342199865344","admin":true,"mod":true,"mod_cmds":true},{"id":"332958493722017792","admin":true,"mod":true,"mod_cmds":true},{"id":"147806040107384834","admin":false,"mod":true,"mod_cmds":true},{"id":"186157998538883092","admin":true,"mod":true,"mod_cmds":true}]