{"1":{"pts":9921,"lvl":3},"2":{"pts":9011,"lvl":3},"3":{"pts":6840,"lvl":3},"4":{"pts":49557,"lvl":5},"5":{"pts":8840,"lvl":3},"6":{"pts":396,"lvl":1},"7":{"pts":11645,"lvl":3},"8":{"pts":329939,"lvl":7},"9":{"pts":2904,"lvl":2},"10":{"pts":9305,"lvl":3},"11":{"pts":28910,"lvl":5},"12":{"pts":71171,"lvl":5},"13":{"pts":11705,"lvl":3},"14":{"pts":14395,"lvl":4},"15":{"pts":4455,"lvl":2},"16":{"pts":4434,"lvl":2},"17":{"pts":4009,"lvl":2},"18":{"pts":7937,"lvl":3},"19":{"pts":867,"lvl":1},"20":{"pts":1742,"lvl":1},"22":{"pts":26693,"lvl":5},"23":{"pts":11080,"lvl":3},"24":{"pts":11788,"lvl":3},"25":{"pts":6148,"lvl":3},"26":{"pts":1483,"lvl":1},"27":{"pts":211,"lvl":1},"28":{"pts":1803,"lvl":2},"29":{"pts":7165,"lvl":3},"30":{"pts":3323,"lvl":2},"31":{"pts":10503,"lvl":3},"32":{"pts":1740,"lvl":1},"33":{"pts":5811,"lvl":2},"34":{"pts":25093,"lvl":5},"35":{"pts":3039,"lvl":2},"37":{"pts":981,"lvl":1},"38":{"pts":67268,"lvl":7},"39":{"pts":6679,"lvl":3},"40":{"pts":10257,"lvl":3},"41":{"pts":10981,"lvl":3},"42":{"pts":44713,"lvl":5},"43":{"pts":1864,"lvl":2},"45":{"pts":931,"lvl":1},"48":{"pts":877,"lvl":1},"50":{"pts":275,"lvl":1},"51":{"pts":156,"lvl":1},"53":{"pts":9315,"lvl":3},"54":{"pts":57375,"lvl":5},"55":{"pts":17270,"lvl":4},"56":{"pts":1220,"lvl":1},"57":{"pts":14790,"lvl":4},"58":{"pts":1496,"lvl":1},"59":{"pts":476,"lvl":1},"60":{"pts":1228,"lvl":1},"61":{"pts":12673,"lvl":4},"62":{"pts":2504,"lvl":2},"63":{"pts":272,"lvl":1},"64":{"pts":5575,"lvl":2},"67":{"pts":28664,"lvl":5},"68":{"pts":8093,"lvl":3},"69":{"pts":21628,"lvl":5},"75":{"pts":3545,"lvl":2},"76":{"pts":11388,"lvl":3},"77":{"pts":12035,"lvl":3},"78":{"pts":1682,"lvl":1},"79":{"pts":27240,"lvl":5},"80":{"pts":262,"lvl":1},"81":{"pts":98239,"lvl":6},"82":{"pts":713,"lvl":1},"84":{"pts":1349,"lvl":1},"85":{"pts":12273,"lvl":3},"86":{"pts":7514,"lvl":3},"89":{"pts":898,"lvl":1},"90":{"pts":1622,"lvl":1},"91":{"pts":3510,"lvl":2},"92":{"pts":41738,"lvl":6},"96":{"pts":32595,"lvl":5},"98":{"pts":558,"lvl":1},"99":{"pts":2689,"lvl":2},"101":{"pts":3703,"lvl":2},"102":{"pts":5825,"lvl":2},"103":{"pts":4474,"lvl":2},"104":{"pts":3404,"lvl":2},"105":{"pts":21732,"lvl":5},"106":{"pts":1030,"lvl":1},"107":{"pts":6884,"lvl":3},"110":{"pts":32576,"lvl":5},"111":{"pts":17453,"lvl":4},"112":{"pts":781471,"lvl":7},"113":{"pts":1424,"lvl":1},"114":{"pts":52677,"lvl":5},"117":{"pts":3469,"lvl":2},"119":{"pts":5564,"lvl":2},"120":{"pts":3384,"lvl":2},"121":{"pts":4582,"lvl":2},"126":{"pts":5868,"lvl":2},"127":{"pts":14916,"lvl":4},"131":{"pts":7425,"lvl":3},"133":{"pts":12574,"lvl":3},"134":{"pts":5152,"lvl":2},"136":{"pts":5056,"lvl":2},"141":{"pts":1223,"lvl":1},"142":{"pts":3140,"lvl":2},"145":{"pts":2667,"lvl":2},"150":{"pts":2065,"lvl":2},"154":{"pts":1359,"lvl":1},"157":{"pts":90224,"lvl":5},"161":{"pts":953,"lvl":1},"163":{"pts":27899,"lvl":5},"164":{"pts":4029,"lvl":2},"201":{"pts":2705,"lvl":2},"202":{"pts":1661,"lvl":1},"203":{"pts":3383,"lvl":2},"222":{"pts":467,"lvl":1},"223":{"pts":307,"lvl":1},"236":{"pts":18067,"lvl":4},"238":{"pts":3974,"lvl":2},"245":{"pts":36600,"lvl":5},"268":{"pts":5482,"lvl":2},"412":{"pts":1490,"lvl":1},"420":{"pts":159,"lvl":1},"421":{"pts":1273,"lvl":1},"429":{"pts":23311,"lvl":5},"432":{"pts":2197,"lvl":2},"497":{"pts":752,"lvl":1},"498":{"pts":4406,"lvl":2},"516":{"pts":4116,"lvl":2},"517":{"pts":2523,"lvl":2},"518":{"pts":137,"lvl":1},"timestamp":1558497454235}