{"1":{"pts":1023,"lvl":1},"2":{"pts":5632,"lvl":2},"3":{"pts":24696,"lvl":5},"4":{"pts":6730,"lvl":3},"5":{"pts":6836,"lvl":3},"6":{"pts":18271,"lvl":4},"7":{"pts":7577,"lvl":3},"8":{"pts":11339,"lvl":3},"9":{"pts":3820,"lvl":2},"10":{"pts":1772,"lvl":1},"11":{"pts":774,"lvl":1},"12":{"pts":135722,"lvl":7},"13":{"pts":48812,"lvl":7},"14":{"pts":10698,"lvl":3},"15":{"pts":3513,"lvl":2},"16":{"pts":11653,"lvl":3},"17":{"pts":145,"lvl":1},"18":{"pts":13559,"lvl":4},"19":{"pts":8030,"lvl":3},"20":{"pts":28551,"lvl":6},"21":{"pts":27230,"lvl":5},"22":{"pts":8215,"lvl":3},"23":{"pts":1149,"lvl":1},"25":{"pts":10254,"lvl":3},"26":{"pts":15048,"lvl":4},"27":{"pts":1746,"lvl":1},"28":{"pts":12669,"lvl":4},"29":{"pts":21920,"lvl":5},"30":{"pts":96876,"lvl":7},"31":{"pts":9768,"lvl":3},"32":{"pts":21627,"lvl":5},"33":{"pts":58124,"lvl":6},"34":{"pts":570,"lvl":1},"35":{"pts":9733,"lvl":3},"36":{"pts":8438,"lvl":3},"37":{"pts":7014,"lvl":3},"38":{"pts":67654,"lvl":7},"39":{"pts":7162,"lvl":3},"40":{"pts":3384,"lvl":2},"41":{"pts":104424,"lvl":6},"42":{"pts":458460,"lvl":7},"43":{"pts":4726,"lvl":2},"44":{"pts":81522,"lvl":7},"45":{"pts":39902,"lvl":5},"48":{"pts":13099,"lvl":4},"50":{"pts":14330,"lvl":4},"51":{"pts":4011,"lvl":2},"53":{"pts":24867,"lvl":5},"54":{"pts":8623,"lvl":3},"55":{"pts":5608,"lvl":2},"56":{"pts":8154,"lvl":3},"57":{"pts":34998,"lvl":5},"58":{"pts":10704,"lvl":3},"59":{"pts":12601,"lvl":4},"60":{"pts":76331,"lvl":7},"61":{"pts":15241,"lvl":4},"62":{"pts":1637,"lvl":1},"63":{"pts":2817,"lvl":2},"64":{"pts":7606,"lvl":3},"67":{"pts":2786,"lvl":2},"68":{"pts":44254,"lvl":6},"69":{"pts":28647,"lvl":5},"72":{"pts":87333,"lvl":7},"74":{"pts":15081,"lvl":4},"75":{"pts":185,"lvl":1},"76":{"pts":9074,"lvl":3},"77":{"pts":9103,"lvl":3},"78":{"pts":14935,"lvl":4},"79":{"pts":51595,"lvl":5},"80":{"pts":1251,"lvl":1},"81":{"pts":21668,"lvl":5},"82":{"pts":2828,"lvl":2},"83":{"pts":3280,"lvl":2},"84":{"pts":2713,"lvl":2},"85":{"pts":5061,"lvl":2},"86":{"pts":2389,"lvl":2},"89":{"pts":48032,"lvl":7},"90":{"pts":3107,"lvl":2},"91":{"pts":5354,"lvl":2},"92":{"pts":967,"lvl":1},"96":{"pts":99444,"lvl":6},"98":{"pts":43080,"lvl":5},"99":{"pts":4904,"lvl":2},"101":{"pts":6013,"lvl":3},"102":{"pts":18976,"lvl":4},"103":{"pts":21182,"lvl":4},"104":{"pts":24174,"lvl":5},"105":{"pts":21696,"lvl":5},"106":{"pts":12507,"lvl":3},"107":{"pts":6693,"lvl":3},"110":{"pts":12686,"lvl":4},"111":{"pts":124389,"lvl":7},"112":{"pts":18154,"lvl":4},"113":{"pts":31639,"lvl":5},"114":{"pts":8673,"lvl":3},"115":{"pts":2080,"lvl":2},"117":{"pts":24549,"lvl":5},"119":{"pts":3339,"lvl":2},"120":{"pts":118884,"lvl":7},"121":{"pts":9149,"lvl":3},"122":{"pts":2826,"lvl":2},"126":{"pts":9060,"lvl":3},"127":{"pts":11513,"lvl":3},"131":{"pts":1638,"lvl":1},"133":{"pts":4571,"lvl":2},"134":{"pts":14473,"lvl":4},"136":{"pts":8304,"lvl":3},"141":{"pts":9371,"lvl":3},"142":{"pts":5196,"lvl":2},"143":{"pts":19510,"lvl":4},"145":{"pts":157,"lvl":1},"150":{"pts":5305,"lvl":2},"154":{"pts":83220,"lvl":5},"157":{"pts":3704,"lvl":2},"161":{"pts":28966,"lvl":5},"163":{"pts":343,"lvl":1},"164":{"pts":394,"lvl":1},"201":{"pts":31447,"lvl":6},"202":{"pts":6076,"lvl":3},"203":{"pts":7923,"lvl":3},"222":{"pts":1107,"lvl":1},"223":{"pts":17309,"lvl":4},"236":{"pts":16015,"lvl":4},"238":{"pts":6543,"lvl":3},"240":{"pts":4823,"lvl":2},"245":{"pts":16024,"lvl":4},"254":{"pts":37591,"lvl":6},"266":{"pts":3344,"lvl":2},"267":{"pts":12531,"lvl":3},"268":{"pts":10814,"lvl":3},"350":{"pts":5032,"lvl":2},"412":{"pts":86055,"lvl":7},"420":{"pts":2563,"lvl":2},"421":{"pts":16999,"lvl":4},"427":{"pts":18667,"lvl":4},"429":{"pts":8247,"lvl":3},"432":{"pts":54941,"lvl":6},"497":{"pts":15392,"lvl":4},"498":{"pts":651,"lvl":1},"516":{"pts":4888,"lvl":2},"517":{"pts":1438,"lvl":1},"518":{"pts":822,"lvl":1},"555":{"pts":12443,"lvl":3},"timestamp":1558555049996}