{"1":{"pts":3877,"lvl":2},"2":{"pts":1836,"lvl":2},"3":{"pts":22693,"lvl":5},"4":{"pts":8554,"lvl":3},"5":{"pts":3002,"lvl":2},"6":{"pts":1791,"lvl":1},"7":{"pts":15223,"lvl":4},"8":{"pts":9414,"lvl":3},"9":{"pts":14651,"lvl":4},"11":{"pts":2637,"lvl":2},"12":{"pts":15130,"lvl":4},"13":{"pts":4543,"lvl":2},"14":{"pts":4005,"lvl":2},"15":{"pts":14735,"lvl":4},"16":{"pts":1139,"lvl":1},"17":{"pts":57615,"lvl":7},"18":{"pts":35693,"lvl":7},"19":{"pts":7993,"lvl":3},"20":{"pts":3073,"lvl":2},"21":{"pts":22109,"lvl":5},"22":{"pts":2585,"lvl":2},"23":{"pts":1103,"lvl":1},"24":{"pts":2829,"lvl":2},"25":{"pts":37525,"lvl":7},"26":{"pts":7135,"lvl":3},"27":{"pts":1573,"lvl":1},"28":{"pts":6093,"lvl":3},"29":{"pts":4377,"lvl":2},"30":{"pts":4602,"lvl":2},"31":{"pts":2207,"lvl":2},"32":{"pts":2728,"lvl":2},"33":{"pts":1909,"lvl":2},"34":{"pts":22814,"lvl":5},"35":{"pts":41574,"lvl":7},"36":{"pts":2027,"lvl":2},"37":{"pts":4200,"lvl":2},"38":{"pts":428,"lvl":1},"39":{"pts":7057,"lvl":3},"40":{"pts":1749,"lvl":1},"41":{"pts":2821,"lvl":2},"42":{"pts":502650,"lvl":7},"43":{"pts":11595,"lvl":3},"44":{"pts":674,"lvl":1},"45":{"pts":9867,"lvl":3},"48":{"pts":976,"lvl":1},"50":{"pts":704,"lvl":1},"51":{"pts":127624,"lvl":7},"53":{"pts":11857,"lvl":3},"54":{"pts":2563,"lvl":2},"55":{"pts":14434,"lvl":4},"56":{"pts":4045,"lvl":2},"57":{"pts":16459,"lvl":4},"58":{"pts":3244,"lvl":2},"59":{"pts":1383,"lvl":1},"60":{"pts":1563,"lvl":1},"61":{"pts":8958,"lvl":3},"62":{"pts":7542,"lvl":3},"63":{"pts":1223,"lvl":1},"64":{"pts":5110,"lvl":2},"67":{"pts":52680,"lvl":6},"68":{"pts":4108,"lvl":2},"69":{"pts":15220,"lvl":4},"72":{"pts":1734,"lvl":1},"74":{"pts":6425,"lvl":3},"75":{"pts":1613,"lvl":1},"76":{"pts":2767,"lvl":2},"78":{"pts":173833,"lvl":6},"79":{"pts":10644,"lvl":3},"80":{"pts":3509,"lvl":2},"81":{"pts":67662,"lvl":7},"82":{"pts":6914,"lvl":3},"83":{"pts":332,"lvl":1},"84":{"pts":7399,"lvl":3},"85":{"pts":3910,"lvl":2},"86":{"pts":7847,"lvl":3},"89":{"pts":9091,"lvl":3},"90":{"pts":12913,"lvl":4},"91":{"pts":5301,"lvl":2},"92":{"pts":2481,"lvl":2},"96":{"pts":10355,"lvl":3},"98":{"pts":1261,"lvl":1},"99":{"pts":3857,"lvl":2},"101":{"pts":462,"lvl":1},"103":{"pts":29497,"lvl":5},"104":{"pts":5336,"lvl":2},"105":{"pts":7506,"lvl":3},"106":{"pts":159,"lvl":1},"107":{"pts":24260,"lvl":5},"110":{"pts":28691,"lvl":6},"111":{"pts":11708,"lvl":3},"112":{"pts":4951,"lvl":2},"113":{"pts":346,"lvl":1},"114":{"pts":8935,"lvl":3},"115":{"pts":3776,"lvl":2},"117":{"pts":2939,"lvl":2},"119":{"pts":112167,"lvl":7},"120":{"pts":4985,"lvl":2},"121":{"pts":7176,"lvl":3},"122":{"pts":4014,"lvl":2},"126":{"pts":1812,"lvl":2},"127":{"pts":12519,"lvl":3},"131":{"pts":9356,"lvl":3},"133":{"pts":3783,"lvl":2},"134":{"pts":2896,"lvl":2},"136":{"pts":5112,"lvl":2},"141":{"pts":8978,"lvl":3},"142":{"pts":1209,"lvl":1},"143":{"pts":20200,"lvl":4},"145":{"pts":89081,"lvl":7},"150":{"pts":8293,"lvl":3},"154":{"pts":15867,"lvl":4},"157":{"pts":43030,"lvl":7},"161":{"pts":15036,"lvl":4},"163":{"pts":11507,"lvl":3},"164":{"pts":8177,"lvl":3},"201":{"pts":86230,"lvl":7},"202":{"pts":103083,"lvl":7},"203":{"pts":29884,"lvl":6},"222":{"pts":50037,"lvl":7},"223":{"pts":22755,"lvl":5},"236":{"pts":95437,"lvl":7},"238":{"pts":11241,"lvl":3},"240":{"pts":879,"lvl":1},"245":{"pts":73895,"lvl":6},"254":{"pts":8037,"lvl":3},"266":{"pts":51,"lvl":1},"267":{"pts":822,"lvl":1},"268":{"pts":21781,"lvl":5},"350":{"pts":1118,"lvl":1},"412":{"pts":28207,"lvl":5},"420":{"pts":3607,"lvl":2},"421":{"pts":110845,"lvl":6},"427":{"pts":4842,"lvl":2},"429":{"pts":18195,"lvl":4},"432":{"pts":171607,"lvl":7},"497":{"pts":5033,"lvl":2},"498":{"pts":61464,"lvl":7},"516":{"pts":2512,"lvl":2},"517":{"pts":5574,"lvl":2},"518":{"pts":5468,"lvl":2},"555":{"pts":9984,"lvl":3},"timestamp":1558555050355}