{"1":{"pts":18127,"lvl":4},"2":{"pts":3742,"lvl":2},"3":{"pts":132,"lvl":1},"4":{"pts":310,"lvl":1},"6":{"pts":806,"lvl":1},"7":{"pts":4895,"lvl":2},"8":{"pts":29546,"lvl":5},"10":{"pts":1977,"lvl":2},"11":{"pts":430,"lvl":1},"12":{"pts":876,"lvl":1},"13":{"pts":4550,"lvl":2},"14":{"pts":243,"lvl":1},"15":{"pts":5489,"lvl":2},"16":{"pts":6448,"lvl":3},"17":{"pts":2754,"lvl":2},"18":{"pts":37010,"lvl":6},"19":{"pts":531,"lvl":1},"20":{"pts":1069,"lvl":1},"21":{"pts":2038,"lvl":2},"22":{"pts":6769,"lvl":3},"23":{"pts":1484,"lvl":1},"26":{"pts":4314,"lvl":2},"29":{"pts":86701,"lvl":5},"35":{"pts":963,"lvl":1},"36":{"pts":859,"lvl":1},"38":{"pts":3340,"lvl":2},"39":{"pts":107,"lvl":1},"42":{"pts":422230,"lvl":7},"44":{"pts":1651,"lvl":1},"45":{"pts":136,"lvl":1},"53":{"pts":314,"lvl":1},"54":{"pts":2576,"lvl":2},"55":{"pts":7132,"lvl":3},"57":{"pts":6096,"lvl":2},"59":{"pts":822,"lvl":1},"61":{"pts":9251,"lvl":3},"63":{"pts":964,"lvl":1},"64":{"pts":2150,"lvl":2},"67":{"pts":13458,"lvl":3},"68":{"pts":252,"lvl":1},"69":{"pts":1077,"lvl":1},"74":{"pts":966,"lvl":1},"75":{"pts":213,"lvl":1},"76":{"pts":931,"lvl":1},"77":{"pts":3746,"lvl":2},"78":{"pts":194,"lvl":1},"80":{"pts":287,"lvl":1},"81":{"pts":49210,"lvl":5},"85":{"pts":1166,"lvl":1},"86":{"pts":2203,"lvl":2},"90":{"pts":23456,"lvl":5},"96":{"pts":44552,"lvl":5},"98":{"pts":1993,"lvl":2},"101":{"pts":650,"lvl":1},"102":{"pts":575,"lvl":1},"103":{"pts":723,"lvl":1},"104":{"pts":1258,"lvl":1},"105":{"pts":405,"lvl":1},"107":{"pts":212,"lvl":1},"110":{"pts":11248,"lvl":3},"114":{"pts":2425,"lvl":2},"115":{"pts":2114,"lvl":2},"117":{"pts":144,"lvl":1},"119":{"pts":836,"lvl":1},"120":{"pts":2035,"lvl":2},"131":{"pts":2097,"lvl":2},"133":{"pts":1158,"lvl":1},"134":{"pts":22148,"lvl":5},"145":{"pts":33771,"lvl":5},"150":{"pts":8297,"lvl":3},"157":{"pts":1407,"lvl":1},"202":{"pts":1599,"lvl":1},"203":{"pts":1064,"lvl":1},"222":{"pts":7880,"lvl":3},"223":{"pts":1010,"lvl":1},"236":{"pts":17703,"lvl":3},"238":{"pts":593,"lvl":1},"245":{"pts":2404,"lvl":2},"254":{"pts":127,"lvl":1},"266":{"pts":2155,"lvl":2},"267":{"pts":941,"lvl":1},"268":{"pts":138,"lvl":1},"420":{"pts":118,"lvl":1},"429":{"pts":1661,"lvl":1},"432":{"pts":3704,"lvl":2},"498":{"pts":33279,"lvl":5},"518":{"pts":999,"lvl":1},"timestamp":1558555049836}