{"main":0,"accounts":[{"name":"lol of juokalas","server":"euw1","id":"-WxV0vS1VNYOLMDrDgpaypxGBJrGavkPxLhc9E1ebmlYTik","accountId":"hHIBzGoet8TEzNKsn-tlM8ezsD7D9_7kLhXyd5LGBX0LC1U","puuid":"b1oZZjEWrnfqZwaDIytbRe0y1gXvD21orPbVphleY7wHWsUnwDfEXctqXqDxFxhgy2y-ytaaN7AWwQ"},{"name":"krnsz","server":"euw1","id":"9l6d4CcUyUoQAaGVzNnL_NAbMuUOlwQpch2_IWCu1IcDQLth","accountId":"60WI0xMDcaTWEVv1urwOxm2gKWlJmGJe1QLXAMbkH8VpEuG2Ft4UJapS","puuid":"kdq2Js6lIUrM2cVol-ELv3Eh5v2EmknzlqkJhO_h3_3c-v_OpwrABxt95otwx1suDijGjxTgUb-pZw"}]}