{"1":{"pts":18935,"lvl":3},"2":{"pts":10959,"lvl":3},"3":{"pts":5236,"lvl":2},"4":{"pts":14880,"lvl":3},"5":{"pts":83619,"lvl":6},"6":{"pts":267,"lvl":1},"7":{"pts":17708,"lvl":4},"8":{"pts":24593,"lvl":5},"9":{"pts":13283,"lvl":3},"10":{"pts":4201,"lvl":2},"11":{"pts":14532,"lvl":4},"12":{"pts":77734,"lvl":7},"13":{"pts":3592,"lvl":2},"14":{"pts":15073,"lvl":4},"15":{"pts":8765,"lvl":3},"16":{"pts":50868,"lvl":6},"17":{"pts":11660,"lvl":2},"18":{"pts":1750,"lvl":1},"19":{"pts":18676,"lvl":4},"20":{"pts":1530,"lvl":1},"21":{"pts":85438,"lvl":6},"22":{"pts":27634,"lvl":3},"23":{"pts":63995,"lvl":7},"24":{"pts":41127,"lvl":5},"25":{"pts":51073,"lvl":6},"26":{"pts":1378,"lvl":1},"27":{"pts":1788,"lvl":1},"28":{"pts":162,"lvl":1},"29":{"pts":110523,"lvl":7},"30":{"pts":2061,"lvl":1},"31":{"pts":17226,"lvl":4},"32":{"pts":45952,"lvl":6},"33":{"pts":51416,"lvl":6},"34":{"pts":4383,"lvl":2},"35":{"pts":14047,"lvl":3},"36":{"pts":7824,"lvl":2},"37":{"pts":25341,"lvl":5},"38":{"pts":18602,"lvl":3},"39":{"pts":15606,"lvl":3},"40":{"pts":21161,"lvl":4},"41":{"pts":651,"lvl":1},"42":{"pts":1105918,"lvl":7},"43":{"pts":3962,"lvl":2},"44":{"pts":12882,"lvl":3},"45":{"pts":3929,"lvl":2},"48":{"pts":4147,"lvl":2},"50":{"pts":1851,"lvl":1},"51":{"pts":104454,"lvl":7},"53":{"pts":33816,"lvl":6},"54":{"pts":6288,"lvl":2},"55":{"pts":9999,"lvl":3},"56":{"pts":1356,"lvl":1},"57":{"pts":26713,"lvl":5},"58":{"pts":154028,"lvl":7},"59":{"pts":16530,"lvl":3},"61":{"pts":6464,"lvl":2},"62":{"pts":5733,"lvl":2},"63":{"pts":52415,"lvl":6},"64":{"pts":134129,"lvl":7},"67":{"pts":176571,"lvl":7},"68":{"pts":5959,"lvl":2},"69":{"pts":1307,"lvl":1},"72":{"pts":17467,"lvl":4},"74":{"pts":12442,"lvl":3},"75":{"pts":63441,"lvl":6},"76":{"pts":54637,"lvl":7},"77":{"pts":255557,"lvl":7},"78":{"pts":50494,"lvl":5},"79":{"pts":2129,"lvl":1},"80":{"pts":24676,"lvl":5},"81":{"pts":326433,"lvl":7},"82":{"pts":15371,"lvl":4},"83":{"pts":1984,"lvl":1},"84":{"pts":18435,"lvl":3},"85":{"pts":6828,"lvl":2},"86":{"pts":25483,"lvl":5},"89":{"pts":52313,"lvl":5},"90":{"pts":27221,"lvl":4},"91":{"pts":13162,"lvl":3},"92":{"pts":30675,"lvl":4},"96":{"pts":4756,"lvl":2},"98":{"pts":1385,"lvl":1},"99":{"pts":13827,"lvl":3},"101":{"pts":86606,"lvl":7},"102":{"pts":6913,"lvl":2},"103":{"pts":15414,"lvl":3},"104":{"pts":68493,"lvl":7},"105":{"pts":101264,"lvl":7},"106":{"pts":16435,"lvl":4},"107":{"pts":10122,"lvl":3},"110":{"pts":34529,"lvl":4},"111":{"pts":66167,"lvl":7},"112":{"pts":5255,"lvl":2},"113":{"pts":1918,"lvl":1},"114":{"pts":4828,"lvl":2},"115":{"pts":726,"lvl":1},"117":{"pts":65887,"lvl":7},"119":{"pts":29028,"lvl":4},"120":{"pts":7987,"lvl":2},"121":{"pts":184925,"lvl":7},"122":{"pts":1557,"lvl":1},"126":{"pts":1470,"lvl":1},"127":{"pts":3431,"lvl":2},"131":{"pts":10208,"lvl":3},"133":{"pts":1208,"lvl":1},"134":{"pts":3677,"lvl":2},"136":{"pts":1292,"lvl":1},"141":{"pts":3925,"lvl":2},"143":{"pts":10814,"lvl":2},"145":{"pts":42515,"lvl":6},"150":{"pts":3490,"lvl":2},"154":{"pts":22221,"lvl":4},"157":{"pts":32104,"lvl":4},"161":{"pts":1413,"lvl":1},"163":{"pts":2790,"lvl":2},"164":{"pts":2709,"lvl":1},"201":{"pts":19709,"lvl":3},"202":{"pts":5628,"lvl":2},"203":{"pts":10138,"lvl":2},"222":{"pts":100183,"lvl":7},"223":{"pts":10919,"lvl":2},"236":{"pts":428348,"lvl":7},"238":{"pts":472,"lvl":1},"245":{"pts":12555,"lvl":2},"254":{"pts":86159,"lvl":7},"266":{"pts":23923,"lvl":4},"267":{"pts":8482,"lvl":2},"268":{"pts":4881,"lvl":2},"412":{"pts":130789,"lvl":7},"420":{"pts":2320,"lvl":1},"421":{"pts":1686,"lvl":1},"429":{"pts":64691,"lvl":5},"432":{"pts":8041,"lvl":3},"497":{"pts":5159,"lvl":2},"498":{"pts":38630,"lvl":5},"518":{"pts":626,"lvl":1},"555":{"pts":1299,"lvl":1},"timestamp":1558555050444}