{"main":0,"accounts":[{"name":"Corkì","server":"euw1","id":"4eW8vodi3HzfNxKw3XP32ZcrEOOHnfrGWGded6GNqRRqN9E","accountId":"R6tstpglpBxfqwefL89PtFnsC1PmTsfG3mmlyUrXbINlew","puuid":"5ZmbKWKkPvLuk7ac-Rd-xQJ6K-ykpTgfxHUsSkiAZaH6qokiwnX-nXM-5EHvITgUoDYLH184AfMQWQ"},{"name":"Łucìan","server":"euw1","id":"Qeq9cFXodCJyc7kysmZWHh8VGGq5Xb-y0eDfWoyT7vXdRN0","accountId":"xhbhS1llNM7d8t5k35AdlUBvwWlgGV_br80cP_HSorlyO7E","puuid":"AEItL-9N516Avks9uk2WRlrbg7KGRE3XduIB_f5l4ebjX3W-pOZhCrQ-IuZiZW2FHyQh_EonJ_Eebg"},{"name":"Corkı","server":"euw1","id":"xQSta6SpVNS1I96xzPIiBt9lmI07T_klej3WG5AiwlPbH1A","accountId":"3huGgfSZiOoASmCNkHw6JoP0yJ7rKhy_bWSBwD9XovYhXQ","puuid":"HMsHd-YLKpx8Qzi7A_94iema8PstdCpzDIl6_Prd74QTvcIlZW3-MSENW2RHWRMFvNdsHkbmhcEetg"}]}