{"1":{"pts":5286,"lvl":2},"2":{"pts":4697,"lvl":2},"3":{"pts":12278,"lvl":3},"4":{"pts":3752,"lvl":2},"5":{"pts":2629,"lvl":2},"6":{"pts":12393,"lvl":3},"7":{"pts":6860,"lvl":3},"8":{"pts":20121,"lvl":4},"9":{"pts":14687,"lvl":4},"10":{"pts":4114,"lvl":2},"11":{"pts":9870,"lvl":3},"12":{"pts":6747,"lvl":3},"13":{"pts":10386,"lvl":3},"14":{"pts":7830,"lvl":3},"15":{"pts":12837,"lvl":4},"16":{"pts":7590,"lvl":3},"17":{"pts":18426,"lvl":4},"18":{"pts":9689,"lvl":3},"19":{"pts":19947,"lvl":4},"20":{"pts":11607,"lvl":3},"21":{"pts":17736,"lvl":4},"22":{"pts":15252,"lvl":4},"23":{"pts":13598,"lvl":4},"24":{"pts":11379,"lvl":3},"25":{"pts":5673,"lvl":2},"26":{"pts":6737,"lvl":3},"27":{"pts":10164,"lvl":3},"28":{"pts":7925,"lvl":3},"29":{"pts":51486,"lvl":6},"30":{"pts":17335,"lvl":4},"31":{"pts":15006,"lvl":4},"32":{"pts":43894,"lvl":6},"33":{"pts":11702,"lvl":3},"34":{"pts":9009,"lvl":3},"35":{"pts":13322,"lvl":4},"36":{"pts":2926,"lvl":2},"37":{"pts":6363,"lvl":3},"38":{"pts":8261,"lvl":3},"39":{"pts":4361,"lvl":2},"40":{"pts":17716,"lvl":4},"41":{"pts":5399,"lvl":2},"42":{"pts":86798,"lvl":7},"43":{"pts":5123,"lvl":2},"44":{"pts":11293,"lvl":3},"45":{"pts":37103,"lvl":7},"48":{"pts":9880,"lvl":3},"50":{"pts":18119,"lvl":4},"51":{"pts":34479,"lvl":6},"53":{"pts":11940,"lvl":3},"54":{"pts":17379,"lvl":4},"55":{"pts":1164,"lvl":1},"56":{"pts":7750,"lvl":3},"57":{"pts":6717,"lvl":3},"58":{"pts":3443,"lvl":2},"59":{"pts":11364,"lvl":3},"60":{"pts":9203,"lvl":3},"61":{"pts":8583,"lvl":3},"62":{"pts":10315,"lvl":3},"63":{"pts":14181,"lvl":4},"64":{"pts":31192,"lvl":5},"67":{"pts":13148,"lvl":4},"68":{"pts":18552,"lvl":4},"69":{"pts":30360,"lvl":5},"72":{"pts":12175,"lvl":3},"74":{"pts":5878,"lvl":2},"75":{"pts":14124,"lvl":4},"76":{"pts":14000,"lvl":4},"77":{"pts":8718,"lvl":3},"78":{"pts":3317,"lvl":2},"79":{"pts":12615,"lvl":4},"80":{"pts":3778,"lvl":2},"81":{"pts":35401,"lvl":6},"82":{"pts":30045,"lvl":6},"83":{"pts":23068,"lvl":5},"84":{"pts":3871,"lvl":2},"85":{"pts":10877,"lvl":3},"86":{"pts":3013,"lvl":2},"89":{"pts":1762,"lvl":1},"90":{"pts":15150,"lvl":4},"91":{"pts":3310,"lvl":2},"96":{"pts":117949,"lvl":7},"98":{"pts":11766,"lvl":3},"99":{"pts":4605,"lvl":2},"101":{"pts":2867,"lvl":2},"102":{"pts":5742,"lvl":2},"103":{"pts":6849,"lvl":3},"104":{"pts":27547,"lvl":5},"105":{"pts":4429,"lvl":2},"106":{"pts":6383,"lvl":3},"107":{"pts":12759,"lvl":4},"110":{"pts":32335,"lvl":6},"111":{"pts":9516,"lvl":3},"112":{"pts":19105,"lvl":4},"113":{"pts":3967,"lvl":2},"114":{"pts":8031,"lvl":3},"115":{"pts":19818,"lvl":4},"117":{"pts":33567,"lvl":6},"119":{"pts":40247,"lvl":6},"120":{"pts":5754,"lvl":2},"121":{"pts":6447,"lvl":3},"122":{"pts":1679,"lvl":1},"126":{"pts":11881,"lvl":3},"127":{"pts":3522,"lvl":2},"131":{"pts":6143,"lvl":3},"133":{"pts":29631,"lvl":6},"134":{"pts":8345,"lvl":3},"136":{"pts":19756,"lvl":4},"141":{"pts":2588,"lvl":2},"142":{"pts":9329,"lvl":3},"143":{"pts":24852,"lvl":5},"145":{"pts":7422,"lvl":3},"150":{"pts":9452,"lvl":3},"154":{"pts":8098,"lvl":3},"157":{"pts":12589,"lvl":3},"161":{"pts":23943,"lvl":5},"163":{"pts":8958,"lvl":3},"164":{"pts":2240,"lvl":2},"201":{"pts":10275,"lvl":3},"202":{"pts":83708,"lvl":7},"203":{"pts":3406,"lvl":2},"222":{"pts":26391,"lvl":5},"223":{"pts":8891,"lvl":3},"236":{"pts":54584,"lvl":7},"238":{"pts":1819,"lvl":2},"240":{"pts":9139,"lvl":3},"245":{"pts":20474,"lvl":4},"254":{"pts":1707,"lvl":1},"266":{"pts":7619,"lvl":3},"267":{"pts":7401,"lvl":3},"268":{"pts":12503,"lvl":3},"412":{"pts":32325,"lvl":6},"420":{"pts":10138,"lvl":3},"421":{"pts":8576,"lvl":3},"427":{"pts":24731,"lvl":5},"429":{"pts":21333,"lvl":4},"432":{"pts":31744,"lvl":5},"497":{"pts":13478,"lvl":4},"498":{"pts":17557,"lvl":4},"516":{"pts":9208,"lvl":3},"517":{"pts":64,"lvl":1},"518":{"pts":372,"lvl":1},"555":{"pts":5738,"lvl":2},"timestamp":1558555050319}