{"1":{"pts":8963,"lvl":3},"2":{"pts":5700,"lvl":2},"3":{"pts":5948,"lvl":2},"4":{"pts":43943,"lvl":6},"5":{"pts":49361,"lvl":7},"6":{"pts":65119,"lvl":7},"7":{"pts":14226,"lvl":4},"8":{"pts":24792,"lvl":5},"9":{"pts":4643,"lvl":2},"10":{"pts":59421,"lvl":7},"11":{"pts":30677,"lvl":6},"12":{"pts":28091,"lvl":6},"13":{"pts":190049,"lvl":7},"14":{"pts":54805,"lvl":6},"15":{"pts":5822,"lvl":2},"16":{"pts":3077,"lvl":2},"17":{"pts":19022,"lvl":4},"18":{"pts":4995,"lvl":2},"19":{"pts":15939,"lvl":4},"20":{"pts":29737,"lvl":6},"21":{"pts":3344,"lvl":2},"22":{"pts":2790,"lvl":2},"23":{"pts":5817,"lvl":2},"24":{"pts":29512,"lvl":6},"25":{"pts":5225,"lvl":2},"26":{"pts":3031,"lvl":2},"27":{"pts":5477,"lvl":2},"28":{"pts":40401,"lvl":7},"29":{"pts":5051,"lvl":2},"30":{"pts":1399,"lvl":1},"31":{"pts":14382,"lvl":4},"32":{"pts":10326,"lvl":3},"33":{"pts":5801,"lvl":2},"34":{"pts":28583,"lvl":5},"35":{"pts":6779,"lvl":3},"36":{"pts":5655,"lvl":2},"37":{"pts":4230,"lvl":2},"38":{"pts":12746,"lvl":4},"39":{"pts":227275,"lvl":7},"40":{"pts":1962,"lvl":2},"41":{"pts":16352,"lvl":4},"42":{"pts":19205,"lvl":4},"43":{"pts":7224,"lvl":3},"44":{"pts":5833,"lvl":2},"45":{"pts":23702,"lvl":5},"48":{"pts":7936,"lvl":3},"50":{"pts":4320,"lvl":2},"51":{"pts":23874,"lvl":5},"53":{"pts":12458,"lvl":3},"54":{"pts":8144,"lvl":3},"55":{"pts":48308,"lvl":7},"56":{"pts":38813,"lvl":6},"57":{"pts":15277,"lvl":4},"58":{"pts":58178,"lvl":7},"59":{"pts":22882,"lvl":5},"60":{"pts":156,"lvl":1},"61":{"pts":3338,"lvl":2},"62":{"pts":41598,"lvl":6},"63":{"pts":5861,"lvl":2},"64":{"pts":53682,"lvl":5},"67":{"pts":26670,"lvl":5},"68":{"pts":17388,"lvl":4},"69":{"pts":4407,"lvl":2},"72":{"pts":11034,"lvl":3},"74":{"pts":8280,"lvl":3},"75":{"pts":30149,"lvl":6},"76":{"pts":58234,"lvl":7},"77":{"pts":6962,"lvl":3},"78":{"pts":9051,"lvl":3},"79":{"pts":1127990,"lvl":7},"80":{"pts":7640,"lvl":3},"81":{"pts":19506,"lvl":4},"82":{"pts":4297,"lvl":2},"83":{"pts":39239,"lvl":6},"84":{"pts":22461,"lvl":5},"85":{"pts":1517,"lvl":1},"86":{"pts":8146,"lvl":3},"89":{"pts":282,"lvl":1},"90":{"pts":9749,"lvl":3},"91":{"pts":3529,"lvl":2},"92":{"pts":58015,"lvl":7},"96":{"pts":47006,"lvl":6},"98":{"pts":5054,"lvl":2},"99":{"pts":10867,"lvl":3},"101":{"pts":11557,"lvl":3},"102":{"pts":32047,"lvl":6},"103":{"pts":2967,"lvl":2},"104":{"pts":18874,"lvl":4},"105":{"pts":30513,"lvl":5},"106":{"pts":7822,"lvl":3},"107":{"pts":25345,"lvl":5},"110":{"pts":1605,"lvl":1},"111":{"pts":296,"lvl":1},"112":{"pts":9713,"lvl":3},"113":{"pts":6885,"lvl":3},"114":{"pts":87039,"lvl":7},"115":{"pts":2641,"lvl":2},"117":{"pts":2819,"lvl":2},"119":{"pts":51354,"lvl":6},"120":{"pts":12553,"lvl":3},"121":{"pts":96747,"lvl":7},"122":{"pts":28210,"lvl":6},"126":{"pts":19901,"lvl":4},"127":{"pts":15716,"lvl":4},"131":{"pts":4546,"lvl":2},"133":{"pts":14258,"lvl":4},"134":{"pts":10083,"lvl":3},"136":{"pts":13319,"lvl":4},"141":{"pts":16228,"lvl":4},"142":{"pts":1525,"lvl":1},"143":{"pts":815,"lvl":1},"145":{"pts":9807,"lvl":3},"150":{"pts":51858,"lvl":6},"154":{"pts":6797,"lvl":3},"157":{"pts":37835,"lvl":6},"161":{"pts":14436,"lvl":4},"163":{"pts":2165,"lvl":2},"164":{"pts":131126,"lvl":7},"201":{"pts":7234,"lvl":3},"202":{"pts":53717,"lvl":6},"203":{"pts":6944,"lvl":3},"222":{"pts":1451,"lvl":1},"223":{"pts":5229,"lvl":2},"236":{"pts":37174,"lvl":6},"238":{"pts":25222,"lvl":5},"240":{"pts":1009,"lvl":1},"245":{"pts":35158,"lvl":5},"254":{"pts":53817,"lvl":7},"266":{"pts":41671,"lvl":7},"267":{"pts":8682,"lvl":3},"268":{"pts":63891,"lvl":6},"412":{"pts":5526,"lvl":2},"420":{"pts":14612,"lvl":4},"421":{"pts":16036,"lvl":4},"427":{"pts":3994,"lvl":2},"429":{"pts":12685,"lvl":4},"432":{"pts":17785,"lvl":4},"497":{"pts":5641,"lvl":2},"498":{"pts":12781,"lvl":4},"516":{"pts":3337,"lvl":2},"517":{"pts":6680,"lvl":3},"518":{"pts":733,"lvl":1},"555":{"pts":6200,"lvl":3},"timestamp":1558555050057}