{"1":{"pts":3177,"lvl":2},"2":{"pts":22991,"lvl":5},"3":{"pts":9397,"lvl":3},"4":{"pts":28195,"lvl":6},"5":{"pts":10668,"lvl":3},"6":{"pts":5539,"lvl":2},"7":{"pts":8850,"lvl":3},"8":{"pts":6305,"lvl":3},"9":{"pts":8763,"lvl":3},"10":{"pts":7831,"lvl":3},"11":{"pts":34479,"lvl":5},"12":{"pts":3237,"lvl":2},"13":{"pts":36053,"lvl":6},"14":{"pts":23315,"lvl":5},"15":{"pts":10553,"lvl":3},"16":{"pts":2244,"lvl":2},"17":{"pts":15205,"lvl":4},"18":{"pts":9414,"lvl":3},"19":{"pts":2901,"lvl":2},"20":{"pts":12066,"lvl":3},"21":{"pts":1388,"lvl":1},"22":{"pts":8098,"lvl":3},"23":{"pts":41932,"lvl":6},"24":{"pts":17194,"lvl":4},"25":{"pts":4355,"lvl":2},"26":{"pts":12605,"lvl":4},"27":{"pts":32942,"lvl":6},"28":{"pts":5816,"lvl":2},"29":{"pts":2058,"lvl":2},"30":{"pts":1973,"lvl":2},"31":{"pts":6524,"lvl":3},"32":{"pts":9595,"lvl":3},"33":{"pts":9683,"lvl":3},"34":{"pts":10955,"lvl":3},"35":{"pts":24362,"lvl":5},"36":{"pts":13120,"lvl":4},"37":{"pts":1870,"lvl":2},"38":{"pts":4106,"lvl":2},"39":{"pts":20899,"lvl":4},"40":{"pts":3729,"lvl":2},"41":{"pts":89293,"lvl":7},"42":{"pts":8004,"lvl":3},"43":{"pts":3756,"lvl":2},"44":{"pts":13472,"lvl":4},"45":{"pts":2687,"lvl":2},"48":{"pts":726,"lvl":1},"50":{"pts":9598,"lvl":3},"51":{"pts":22248,"lvl":5},"53":{"pts":1008,"lvl":1},"54":{"pts":7971,"lvl":3},"55":{"pts":29794,"lvl":6},"56":{"pts":27424,"lvl":5},"57":{"pts":1977,"lvl":2},"58":{"pts":12558,"lvl":3},"59":{"pts":371,"lvl":1},"60":{"pts":885,"lvl":1},"61":{"pts":2632,"lvl":2},"62":{"pts":2925,"lvl":2},"63":{"pts":20104,"lvl":4},"64":{"pts":7002,"lvl":3},"67":{"pts":4494,"lvl":2},"68":{"pts":12152,"lvl":3},"69":{"pts":3546,"lvl":2},"72":{"pts":495,"lvl":1},"74":{"pts":2972,"lvl":2},"75":{"pts":11253,"lvl":3},"76":{"pts":2739,"lvl":2},"77":{"pts":13786,"lvl":4},"78":{"pts":7800,"lvl":3},"79":{"pts":8448,"lvl":3},"80":{"pts":3892,"lvl":2},"81":{"pts":11103,"lvl":3},"82":{"pts":5295,"lvl":2},"83":{"pts":2820,"lvl":2},"84":{"pts":34093,"lvl":7},"85":{"pts":5303,"lvl":2},"86":{"pts":9216,"lvl":3},"89":{"pts":801,"lvl":1},"90":{"pts":2096,"lvl":2},"91":{"pts":1927,"lvl":2},"92":{"pts":5914,"lvl":2},"96":{"pts":2554,"lvl":2},"98":{"pts":7178,"lvl":3},"99":{"pts":109,"lvl":1},"101":{"pts":9036,"lvl":3},"102":{"pts":2521,"lvl":2},"103":{"pts":3679,"lvl":2},"104":{"pts":930,"lvl":1},"106":{"pts":5000,"lvl":2},"107":{"pts":14071,"lvl":4},"110":{"pts":16695,"lvl":4},"111":{"pts":1629,"lvl":1},"112":{"pts":3730,"lvl":2},"113":{"pts":868,"lvl":1},"114":{"pts":3521,"lvl":2},"115":{"pts":944,"lvl":1},"119":{"pts":10624,"lvl":3},"120":{"pts":16355,"lvl":4},"121":{"pts":2081,"lvl":2},"122":{"pts":1130,"lvl":1},"126":{"pts":19459,"lvl":4},"127":{"pts":963,"lvl":1},"131":{"pts":3736,"lvl":2},"133":{"pts":133,"lvl":1},"134":{"pts":3794,"lvl":2},"136":{"pts":1494,"lvl":1},"141":{"pts":7105,"lvl":3},"142":{"pts":4304,"lvl":2},"145":{"pts":2553,"lvl":2},"150":{"pts":18522,"lvl":4},"154":{"pts":10683,"lvl":3},"157":{"pts":9409,"lvl":3},"161":{"pts":1980,"lvl":2},"163":{"pts":1425,"lvl":1},"164":{"pts":498,"lvl":1},"201":{"pts":998,"lvl":1},"202":{"pts":32977,"lvl":5},"203":{"pts":351,"lvl":1},"222":{"pts":4424,"lvl":2},"223":{"pts":6473,"lvl":3},"236":{"pts":3114,"lvl":2},"238":{"pts":11818,"lvl":3},"240":{"pts":2622,"lvl":2},"245":{"pts":5077,"lvl":2},"254":{"pts":2095,"lvl":2},"266":{"pts":714,"lvl":1},"267":{"pts":734,"lvl":1},"268":{"pts":28021,"lvl":5},"412":{"pts":6098,"lvl":3},"420":{"pts":1779,"lvl":1},"421":{"pts":1420,"lvl":1},"427":{"pts":328,"lvl":1},"429":{"pts":1941,"lvl":2},"432":{"pts":24584,"lvl":5},"497":{"pts":1452,"lvl":1},"498":{"pts":1449,"lvl":1},"516":{"pts":11905,"lvl":3},"517":{"pts":1560,"lvl":1},"555":{"pts":1464,"lvl":1},"timestamp":1558555050257}