{"1":{"pts":16260,"lvl":4},"3":{"pts":26053,"lvl":5},"4":{"pts":33858,"lvl":5},"5":{"pts":17765,"lvl":3},"7":{"pts":22770,"lvl":5},"8":{"pts":15344,"lvl":4},"9":{"pts":6221,"lvl":2},"10":{"pts":7175,"lvl":2},"11":{"pts":137944,"lvl":7},"12":{"pts":473,"lvl":1},"13":{"pts":138594,"lvl":7},"14":{"pts":4918,"lvl":2},"15":{"pts":89461,"lvl":7},"16":{"pts":7099,"lvl":2},"17":{"pts":28512,"lvl":5},"18":{"pts":213875,"lvl":7},"19":{"pts":7767,"lvl":3},"20":{"pts":10152,"lvl":2},"21":{"pts":11977,"lvl":3},"22":{"pts":25788,"lvl":5},"23":{"pts":12385,"lvl":3},"24":{"pts":52696,"lvl":6},"25":{"pts":5093,"lvl":2},"26":{"pts":7615,"lvl":3},"27":{"pts":3972,"lvl":2},"28":{"pts":1477,"lvl":1},"29":{"pts":103627,"lvl":7},"30":{"pts":21151,"lvl":4},"31":{"pts":11935,"lvl":3},"32":{"pts":8259,"lvl":3},"33":{"pts":6022,"lvl":3},"34":{"pts":122,"lvl":1},"35":{"pts":3836,"lvl":2},"36":{"pts":12179,"lvl":3},"37":{"pts":1385,"lvl":1},"38":{"pts":7134,"lvl":3},"39":{"pts":10174,"lvl":3},"40":{"pts":3521,"lvl":2},"41":{"pts":75393,"lvl":7},"42":{"pts":122440,"lvl":7},"43":{"pts":1798,"lvl":1},"44":{"pts":234,"lvl":1},"45":{"pts":35527,"lvl":5},"50":{"pts":9079,"lvl":3},"51":{"pts":98512,"lvl":6},"53":{"pts":30517,"lvl":5},"54":{"pts":6776,"lvl":3},"55":{"pts":4943,"lvl":2},"56":{"pts":2322,"lvl":2},"57":{"pts":4605,"lvl":2},"58":{"pts":165,"lvl":1},"59":{"pts":195,"lvl":1},"60":{"pts":160,"lvl":1},"61":{"pts":11756,"lvl":3},"62":{"pts":702,"lvl":1},"63":{"pts":73447,"lvl":6},"64":{"pts":36441,"lvl":6},"67":{"pts":70358,"lvl":6},"68":{"pts":1626,"lvl":1},"69":{"pts":10017,"lvl":3},"72":{"pts":1209,"lvl":1},"74":{"pts":92,"lvl":1},"75":{"pts":21218,"lvl":4},"76":{"pts":6153,"lvl":2},"77":{"pts":4546,"lvl":2},"79":{"pts":46341,"lvl":7},"80":{"pts":3701,"lvl":2},"81":{"pts":145535,"lvl":7},"82":{"pts":107,"lvl":1},"84":{"pts":2290,"lvl":2},"85":{"pts":1104,"lvl":1},"86":{"pts":4405,"lvl":2},"89":{"pts":1362,"lvl":1},"92":{"pts":1261,"lvl":1},"96":{"pts":53544,"lvl":6},"98":{"pts":134,"lvl":1},"99":{"pts":4575,"lvl":2},"101":{"pts":9254,"lvl":3},"102":{"pts":24852,"lvl":4},"103":{"pts":9279,"lvl":3},"104":{"pts":60950,"lvl":6},"105":{"pts":15357,"lvl":4},"106":{"pts":95,"lvl":1},"107":{"pts":9610,"lvl":3},"110":{"pts":59434,"lvl":6},"111":{"pts":995,"lvl":1},"112":{"pts":498,"lvl":1},"113":{"pts":834,"lvl":1},"114":{"pts":4602,"lvl":2},"115":{"pts":3651,"lvl":2},"117":{"pts":8714,"lvl":3},"119":{"pts":7306,"lvl":3},"120":{"pts":224,"lvl":1},"121":{"pts":2664,"lvl":2},"122":{"pts":2328,"lvl":2},"126":{"pts":8000,"lvl":3},"127":{"pts":1540,"lvl":1},"133":{"pts":2488,"lvl":1},"134":{"pts":33806,"lvl":6},"141":{"pts":1164,"lvl":1},"142":{"pts":3150,"lvl":2},"143":{"pts":739,"lvl":1},"145":{"pts":103767,"lvl":6},"150":{"pts":19969,"lvl":4},"154":{"pts":9864,"lvl":3},"157":{"pts":34648,"lvl":6},"161":{"pts":15360,"lvl":4},"163":{"pts":2273,"lvl":1},"164":{"pts":1624,"lvl":1},"201":{"pts":5190,"lvl":2},"202":{"pts":213266,"lvl":7},"203":{"pts":25750,"lvl":5},"222":{"pts":44952,"lvl":6},"223":{"pts":22046,"lvl":5},"236":{"pts":158955,"lvl":7},"238":{"pts":73175,"lvl":6},"245":{"pts":20143,"lvl":4},"254":{"pts":28509,"lvl":5},"266":{"pts":1128,"lvl":1},"267":{"pts":282,"lvl":1},"268":{"pts":45622,"lvl":6},"350":{"pts":339,"lvl":1},"412":{"pts":66648,"lvl":6},"420":{"pts":510,"lvl":1},"421":{"pts":2371,"lvl":2},"429":{"pts":15079,"lvl":4},"432":{"pts":5357,"lvl":2},"497":{"pts":881,"lvl":1},"498":{"pts":167328,"lvl":7},"518":{"pts":150,"lvl":1},"555":{"pts":2054,"lvl":1},"timestamp":1558497454036}