{"main":0,"accounts":[{"name":" Med Kt","server":"na1","id":"UUBg9LQerW0HDHyttc9F5avZBmvdA01OtOpV22RTG-Qo3d0","accountId":"928CTwJKsVPNQ62tulSjcOjsc6b6rYYcUQ7frJeZ5KQ2sw","puuid":"NyZuTAQgzpbVnxKVIDu1eritjVJieKE9C-6ZXHge6FQVNs5OlLip83RXPlMgXqtxh2fxN0MeyMIz7g"},{"name":"Ktenology","server":"na1","id":"QimUBq0HgK_KbtCiHYa2003Ipmssn7PsCEqIFvqOxI93FPI","accountId":"StD6umy59VzqAOunfGQlHEVtvXpp4BLa0VW2WpqGtu3QeAU","puuid":"c1y9-JQn6tk4EJvcQ3Ftrm2MAcB-sBqkF9FQKDzheuHAhlz3oqI4LtJJI-yVOBZcOffXrdq1jodk1A"}]}