{"1":{"pts":1869,"lvl":2},"2":{"pts":2360,"lvl":2},"3":{"pts":1316,"lvl":1},"4":{"pts":1273,"lvl":1},"5":{"pts":2582,"lvl":2},"6":{"pts":234,"lvl":1},"7":{"pts":4575,"lvl":2},"8":{"pts":1335,"lvl":1},"9":{"pts":89,"lvl":1},"10":{"pts":2572,"lvl":2},"11":{"pts":110,"lvl":1},"12":{"pts":3663,"lvl":2},"13":{"pts":4463,"lvl":2},"14":{"pts":6890,"lvl":3},"15":{"pts":133,"lvl":1},"16":{"pts":636,"lvl":1},"17":{"pts":8873,"lvl":3},"18":{"pts":264,"lvl":1},"19":{"pts":843,"lvl":1},"20":{"pts":3892,"lvl":2},"21":{"pts":148,"lvl":1},"22":{"pts":2974,"lvl":2},"24":{"pts":208,"lvl":1},"25":{"pts":269,"lvl":1},"26":{"pts":1277,"lvl":1},"27":{"pts":1812,"lvl":2},"28":{"pts":1141,"lvl":1},"29":{"pts":11114,"lvl":3},"30":{"pts":5982,"lvl":2},"31":{"pts":1602,"lvl":1},"32":{"pts":1520,"lvl":1},"33":{"pts":2220,"lvl":2},"34":{"pts":885,"lvl":1},"35":{"pts":4004,"lvl":2},"36":{"pts":1181,"lvl":1},"37":{"pts":99,"lvl":1},"40":{"pts":7005,"lvl":3},"41":{"pts":156,"lvl":1},"42":{"pts":538,"lvl":1},"44":{"pts":1341,"lvl":1},"45":{"pts":9394,"lvl":3},"48":{"pts":136,"lvl":1},"50":{"pts":18842,"lvl":4},"51":{"pts":1942,"lvl":2},"53":{"pts":1993,"lvl":2},"54":{"pts":8287,"lvl":3},"57":{"pts":4754,"lvl":2},"59":{"pts":66,"lvl":1},"60":{"pts":118,"lvl":1},"61":{"pts":131,"lvl":1},"63":{"pts":113,"lvl":1},"67":{"pts":6661,"lvl":3},"68":{"pts":1222,"lvl":1},"69":{"pts":1009,"lvl":1},"74":{"pts":11047,"lvl":3},"76":{"pts":1856,"lvl":2},"77":{"pts":113,"lvl":1},"78":{"pts":5501,"lvl":2},"79":{"pts":1683,"lvl":1},"82":{"pts":947,"lvl":1},"83":{"pts":727,"lvl":1},"84":{"pts":158,"lvl":1},"85":{"pts":2076,"lvl":2},"86":{"pts":565,"lvl":1},"89":{"pts":2947,"lvl":2},"96":{"pts":2022,"lvl":2},"98":{"pts":12161,"lvl":3},"99":{"pts":16430,"lvl":4},"101":{"pts":17332,"lvl":4},"103":{"pts":2165,"lvl":2},"104":{"pts":669,"lvl":1},"105":{"pts":217,"lvl":1},"107":{"pts":7118,"lvl":3},"111":{"pts":2334,"lvl":2},"112":{"pts":1295,"lvl":1},"113":{"pts":1997,"lvl":2},"115":{"pts":4982,"lvl":2},"117":{"pts":1763,"lvl":1},"119":{"pts":2664,"lvl":2},"121":{"pts":129,"lvl":1},"126":{"pts":210,"lvl":1},"127":{"pts":1237,"lvl":1},"131":{"pts":656,"lvl":1},"133":{"pts":852,"lvl":1},"136":{"pts":3069,"lvl":2},"141":{"pts":4809,"lvl":2},"142":{"pts":680,"lvl":1},"143":{"pts":10093,"lvl":3},"145":{"pts":207,"lvl":1},"150":{"pts":672,"lvl":1},"154":{"pts":7958,"lvl":3},"157":{"pts":113,"lvl":1},"161":{"pts":2078,"lvl":2},"163":{"pts":1138,"lvl":1},"164":{"pts":1081,"lvl":1},"201":{"pts":761,"lvl":1},"202":{"pts":16159,"lvl":4},"222":{"pts":2045,"lvl":2},"223":{"pts":5196,"lvl":2},"240":{"pts":106,"lvl":1},"245":{"pts":6108,"lvl":3},"254":{"pts":131,"lvl":1},"266":{"pts":1451,"lvl":1},"267":{"pts":1665,"lvl":1},"268":{"pts":124,"lvl":1},"350":{"pts":8470,"lvl":3},"412":{"pts":12611,"lvl":4},"420":{"pts":181,"lvl":1},"421":{"pts":469,"lvl":1},"427":{"pts":8066,"lvl":3},"429":{"pts":4471,"lvl":2},"432":{"pts":4114,"lvl":2},"497":{"pts":2444,"lvl":2},"498":{"pts":1639,"lvl":1},"516":{"pts":1495,"lvl":1},"517":{"pts":1534,"lvl":1},"518":{"pts":69,"lvl":1},"555":{"pts":11102,"lvl":3},"timestamp":1558555049907}