{"1":{"pts":16662,"lvl":4},"2":{"pts":3647,"lvl":2},"3":{"pts":25813,"lvl":5},"4":{"pts":10054,"lvl":3},"5":{"pts":17031,"lvl":4},"6":{"pts":12402,"lvl":3},"7":{"pts":13330,"lvl":4},"8":{"pts":18684,"lvl":4},"9":{"pts":20326,"lvl":4},"10":{"pts":7070,"lvl":3},"11":{"pts":14059,"lvl":4},"12":{"pts":19677,"lvl":4},"13":{"pts":2819,"lvl":2},"14":{"pts":11938,"lvl":3},"15":{"pts":29970,"lvl":5},"16":{"pts":117565,"lvl":6},"17":{"pts":21916,"lvl":5},"18":{"pts":6539,"lvl":3},"19":{"pts":22142,"lvl":5},"20":{"pts":16930,"lvl":4},"21":{"pts":32835,"lvl":5},"22":{"pts":25840,"lvl":5},"23":{"pts":2059,"lvl":2},"24":{"pts":17045,"lvl":4},"25":{"pts":49951,"lvl":5},"26":{"pts":23173,"lvl":5},"27":{"pts":12156,"lvl":3},"28":{"pts":17572,"lvl":4},"29":{"pts":8739,"lvl":3},"30":{"pts":23375,"lvl":5},"31":{"pts":16737,"lvl":4},"32":{"pts":21896,"lvl":5},"33":{"pts":9242,"lvl":3},"34":{"pts":36359,"lvl":5},"35":{"pts":22533,"lvl":5},"36":{"pts":8121,"lvl":3},"37":{"pts":68926,"lvl":5},"38":{"pts":7889,"lvl":3},"39":{"pts":12530,"lvl":3},"40":{"pts":91046,"lvl":6},"41":{"pts":4562,"lvl":2},"42":{"pts":3230,"lvl":2},"43":{"pts":30123,"lvl":5},"44":{"pts":8589,"lvl":3},"45":{"pts":33372,"lvl":5},"48":{"pts":3493,"lvl":2},"50":{"pts":29219,"lvl":5},"51":{"pts":33694,"lvl":5},"53":{"pts":33685,"lvl":5},"54":{"pts":34895,"lvl":5},"55":{"pts":48806,"lvl":5},"56":{"pts":6778,"lvl":3},"57":{"pts":21320,"lvl":4},"58":{"pts":6723,"lvl":3},"59":{"pts":7607,"lvl":3},"60":{"pts":12260,"lvl":3},"61":{"pts":43605,"lvl":5},"62":{"pts":20862,"lvl":4},"63":{"pts":22009,"lvl":5},"64":{"pts":7203,"lvl":3},"67":{"pts":12502,"lvl":3},"68":{"pts":5117,"lvl":2},"69":{"pts":26545,"lvl":5},"72":{"pts":10355,"lvl":3},"74":{"pts":29193,"lvl":5},"75":{"pts":12309,"lvl":3},"76":{"pts":42699,"lvl":5},"77":{"pts":2235,"lvl":2},"78":{"pts":39517,"lvl":5},"79":{"pts":7914,"lvl":3},"80":{"pts":16049,"lvl":4},"81":{"pts":27619,"lvl":5},"82":{"pts":6210,"lvl":3},"83":{"pts":6703,"lvl":3},"84":{"pts":13295,"lvl":4},"85":{"pts":7393,"lvl":3},"86":{"pts":20652,"lvl":4},"89":{"pts":34105,"lvl":5},"90":{"pts":19332,"lvl":4},"91":{"pts":20932,"lvl":4},"92":{"pts":20483,"lvl":4},"96":{"pts":17230,"lvl":4},"98":{"pts":1446,"lvl":1},"99":{"pts":70898,"lvl":5},"101":{"pts":19110,"lvl":4},"102":{"pts":17940,"lvl":4},"103":{"pts":48182,"lvl":5},"104":{"pts":11823,"lvl":3},"105":{"pts":10006,"lvl":3},"106":{"pts":6282,"lvl":3},"107":{"pts":16696,"lvl":4},"110":{"pts":25137,"lvl":5},"111":{"pts":30600,"lvl":5},"112":{"pts":7733,"lvl":3},"113":{"pts":20264,"lvl":4},"114":{"pts":10880,"lvl":3},"115":{"pts":33882,"lvl":5},"117":{"pts":26102,"lvl":5},"119":{"pts":12255,"lvl":3},"120":{"pts":9081,"lvl":3},"121":{"pts":7761,"lvl":3},"122":{"pts":15675,"lvl":4},"126":{"pts":9337,"lvl":3},"127":{"pts":16842,"lvl":4},"131":{"pts":20217,"lvl":4},"133":{"pts":22518,"lvl":5},"134":{"pts":8589,"lvl":3},"136":{"pts":15117,"lvl":4},"141":{"pts":7405,"lvl":3},"142":{"pts":12156,"lvl":3},"143":{"pts":41652,"lvl":5},"145":{"pts":27971,"lvl":5},"150":{"pts":7688,"lvl":3},"154":{"pts":14946,"lvl":4},"157":{"pts":4579,"lvl":2},"161":{"pts":16954,"lvl":4},"163":{"pts":5210,"lvl":2},"164":{"pts":14192,"lvl":4},"201":{"pts":6072,"lvl":3},"202":{"pts":31131,"lvl":5},"203":{"pts":4981,"lvl":2},"222":{"pts":42813,"lvl":5},"223":{"pts":10733,"lvl":3},"236":{"pts":17236,"lvl":4},"238":{"pts":10630,"lvl":3},"240":{"pts":3967,"lvl":2},"245":{"pts":24638,"lvl":5},"254":{"pts":18936,"lvl":4},"266":{"pts":3135,"lvl":2},"267":{"pts":52615,"lvl":5},"268":{"pts":6567,"lvl":3},"412":{"pts":14555,"lvl":4},"420":{"pts":33754,"lvl":5},"421":{"pts":4846,"lvl":2},"427":{"pts":7955,"lvl":3},"429":{"pts":11913,"lvl":3},"432":{"pts":12144,"lvl":3},"497":{"pts":10239,"lvl":3},"498":{"pts":8524,"lvl":3},"516":{"pts":4874,"lvl":2},"517":{"pts":1142,"lvl":1},"518":{"pts":4891,"lvl":2},"555":{"pts":2620,"lvl":2},"timestamp":1554066485338}