{"1":{"pts":61241,"lvl":6},"2":{"pts":346,"lvl":1},"3":{"pts":597,"lvl":1},"4":{"pts":9291,"lvl":2},"5":{"pts":12192,"lvl":2},"6":{"pts":1638,"lvl":1},"7":{"pts":29628,"lvl":4},"8":{"pts":4535,"lvl":2},"9":{"pts":2867,"lvl":1},"10":{"pts":3868,"lvl":2},"11":{"pts":10384,"lvl":3},"12":{"pts":28684,"lvl":5},"13":{"pts":9382,"lvl":3},"14":{"pts":695,"lvl":1},"15":{"pts":12392,"lvl":3},"16":{"pts":15239,"lvl":3},"17":{"pts":29383,"lvl":4},"18":{"pts":2795,"lvl":1},"19":{"pts":6350,"lvl":2},"20":{"pts":23823,"lvl":4},"21":{"pts":9218,"lvl":2},"22":{"pts":13262,"lvl":3},"23":{"pts":1751,"lvl":1},"24":{"pts":25387,"lvl":5},"25":{"pts":13336,"lvl":3},"26":{"pts":4855,"lvl":2},"27":{"pts":2630,"lvl":1},"28":{"pts":9503,"lvl":2},"29":{"pts":892,"lvl":1},"30":{"pts":3947,"lvl":2},"31":{"pts":2419,"lvl":2},"32":{"pts":10732,"lvl":3},"33":{"pts":3247,"lvl":2},"35":{"pts":67222,"lvl":5},"36":{"pts":676,"lvl":1},"37":{"pts":81952,"lvl":7},"38":{"pts":1735,"lvl":1},"39":{"pts":106322,"lvl":5},"40":{"pts":12193,"lvl":3},"41":{"pts":11853,"lvl":3},"42":{"pts":2773,"lvl":2},"43":{"pts":51150,"lvl":5},"44":{"pts":5649,"lvl":2},"45":{"pts":4428,"lvl":2},"48":{"pts":1295,"lvl":1},"50":{"pts":1941,"lvl":2},"51":{"pts":3794,"lvl":2},"53":{"pts":33844,"lvl":4},"54":{"pts":35140,"lvl":5},"55":{"pts":39573,"lvl":5},"56":{"pts":104,"lvl":1},"57":{"pts":5038,"lvl":2},"58":{"pts":18518,"lvl":3},"59":{"pts":3318,"lvl":2},"60":{"pts":438,"lvl":1},"61":{"pts":19712,"lvl":3},"62":{"pts":5143,"lvl":2},"63":{"pts":6119,"lvl":2},"64":{"pts":46733,"lvl":5},"67":{"pts":12914,"lvl":4},"68":{"pts":5118,"lvl":2},"69":{"pts":1959,"lvl":1},"72":{"pts":1050,"lvl":1},"74":{"pts":5233,"lvl":2},"75":{"pts":2138,"lvl":1},"76":{"pts":45097,"lvl":4},"77":{"pts":2660,"lvl":1},"78":{"pts":17346,"lvl":4},"79":{"pts":14202,"lvl":3},"80":{"pts":3456,"lvl":1},"81":{"pts":20697,"lvl":3},"82":{"pts":123,"lvl":1},"83":{"pts":774,"lvl":1},"84":{"pts":2364,"lvl":2},"85":{"pts":22855,"lvl":3},"86":{"pts":1549,"lvl":1},"89":{"pts":13787,"lvl":3},"90":{"pts":1358,"lvl":1},"91":{"pts":6717,"lvl":3},"92":{"pts":348996,"lvl":7},"96":{"pts":2513,"lvl":1},"98":{"pts":53458,"lvl":5},"99":{"pts":28490,"lvl":4},"101":{"pts":5630,"lvl":2},"102":{"pts":16813,"lvl":3},"103":{"pts":29469,"lvl":4},"104":{"pts":22105,"lvl":3},"105":{"pts":30702,"lvl":5},"106":{"pts":8765,"lvl":2},"107":{"pts":2770,"lvl":2},"110":{"pts":2309,"lvl":1},"111":{"pts":2149,"lvl":2},"112":{"pts":813,"lvl":1},"113":{"pts":6185,"lvl":2},"114":{"pts":37861,"lvl":5},"115":{"pts":17284,"lvl":4},"117":{"pts":44813,"lvl":6},"119":{"pts":7650,"lvl":3},"120":{"pts":1292,"lvl":1},"121":{"pts":953,"lvl":1},"122":{"pts":3790,"lvl":2},"126":{"pts":5031,"lvl":2},"127":{"pts":11277,"lvl":3},"131":{"pts":15132,"lvl":4},"133":{"pts":4292,"lvl":2},"134":{"pts":8480,"lvl":2},"136":{"pts":489,"lvl":1},"141":{"pts":112,"lvl":1},"142":{"pts":550,"lvl":1},"143":{"pts":14000,"lvl":3},"145":{"pts":1376,"lvl":1},"150":{"pts":13678,"lvl":3},"154":{"pts":2972,"lvl":2},"157":{"pts":37975,"lvl":6},"161":{"pts":2020,"lvl":1},"163":{"pts":2605,"lvl":2},"164":{"pts":4199,"lvl":2},"201":{"pts":11418,"lvl":3},"202":{"pts":4361,"lvl":2},"203":{"pts":351,"lvl":1},"222":{"pts":21760,"lvl":4},"223":{"pts":2442,"lvl":1},"236":{"pts":45843,"lvl":6},"238":{"pts":11832,"lvl":3},"240":{"pts":1520,"lvl":1},"245":{"pts":6142,"lvl":2},"254":{"pts":6506,"lvl":3},"266":{"pts":1539,"lvl":1},"267":{"pts":29480,"lvl":4},"268":{"pts":6492,"lvl":2},"412":{"pts":44216,"lvl":6},"420":{"pts":4419,"lvl":2},"421":{"pts":1033,"lvl":1},"427":{"pts":3913,"lvl":2},"429":{"pts":10663,"lvl":2},"432":{"pts":31103,"lvl":4},"497":{"pts":15153,"lvl":3},"498":{"pts":7487,"lvl":3},"516":{"pts":292,"lvl":1},"518":{"pts":1203,"lvl":1},"timestamp":1558402214134}