{"main":0,"accounts":[{"name":"Dïçk","server":"na1","id":"jrk2Sk1SdU7tkfDVSGLM6tpQnxat6YcFJgCC0KyLaOCrHsg","accountId":"6nzimTjkkH00uMVsBIgj10rapDnsEYvUFX7yei2P4tYhnhhrWLdLj4b4","puuid":"6dtfYB9WMwFVgjfGsu9YdHVSJIBqJIQ06HEvnkf-kenGT0Hppd-5e6EjE3YUL0xVnfV0m9xJhtJN9Q"},{"name":"Diçk","server":"na1","id":"AEBcek_8pchkatufd5PgjNSFhGQF4LXCSP6jjQRcf3w0Boc","accountId":"AWEMkxIOOpHALU6nUkKptSEVbYWXF6mz8VCpUwkE9cZkLlc","puuid":"EZVqnERER44btAlfzBV_8HCWiYpR95eItclzElMoPuZo3k5dfgixfyUt10uJPgHErbX3SoNPgcqfBw"},{"name":"H3LP","server":"na1","id":"4epUmERMvCwhkmI9SD9U_Y2l1lwacVT1bE6Dq1k8jXEgtV4","accountId":"cdWDuKqzVpRQaEBMTFf8KsOBR42g09jYwk6jwdDcQvD3VFc","puuid":"D1Xzl-grTeohbNlT5JhTz2T3FjtkrbRi1ZOxbKcqhKmwVbQpqkhcqychRNTpKr_TW8SyCZbcLFTfGA"}]}