{"1":{"pts":18996,"lvl":4},"2":{"pts":6202,"lvl":3},"3":{"pts":1700,"lvl":1},"4":{"pts":2362,"lvl":2},"5":{"pts":19029,"lvl":4},"6":{"pts":1935,"lvl":2},"7":{"pts":5368,"lvl":2},"8":{"pts":1929,"lvl":2},"9":{"pts":6409,"lvl":3},"10":{"pts":38751,"lvl":5},"11":{"pts":28129,"lvl":5},"12":{"pts":4410,"lvl":2},"13":{"pts":17441,"lvl":4},"14":{"pts":165,"lvl":1},"15":{"pts":3716,"lvl":2},"16":{"pts":1317,"lvl":1},"17":{"pts":6319,"lvl":3},"18":{"pts":9779,"lvl":3},"19":{"pts":13028,"lvl":4},"20":{"pts":7161,"lvl":3},"21":{"pts":23509,"lvl":5},"22":{"pts":5533,"lvl":2},"23":{"pts":207567,"lvl":7},"24":{"pts":84506,"lvl":7},"25":{"pts":8397,"lvl":3},"26":{"pts":6795,"lvl":3},"27":{"pts":741,"lvl":1},"28":{"pts":612,"lvl":1},"29":{"pts":12107,"lvl":3},"30":{"pts":1338,"lvl":1},"31":{"pts":10728,"lvl":3},"32":{"pts":10497,"lvl":3},"33":{"pts":2338,"lvl":2},"34":{"pts":1377,"lvl":1},"35":{"pts":2149,"lvl":2},"36":{"pts":3719,"lvl":2},"37":{"pts":1955,"lvl":2},"38":{"pts":4348,"lvl":2},"39":{"pts":8985,"lvl":3},"40":{"pts":1402,"lvl":1},"41":{"pts":2067,"lvl":2},"42":{"pts":42128,"lvl":6},"43":{"pts":10097,"lvl":3},"44":{"pts":883,"lvl":1},"45":{"pts":13232,"lvl":4},"48":{"pts":16157,"lvl":4},"50":{"pts":11429,"lvl":3},"51":{"pts":34353,"lvl":5},"53":{"pts":15773,"lvl":4},"54":{"pts":49411,"lvl":6},"55":{"pts":13087,"lvl":4},"56":{"pts":965,"lvl":1},"57":{"pts":1090,"lvl":1},"58":{"pts":10046,"lvl":3},"59":{"pts":4701,"lvl":2},"61":{"pts":1596,"lvl":1},"62":{"pts":8817,"lvl":3},"63":{"pts":8030,"lvl":3},"64":{"pts":11092,"lvl":3},"67":{"pts":30362,"lvl":5},"69":{"pts":4738,"lvl":2},"72":{"pts":1260,"lvl":1},"74":{"pts":4459,"lvl":2},"75":{"pts":15026,"lvl":4},"76":{"pts":1926,"lvl":2},"78":{"pts":5207,"lvl":2},"79":{"pts":3938,"lvl":2},"80":{"pts":25125,"lvl":5},"81":{"pts":13381,"lvl":4},"82":{"pts":3208,"lvl":2},"83":{"pts":1425,"lvl":1},"84":{"pts":2610,"lvl":2},"85":{"pts":349,"lvl":1},"86":{"pts":6471,"lvl":3},"89":{"pts":36184,"lvl":5},"90":{"pts":315,"lvl":1},"91":{"pts":879,"lvl":1},"92":{"pts":5887,"lvl":2},"96":{"pts":6917,"lvl":3},"98":{"pts":1243,"lvl":1},"99":{"pts":7971,"lvl":3},"101":{"pts":2099,"lvl":2},"102":{"pts":1392,"lvl":1},"103":{"pts":5123,"lvl":2},"104":{"pts":3073,"lvl":2},"105":{"pts":34286,"lvl":6},"106":{"pts":13060,"lvl":4},"107":{"pts":9680,"lvl":3},"110":{"pts":606,"lvl":1},"112":{"pts":173,"lvl":1},"114":{"pts":5042,"lvl":2},"115":{"pts":2575,"lvl":2},"117":{"pts":906,"lvl":1},"119":{"pts":8234,"lvl":3},"120":{"pts":129,"lvl":1},"122":{"pts":30597,"lvl":5},"126":{"pts":2779,"lvl":2},"127":{"pts":883,"lvl":1},"131":{"pts":13701,"lvl":4},"133":{"pts":293,"lvl":1},"134":{"pts":1156,"lvl":1},"141":{"pts":1896,"lvl":2},"142":{"pts":1301,"lvl":1},"150":{"pts":22382,"lvl":5},"154":{"pts":1652,"lvl":1},"157":{"pts":8836,"lvl":3},"201":{"pts":239,"lvl":1},"202":{"pts":15664,"lvl":4},"203":{"pts":186,"lvl":1},"222":{"pts":3134,"lvl":2},"236":{"pts":17041,"lvl":4},"238":{"pts":1937,"lvl":2},"240":{"pts":477,"lvl":1},"245":{"pts":195,"lvl":1},"254":{"pts":9903,"lvl":3},"267":{"pts":232,"lvl":1},"412":{"pts":75751,"lvl":7},"420":{"pts":161,"lvl":1},"429":{"pts":5298,"lvl":2},"432":{"pts":1548,"lvl":1},"497":{"pts":645,"lvl":1},"498":{"pts":19159,"lvl":4},"516":{"pts":5454,"lvl":2},"timestamp":1558555050329}