{"1":{"pts":17224,"lvl":4},"2":{"pts":145,"lvl":1},"3":{"pts":953,"lvl":1},"4":{"pts":1691,"lvl":1},"6":{"pts":4500,"lvl":2},"7":{"pts":4541,"lvl":2},"9":{"pts":402,"lvl":1},"10":{"pts":689,"lvl":1},"11":{"pts":2658,"lvl":2},"12":{"pts":6931,"lvl":3},"13":{"pts":24079,"lvl":4},"14":{"pts":19321,"lvl":4},"15":{"pts":48426,"lvl":6},"16":{"pts":22822,"lvl":5},"17":{"pts":4513,"lvl":2},"18":{"pts":57928,"lvl":6},"19":{"pts":8438,"lvl":3},"20":{"pts":43201,"lvl":6},"21":{"pts":10142,"lvl":3},"22":{"pts":40573,"lvl":5},"23":{"pts":229,"lvl":1},"24":{"pts":6748,"lvl":3},"25":{"pts":5009,"lvl":2},"26":{"pts":2552,"lvl":1},"27":{"pts":298,"lvl":1},"28":{"pts":1063,"lvl":1},"29":{"pts":84103,"lvl":6},"31":{"pts":27399,"lvl":5},"32":{"pts":15320,"lvl":4},"33":{"pts":34717,"lvl":5},"34":{"pts":167564,"lvl":7},"35":{"pts":1150,"lvl":1},"36":{"pts":54728,"lvl":6},"37":{"pts":3624,"lvl":2},"38":{"pts":4849,"lvl":2},"39":{"pts":4831,"lvl":2},"41":{"pts":4152,"lvl":2},"42":{"pts":238365,"lvl":7},"43":{"pts":6150,"lvl":3},"44":{"pts":331,"lvl":1},"45":{"pts":6416,"lvl":3},"48":{"pts":2059,"lvl":2},"51":{"pts":6466,"lvl":3},"54":{"pts":25007,"lvl":5},"55":{"pts":22806,"lvl":3},"56":{"pts":4158,"lvl":2},"57":{"pts":2701,"lvl":2},"58":{"pts":5197,"lvl":2},"59":{"pts":1053,"lvl":1},"60":{"pts":102,"lvl":1},"61":{"pts":402,"lvl":1},"62":{"pts":3842,"lvl":2},"63":{"pts":6118,"lvl":3},"64":{"pts":3732,"lvl":2},"67":{"pts":16284,"lvl":4},"68":{"pts":28942,"lvl":4},"75":{"pts":19644,"lvl":4},"76":{"pts":14868,"lvl":4},"78":{"pts":7808,"lvl":2},"79":{"pts":16142,"lvl":3},"80":{"pts":53430,"lvl":5},"81":{"pts":8678,"lvl":3},"83":{"pts":8592,"lvl":3},"84":{"pts":11434,"lvl":3},"85":{"pts":712,"lvl":1},"86":{"pts":419,"lvl":1},"90":{"pts":73087,"lvl":6},"91":{"pts":9182,"lvl":3},"92":{"pts":2890,"lvl":1},"96":{"pts":361,"lvl":1},"98":{"pts":1275,"lvl":1},"99":{"pts":20617,"lvl":4},"103":{"pts":210040,"lvl":7},"104":{"pts":6175,"lvl":3},"105":{"pts":10863,"lvl":3},"106":{"pts":961,"lvl":1},"107":{"pts":20726,"lvl":4},"110":{"pts":10873,"lvl":3},"112":{"pts":5350,"lvl":2},"114":{"pts":19677,"lvl":4},"115":{"pts":9826,"lvl":3},"117":{"pts":1474,"lvl":1},"119":{"pts":2293,"lvl":2},"120":{"pts":1523,"lvl":1},"121":{"pts":1335,"lvl":1},"122":{"pts":2309,"lvl":2},"126":{"pts":14934,"lvl":3},"131":{"pts":729,"lvl":1},"133":{"pts":705,"lvl":1},"134":{"pts":986,"lvl":1},"143":{"pts":839,"lvl":1},"145":{"pts":10148,"lvl":3},"157":{"pts":116619,"lvl":7},"161":{"pts":6940,"lvl":3},"163":{"pts":1367,"lvl":1},"164":{"pts":3695,"lvl":2},"202":{"pts":15265,"lvl":4},"203":{"pts":2791,"lvl":2},"222":{"pts":7469,"lvl":2},"223":{"pts":1296,"lvl":1},"236":{"pts":3547,"lvl":2},"238":{"pts":3653,"lvl":2},"245":{"pts":12929,"lvl":3},"254":{"pts":7451,"lvl":3},"266":{"pts":1310,"lvl":1},"267":{"pts":3062,"lvl":2},"268":{"pts":2660,"lvl":2},"412":{"pts":3635,"lvl":2},"420":{"pts":1455,"lvl":1},"421":{"pts":167,"lvl":1},"429":{"pts":2870,"lvl":2},"432":{"pts":1961,"lvl":1},"498":{"pts":2579,"lvl":2},"516":{"pts":75450,"lvl":7},"518":{"pts":949,"lvl":1},"timestamp":1558555052321}