{"main":0,"accounts":[{"name":"IDIzopu","server":"euw1","id":"0rDcrZkQQqEB-RQVuVu3GyAixmhEVrNFComzOeMuDeNHX0I","accountId":"bylnEUTDFYOvdMqiDNIxxDToXfQkybllrQ52VZDQxU7gxyA","puuid":"4rRrBXaIvRVlgaeYzQzRwgW3ax4XSUPWQGsxcDIUPr8L7IFtDC7m2Egl8z0XGlKXIDOUOSDr780YSw"},{"name":"Beatrice LTU","server":"euw1","id":"LK_5ezDhXQRevFAoFQETKH1iM0_adpALtMR9BqKimbZPbsw","accountId":"likvhz_-Fo2rhEsx7rwZOKKGvIIsHxb0Zo2sgfq1LwqVNlw","puuid":"-KocWNXD4i4eW8r7RRHd7RBvTZpQpNUu3MiHzNZnjS4595Y_glSq7hYB4ynZJfKXy4pJTGmwRJEEnA"}]}