{"1":{"pts":332,"lvl":1},"2":{"pts":22832,"lvl":5},"3":{"pts":2975,"lvl":2},"4":{"pts":325,"lvl":1},"5":{"pts":6365,"lvl":3},"8":{"pts":9180,"lvl":3},"9":{"pts":1404,"lvl":1},"10":{"pts":2508,"lvl":2},"11":{"pts":197,"lvl":1},"12":{"pts":23536,"lvl":5},"15":{"pts":11813,"lvl":3},"18":{"pts":17176,"lvl":4},"19":{"pts":7341,"lvl":3},"20":{"pts":197,"lvl":1},"21":{"pts":8392,"lvl":3},"22":{"pts":46157,"lvl":6},"24":{"pts":58056,"lvl":7},"26":{"pts":1262,"lvl":1},"27":{"pts":1251,"lvl":1},"28":{"pts":2524,"lvl":2},"29":{"pts":24130,"lvl":5},"31":{"pts":7685,"lvl":3},"33":{"pts":7943,"lvl":3},"35":{"pts":21324,"lvl":4},"36":{"pts":175,"lvl":1},"41":{"pts":4763,"lvl":2},"42":{"pts":46992,"lvl":5},"48":{"pts":5144,"lvl":2},"50":{"pts":31189,"lvl":6},"51":{"pts":112601,"lvl":6},"53":{"pts":295,"lvl":1},"54":{"pts":6072,"lvl":3},"56":{"pts":27638,"lvl":5},"57":{"pts":20047,"lvl":4},"58":{"pts":48165,"lvl":5},"59":{"pts":25177,"lvl":5},"60":{"pts":43262,"lvl":6},"62":{"pts":6103,"lvl":3},"64":{"pts":145,"lvl":1},"72":{"pts":3013,"lvl":2},"75":{"pts":8866,"lvl":3},"76":{"pts":149,"lvl":1},"77":{"pts":19960,"lvl":4},"78":{"pts":346,"lvl":1},"79":{"pts":25931,"lvl":5},"80":{"pts":11770,"lvl":3},"81":{"pts":10864,"lvl":3},"83":{"pts":3850,"lvl":2},"85":{"pts":197,"lvl":1},"86":{"pts":10359,"lvl":3},"92":{"pts":171,"lvl":1},"96":{"pts":23757,"lvl":5},"98":{"pts":202,"lvl":1},"102":{"pts":62903,"lvl":5},"103":{"pts":219,"lvl":1},"104":{"pts":33146,"lvl":6},"106":{"pts":1329,"lvl":1},"107":{"pts":11903,"lvl":3},"110":{"pts":6766,"lvl":3},"113":{"pts":1879,"lvl":2},"120":{"pts":18341,"lvl":4},"131":{"pts":6393,"lvl":3},"141":{"pts":1382,"lvl":1},"145":{"pts":33496,"lvl":5},"150":{"pts":18711,"lvl":4},"154":{"pts":65667,"lvl":7},"157":{"pts":777,"lvl":1},"163":{"pts":535,"lvl":1},"164":{"pts":17127,"lvl":4},"201":{"pts":4692,"lvl":2},"202":{"pts":3116,"lvl":2},"203":{"pts":95975,"lvl":7},"222":{"pts":16214,"lvl":4},"236":{"pts":48124,"lvl":5},"245":{"pts":14410,"lvl":4},"254":{"pts":81267,"lvl":5},"412":{"pts":180,"lvl":1},"420":{"pts":1227,"lvl":1},"421":{"pts":52307,"lvl":7},"429":{"pts":10102,"lvl":3},"432":{"pts":307,"lvl":1},"516":{"pts":5087,"lvl":2},"518":{"pts":45113,"lvl":6},"timestamp":1558555052320}