{"1":{"pts":1817,"lvl":2},"3":{"pts":3822,"lvl":2},"4":{"pts":3622,"lvl":2},"5":{"pts":1357,"lvl":1},"6":{"pts":7647,"lvl":3},"7":{"pts":9839,"lvl":3},"8":{"pts":4667,"lvl":2},"9":{"pts":9859,"lvl":3},"10":{"pts":5117,"lvl":2},"12":{"pts":1976,"lvl":2},"13":{"pts":10493,"lvl":3},"14":{"pts":3228,"lvl":2},"15":{"pts":3074,"lvl":2},"16":{"pts":6305,"lvl":3},"17":{"pts":2442,"lvl":2},"18":{"pts":8802,"lvl":3},"19":{"pts":2213,"lvl":2},"20":{"pts":3082,"lvl":2},"21":{"pts":5196,"lvl":2},"22":{"pts":7768,"lvl":3},"23":{"pts":2266,"lvl":2},"24":{"pts":102,"lvl":1},"25":{"pts":9430,"lvl":3},"26":{"pts":1136,"lvl":1},"27":{"pts":1611,"lvl":1},"28":{"pts":2236,"lvl":2},"29":{"pts":2038,"lvl":2},"30":{"pts":8968,"lvl":3},"31":{"pts":661,"lvl":1},"32":{"pts":889,"lvl":1},"33":{"pts":3446,"lvl":2},"34":{"pts":2547,"lvl":2},"35":{"pts":150,"lvl":1},"36":{"pts":6825,"lvl":3},"37":{"pts":5274,"lvl":2},"38":{"pts":11727,"lvl":3},"39":{"pts":23450,"lvl":5},"40":{"pts":3709,"lvl":2},"41":{"pts":5395,"lvl":2},"42":{"pts":54176,"lvl":7},"43":{"pts":2737,"lvl":2},"44":{"pts":7316,"lvl":3},"45":{"pts":2051,"lvl":2},"48":{"pts":11164,"lvl":3},"50":{"pts":8847,"lvl":3},"51":{"pts":5601,"lvl":2},"53":{"pts":5337,"lvl":2},"54":{"pts":5972,"lvl":2},"55":{"pts":760,"lvl":1},"56":{"pts":561,"lvl":1},"57":{"pts":1221,"lvl":1},"58":{"pts":4737,"lvl":2},"59":{"pts":2731,"lvl":2},"61":{"pts":6697,"lvl":3},"63":{"pts":3958,"lvl":2},"67":{"pts":7104,"lvl":3},"68":{"pts":206,"lvl":1},"69":{"pts":814,"lvl":1},"72":{"pts":2752,"lvl":2},"74":{"pts":648,"lvl":1},"75":{"pts":337,"lvl":1},"78":{"pts":5366,"lvl":2},"79":{"pts":6824,"lvl":3},"80":{"pts":298,"lvl":1},"81":{"pts":2799,"lvl":2},"82":{"pts":2758,"lvl":2},"83":{"pts":2203,"lvl":2},"84":{"pts":3189,"lvl":2},"86":{"pts":5077,"lvl":2},"89":{"pts":6372,"lvl":3},"90":{"pts":26543,"lvl":6},"91":{"pts":1113,"lvl":1},"92":{"pts":8769,"lvl":3},"96":{"pts":6385,"lvl":3},"98":{"pts":2874,"lvl":2},"99":{"pts":5675,"lvl":2},"101":{"pts":958,"lvl":1},"102":{"pts":5124,"lvl":2},"103":{"pts":2068,"lvl":2},"104":{"pts":122,"lvl":1},"105":{"pts":3726,"lvl":2},"106":{"pts":6227,"lvl":3},"110":{"pts":5871,"lvl":2},"112":{"pts":2976,"lvl":2},"113":{"pts":4784,"lvl":2},"114":{"pts":138,"lvl":1},"115":{"pts":1902,"lvl":2},"117":{"pts":8114,"lvl":3},"119":{"pts":254,"lvl":1},"120":{"pts":132,"lvl":1},"121":{"pts":652,"lvl":1},"122":{"pts":1176,"lvl":1},"127":{"pts":4740,"lvl":2},"131":{"pts":13404,"lvl":4},"134":{"pts":893,"lvl":1},"136":{"pts":329,"lvl":1},"141":{"pts":979,"lvl":1},"142":{"pts":3385,"lvl":2},"143":{"pts":12152,"lvl":3},"145":{"pts":2302,"lvl":2},"150":{"pts":963,"lvl":1},"157":{"pts":4433,"lvl":2},"161":{"pts":2039,"lvl":2},"163":{"pts":207,"lvl":1},"164":{"pts":2318,"lvl":2},"201":{"pts":2568,"lvl":2},"202":{"pts":5077,"lvl":2},"203":{"pts":2386,"lvl":2},"222":{"pts":635,"lvl":1},"223":{"pts":881,"lvl":1},"236":{"pts":1645,"lvl":1},"238":{"pts":5863,"lvl":2},"240":{"pts":7643,"lvl":3},"245":{"pts":175,"lvl":1},"254":{"pts":1274,"lvl":1},"266":{"pts":8052,"lvl":3},"267":{"pts":3272,"lvl":2},"268":{"pts":2078,"lvl":2},"412":{"pts":5237,"lvl":2},"420":{"pts":6589,"lvl":3},"421":{"pts":2468,"lvl":2},"427":{"pts":10413,"lvl":3},"429":{"pts":6862,"lvl":3},"432":{"pts":4710,"lvl":2},"497":{"pts":2399,"lvl":2},"498":{"pts":2226,"lvl":2},"516":{"pts":459,"lvl":1},"517":{"pts":4844,"lvl":2},"518":{"pts":4189,"lvl":2},"555":{"pts":8295,"lvl":3},"timestamp":1557976208603}