{"1":{"pts":9280,"lvl":3},"3":{"pts":2222,"lvl":2},"4":{"pts":9101,"lvl":3},"5":{"pts":247,"lvl":1},"6":{"pts":2942,"lvl":2},"7":{"pts":109147,"lvl":6},"8":{"pts":171098,"lvl":7},"9":{"pts":396,"lvl":1},"10":{"pts":785,"lvl":1},"11":{"pts":11150,"lvl":3},"12":{"pts":130,"lvl":1},"13":{"pts":68009,"lvl":6},"14":{"pts":4001,"lvl":2},"15":{"pts":10134,"lvl":3},"16":{"pts":2820,"lvl":2},"17":{"pts":679,"lvl":1},"18":{"pts":5009,"lvl":2},"19":{"pts":1121,"lvl":1},"20":{"pts":9941,"lvl":3},"21":{"pts":1878,"lvl":2},"22":{"pts":5224,"lvl":2},"23":{"pts":1557,"lvl":1},"25":{"pts":914,"lvl":1},"26":{"pts":640,"lvl":1},"27":{"pts":3458,"lvl":2},"28":{"pts":2552,"lvl":2},"29":{"pts":23156,"lvl":5},"31":{"pts":5420,"lvl":2},"32":{"pts":729,"lvl":1},"33":{"pts":1152,"lvl":1},"35":{"pts":3672,"lvl":2},"37":{"pts":13850,"lvl":4},"38":{"pts":147,"lvl":1},"39":{"pts":42560,"lvl":5},"40":{"pts":1943,"lvl":2},"41":{"pts":7465,"lvl":3},"42":{"pts":14769,"lvl":4},"43":{"pts":19753,"lvl":4},"44":{"pts":2401,"lvl":2},"45":{"pts":1780,"lvl":1},"50":{"pts":254,"lvl":1},"53":{"pts":31639,"lvl":5},"54":{"pts":141,"lvl":1},"55":{"pts":5600,"lvl":2},"56":{"pts":889,"lvl":1},"57":{"pts":104,"lvl":1},"58":{"pts":318,"lvl":1},"59":{"pts":5859,"lvl":2},"60":{"pts":1288,"lvl":1},"61":{"pts":29616,"lvl":5},"62":{"pts":4877,"lvl":2},"64":{"pts":29131,"lvl":5},"67":{"pts":42892,"lvl":5},"69":{"pts":26309,"lvl":5},"72":{"pts":4071,"lvl":2},"75":{"pts":1655,"lvl":1},"76":{"pts":79401,"lvl":7},"77":{"pts":125,"lvl":1},"79":{"pts":995,"lvl":1},"80":{"pts":10643,"lvl":3},"81":{"pts":44848,"lvl":5},"84":{"pts":29562,"lvl":5},"85":{"pts":288,"lvl":1},"89":{"pts":12031,"lvl":3},"90":{"pts":17933,"lvl":4},"91":{"pts":14012,"lvl":4},"92":{"pts":9192,"lvl":3},"96":{"pts":8505,"lvl":3},"99":{"pts":19391,"lvl":4},"101":{"pts":12886,"lvl":4},"102":{"pts":2640,"lvl":2},"103":{"pts":27426,"lvl":6},"104":{"pts":7805,"lvl":3},"105":{"pts":5762,"lvl":2},"107":{"pts":15193,"lvl":4},"110":{"pts":3953,"lvl":2},"112":{"pts":3940,"lvl":2},"113":{"pts":86045,"lvl":6},"114":{"pts":10013,"lvl":3},"117":{"pts":22161,"lvl":5},"119":{"pts":26077,"lvl":5},"120":{"pts":25704,"lvl":5},"121":{"pts":48495,"lvl":7},"122":{"pts":5285,"lvl":2},"126":{"pts":4877,"lvl":2},"127":{"pts":237,"lvl":1},"131":{"pts":4573,"lvl":2},"133":{"pts":2206,"lvl":2},"134":{"pts":22509,"lvl":5},"136":{"pts":152698,"lvl":7},"141":{"pts":3145,"lvl":2},"142":{"pts":7355,"lvl":3},"145":{"pts":30295,"lvl":6},"150":{"pts":1591,"lvl":1},"154":{"pts":1068,"lvl":1},"157":{"pts":46695,"lvl":6},"161":{"pts":573,"lvl":1},"163":{"pts":20647,"lvl":4},"164":{"pts":7729,"lvl":3},"201":{"pts":31961,"lvl":6},"202":{"pts":6877,"lvl":3},"203":{"pts":3824,"lvl":2},"222":{"pts":29990,"lvl":6},"223":{"pts":1912,"lvl":2},"236":{"pts":99820,"lvl":7},"238":{"pts":31036,"lvl":5},"240":{"pts":9013,"lvl":3},"245":{"pts":14313,"lvl":4},"266":{"pts":1490,"lvl":1},"268":{"pts":13857,"lvl":4},"412":{"pts":16548,"lvl":4},"420":{"pts":2584,"lvl":2},"421":{"pts":465,"lvl":1},"427":{"pts":3306,"lvl":2},"429":{"pts":910,"lvl":1},"432":{"pts":14185,"lvl":4},"497":{"pts":12216,"lvl":3},"498":{"pts":35252,"lvl":6},"516":{"pts":8815,"lvl":3},"555":{"pts":4620,"lvl":2},"timestamp":1554409398575}