{"1":{"pts":14708,"lvl":3},"2":{"pts":11374,"lvl":3},"3":{"pts":10427,"lvl":3},"4":{"pts":32490,"lvl":4},"5":{"pts":32377,"lvl":6},"6":{"pts":7973,"lvl":3},"7":{"pts":441195,"lvl":7},"8":{"pts":24022,"lvl":5},"9":{"pts":5194,"lvl":2},"10":{"pts":848,"lvl":1},"11":{"pts":9560,"lvl":3},"12":{"pts":18675,"lvl":4},"13":{"pts":11657,"lvl":3},"14":{"pts":1819,"lvl":2},"15":{"pts":18548,"lvl":4},"16":{"pts":19985,"lvl":4},"17":{"pts":13856,"lvl":4},"18":{"pts":25862,"lvl":5},"19":{"pts":38862,"lvl":6},"20":{"pts":3805,"lvl":2},"21":{"pts":13829,"lvl":4},"22":{"pts":17975,"lvl":4},"23":{"pts":820,"lvl":1},"24":{"pts":44107,"lvl":6},"25":{"pts":88584,"lvl":6},"26":{"pts":109249,"lvl":7},"27":{"pts":1725,"lvl":1},"28":{"pts":18479,"lvl":4},"29":{"pts":8694,"lvl":3},"30":{"pts":3662,"lvl":2},"31":{"pts":8657,"lvl":2},"32":{"pts":5263,"lvl":2},"33":{"pts":26092,"lvl":5},"34":{"pts":3824,"lvl":2},"35":{"pts":36172,"lvl":7},"36":{"pts":1520,"lvl":1},"37":{"pts":5369,"lvl":2},"38":{"pts":68893,"lvl":7},"39":{"pts":44782,"lvl":5},"40":{"pts":16262,"lvl":4},"41":{"pts":6186,"lvl":3},"42":{"pts":235182,"lvl":7},"43":{"pts":10017,"lvl":3},"44":{"pts":2663,"lvl":2},"45":{"pts":5159,"lvl":2},"48":{"pts":8154,"lvl":3},"50":{"pts":13883,"lvl":3},"51":{"pts":16175,"lvl":4},"53":{"pts":16926,"lvl":4},"54":{"pts":9940,"lvl":3},"55":{"pts":55975,"lvl":6},"56":{"pts":4755,"lvl":2},"57":{"pts":11546,"lvl":3},"58":{"pts":5900,"lvl":2},"59":{"pts":7129,"lvl":3},"60":{"pts":30755,"lvl":6},"61":{"pts":24872,"lvl":5},"62":{"pts":77828,"lvl":7},"63":{"pts":2392,"lvl":2},"64":{"pts":200795,"lvl":7},"67":{"pts":10768,"lvl":3},"68":{"pts":2031,"lvl":2},"69":{"pts":1155,"lvl":1},"72":{"pts":14644,"lvl":4},"74":{"pts":411,"lvl":1},"75":{"pts":13188,"lvl":3},"76":{"pts":18859,"lvl":3},"77":{"pts":8167,"lvl":3},"78":{"pts":17560,"lvl":4},"79":{"pts":33819,"lvl":5},"80":{"pts":117598,"lvl":7},"81":{"pts":59931,"lvl":6},"82":{"pts":4456,"lvl":2},"83":{"pts":5611,"lvl":2},"84":{"pts":20090,"lvl":4},"85":{"pts":6698,"lvl":3},"86":{"pts":5462,"lvl":2},"89":{"pts":3038,"lvl":2},"90":{"pts":8927,"lvl":3},"91":{"pts":99380,"lvl":7},"92":{"pts":5405,"lvl":2},"96":{"pts":5747,"lvl":2},"98":{"pts":16825,"lvl":4},"99":{"pts":13203,"lvl":4},"101":{"pts":47237,"lvl":6},"102":{"pts":7410,"lvl":3},"103":{"pts":17736,"lvl":4},"104":{"pts":71559,"lvl":7},"105":{"pts":122091,"lvl":7},"106":{"pts":3280,"lvl":2},"107":{"pts":9140,"lvl":3},"110":{"pts":19046,"lvl":4},"111":{"pts":15375,"lvl":4},"112":{"pts":30504,"lvl":6},"113":{"pts":26534,"lvl":6},"114":{"pts":31666,"lvl":5},"115":{"pts":13692,"lvl":4},"117":{"pts":7030,"lvl":3},"119":{"pts":1841,"lvl":1},"120":{"pts":22199,"lvl":5},"121":{"pts":74450,"lvl":6},"122":{"pts":76902,"lvl":7},"126":{"pts":19568,"lvl":4},"127":{"pts":81896,"lvl":7},"131":{"pts":13346,"lvl":3},"133":{"pts":50392,"lvl":7},"134":{"pts":52827,"lvl":7},"136":{"pts":945,"lvl":1},"141":{"pts":6947,"lvl":3},"142":{"pts":39135,"lvl":5},"143":{"pts":7760,"lvl":3},"145":{"pts":8946,"lvl":3},"150":{"pts":3055,"lvl":2},"154":{"pts":23854,"lvl":5},"157":{"pts":5830,"lvl":2},"161":{"pts":59281,"lvl":7},"163":{"pts":74622,"lvl":7},"164":{"pts":10101,"lvl":3},"201":{"pts":7069,"lvl":3},"202":{"pts":8219,"lvl":3},"203":{"pts":15367,"lvl":4},"222":{"pts":3324,"lvl":2},"223":{"pts":10444,"lvl":3},"236":{"pts":18851,"lvl":4},"238":{"pts":56861,"lvl":6},"240":{"pts":1055,"lvl":1},"245":{"pts":56990,"lvl":7},"254":{"pts":42848,"lvl":7},"266":{"pts":5040,"lvl":2},"267":{"pts":4949,"lvl":2},"268":{"pts":1331,"lvl":1},"412":{"pts":115112,"lvl":7},"420":{"pts":9313,"lvl":3},"421":{"pts":29945,"lvl":6},"427":{"pts":4631,"lvl":2},"429":{"pts":1837,"lvl":1},"432":{"pts":14566,"lvl":4},"497":{"pts":10626,"lvl":3},"516":{"pts":857,"lvl":1},"517":{"pts":10057,"lvl":3},"518":{"pts":559,"lvl":1},"555":{"pts":16197,"lvl":4},"timestamp":1558555052440}