{"main":0,"accounts":[{"name":"Pirate Bartbeard","server":"euw1","id":"iR8I-bveVu6bx5o5_vewOW3Zj9GNuPDsr7lN4d7J7ZOQL88","accountId":"kJFSIs_ZVN8cbhTmjGdgl58fJ4nZeMlhdLyqeEMhcaP2FA","puuid":"pJTzR_3YIEw7O5E_UJ8AkIho3daHsI1JX8hv60KhMeDn7EzxO5SULerzLgO8NNt3y-fVeBbXHn0JWQ"},{"name":"Jkun","server":"euw1","id":"ZWlc_9NWfEW4Vl1tTjq2IB2qMJWTRJDlSylIdXZcC-oTEOM","accountId":"YwXY8Wo4jEPHKORtUhUPyiGxQPxu3taQqfcgibiIuriqQw","puuid":"ttiZ_gytSP0VGyy2QtGTJctHlftM4h8EVM1XIP4ih13BdMikx4KRVNwDPNs9O3IChhoi3f8DmvtpQw"},{"name":"microlegend","server":"euw1","id":"iBUJAunkvI8UkvjShMkcruK3oosMVg4diRx72JgI0M52ndA","accountId":"EzQdKiLZsxhJJ_pjtqPVEd_FyWjpPzElNEEfpEpqKx8LWA","puuid":"QNoHCwpzj7T9N96dy5G84g_Jl9u5b0AQ_WiKJmwVTW0WcEn_HUwk43M08mkPG8B5COc6OZ_fUdjqHw"}]}