{"1":{"pts":134820,"lvl":6},"2":{"pts":13936,"lvl":4},"3":{"pts":46515,"lvl":6},"4":{"pts":9721,"lvl":3},"5":{"pts":27205,"lvl":6},"6":{"pts":10608,"lvl":3},"7":{"pts":25431,"lvl":5},"8":{"pts":10958,"lvl":3},"9":{"pts":3111,"lvl":2},"10":{"pts":3155,"lvl":2},"11":{"pts":7882,"lvl":3},"12":{"pts":2832,"lvl":2},"13":{"pts":4569,"lvl":2},"14":{"pts":4438,"lvl":2},"15":{"pts":153,"lvl":1},"16":{"pts":5494,"lvl":2},"17":{"pts":31659,"lvl":6},"18":{"pts":34268,"lvl":5},"19":{"pts":2807,"lvl":2},"20":{"pts":1056,"lvl":1},"21":{"pts":52667,"lvl":6},"22":{"pts":8018,"lvl":3},"23":{"pts":8038,"lvl":3},"24":{"pts":1151,"lvl":1},"25":{"pts":38237,"lvl":6},"26":{"pts":8187,"lvl":3},"27":{"pts":1567,"lvl":1},"28":{"pts":5023,"lvl":2},"29":{"pts":23571,"lvl":5},"30":{"pts":9672,"lvl":3},"31":{"pts":41012,"lvl":6},"32":{"pts":8484,"lvl":3},"33":{"pts":340,"lvl":1},"34":{"pts":16881,"lvl":4},"35":{"pts":1636,"lvl":1},"36":{"pts":6392,"lvl":3},"37":{"pts":1667,"lvl":1},"38":{"pts":26561,"lvl":5},"39":{"pts":5883,"lvl":2},"40":{"pts":282,"lvl":1},"41":{"pts":920,"lvl":1},"42":{"pts":491293,"lvl":7},"43":{"pts":7348,"lvl":3},"44":{"pts":429,"lvl":1},"45":{"pts":115154,"lvl":7},"48":{"pts":1236,"lvl":1},"50":{"pts":22411,"lvl":5},"51":{"pts":37287,"lvl":5},"53":{"pts":8647,"lvl":3},"54":{"pts":26300,"lvl":5},"55":{"pts":29143,"lvl":5},"56":{"pts":16998,"lvl":4},"57":{"pts":5648,"lvl":2},"58":{"pts":2582,"lvl":2},"59":{"pts":8508,"lvl":3},"60":{"pts":1029,"lvl":1},"61":{"pts":46763,"lvl":6},"62":{"pts":8144,"lvl":3},"63":{"pts":54908,"lvl":6},"64":{"pts":1187,"lvl":1},"67":{"pts":14776,"lvl":4},"68":{"pts":4904,"lvl":2},"69":{"pts":12216,"lvl":3},"72":{"pts":177,"lvl":1},"74":{"pts":24624,"lvl":5},"75":{"pts":21276,"lvl":4},"76":{"pts":4483,"lvl":2},"77":{"pts":1343,"lvl":1},"78":{"pts":998,"lvl":1},"79":{"pts":1268,"lvl":1},"80":{"pts":18886,"lvl":4},"81":{"pts":17741,"lvl":4},"82":{"pts":19831,"lvl":4},"83":{"pts":5625,"lvl":2},"84":{"pts":9995,"lvl":3},"85":{"pts":13931,"lvl":4},"86":{"pts":19755,"lvl":4},"89":{"pts":386,"lvl":1},"90":{"pts":335304,"lvl":6},"91":{"pts":35699,"lvl":6},"92":{"pts":5879,"lvl":2},"96":{"pts":11833,"lvl":3},"99":{"pts":165552,"lvl":7},"101":{"pts":13111,"lvl":4},"102":{"pts":2576,"lvl":2},"103":{"pts":13477,"lvl":4},"104":{"pts":9639,"lvl":3},"105":{"pts":36955,"lvl":5},"106":{"pts":35725,"lvl":6},"107":{"pts":5452,"lvl":2},"110":{"pts":25408,"lvl":5},"111":{"pts":9348,"lvl":3},"112":{"pts":13426,"lvl":4},"113":{"pts":369,"lvl":1},"114":{"pts":2775,"lvl":2},"115":{"pts":18602,"lvl":4},"117":{"pts":5101,"lvl":2},"119":{"pts":3008,"lvl":2},"120":{"pts":4943,"lvl":2},"121":{"pts":3852,"lvl":2},"122":{"pts":27713,"lvl":5},"126":{"pts":7874,"lvl":3},"127":{"pts":6513,"lvl":3},"131":{"pts":16309,"lvl":4},"133":{"pts":1408,"lvl":1},"134":{"pts":328880,"lvl":7},"136":{"pts":11051,"lvl":3},"141":{"pts":8339,"lvl":3},"142":{"pts":13376,"lvl":4},"143":{"pts":7373,"lvl":3},"145":{"pts":5175,"lvl":2},"150":{"pts":6983,"lvl":3},"154":{"pts":3136,"lvl":2},"157":{"pts":37920,"lvl":6},"161":{"pts":122557,"lvl":7},"163":{"pts":7516,"lvl":3},"164":{"pts":109,"lvl":1},"201":{"pts":464,"lvl":1},"202":{"pts":60297,"lvl":6},"203":{"pts":5503,"lvl":2},"222":{"pts":81478,"lvl":5},"223":{"pts":28132,"lvl":5},"236":{"pts":9891,"lvl":3},"238":{"pts":22207,"lvl":5},"240":{"pts":4330,"lvl":2},"245":{"pts":34293,"lvl":5},"254":{"pts":3729,"lvl":2},"266":{"pts":4048,"lvl":2},"267":{"pts":164,"lvl":1},"268":{"pts":17276,"lvl":4},"350":{"pts":988,"lvl":1},"412":{"pts":1392,"lvl":1},"420":{"pts":25693,"lvl":5},"427":{"pts":108,"lvl":1},"429":{"pts":4424,"lvl":2},"432":{"pts":419,"lvl":1},"497":{"pts":658,"lvl":1},"498":{"pts":6917,"lvl":3},"516":{"pts":1489,"lvl":1},"517":{"pts":96199,"lvl":7},"518":{"pts":37585,"lvl":6},"555":{"pts":27307,"lvl":6},"timestamp":1558555052003}