{"1":{"pts":4522,"lvl":2},"2":{"pts":3057,"lvl":2},"3":{"pts":7290,"lvl":3},"4":{"pts":27541,"lvl":5},"5":{"pts":30640,"lvl":6},"6":{"pts":12647,"lvl":4},"7":{"pts":10727,"lvl":3},"8":{"pts":19802,"lvl":4},"9":{"pts":2806,"lvl":2},"10":{"pts":12008,"lvl":3},"11":{"pts":14073,"lvl":4},"12":{"pts":10593,"lvl":3},"13":{"pts":21393,"lvl":4},"14":{"pts":9240,"lvl":3},"15":{"pts":11776,"lvl":3},"16":{"pts":10753,"lvl":3},"17":{"pts":12159,"lvl":3},"18":{"pts":5121,"lvl":2},"19":{"pts":8284,"lvl":3},"20":{"pts":9713,"lvl":3},"21":{"pts":8729,"lvl":3},"22":{"pts":23687,"lvl":5},"23":{"pts":156,"lvl":1},"24":{"pts":13288,"lvl":4},"25":{"pts":1785,"lvl":1},"26":{"pts":10884,"lvl":3},"27":{"pts":2834,"lvl":2},"28":{"pts":8435,"lvl":3},"29":{"pts":5551,"lvl":2},"30":{"pts":4846,"lvl":2},"31":{"pts":2033,"lvl":2},"32":{"pts":16257,"lvl":4},"33":{"pts":11072,"lvl":3},"34":{"pts":7350,"lvl":3},"35":{"pts":9096,"lvl":3},"36":{"pts":17279,"lvl":4},"37":{"pts":2853,"lvl":2},"38":{"pts":3321,"lvl":2},"39":{"pts":8980,"lvl":3},"40":{"pts":2474,"lvl":2},"41":{"pts":735,"lvl":1},"42":{"pts":1831,"lvl":2},"43":{"pts":63465,"lvl":6},"44":{"pts":31530,"lvl":6},"45":{"pts":2888,"lvl":2},"48":{"pts":4583,"lvl":2},"50":{"pts":10362,"lvl":3},"51":{"pts":6646,"lvl":3},"53":{"pts":15331,"lvl":4},"54":{"pts":4073,"lvl":2},"55":{"pts":80817,"lvl":7},"56":{"pts":3429,"lvl":2},"57":{"pts":6081,"lvl":3},"58":{"pts":11290,"lvl":3},"59":{"pts":3684,"lvl":2},"60":{"pts":4883,"lvl":2},"61":{"pts":583,"lvl":1},"62":{"pts":9023,"lvl":3},"63":{"pts":16589,"lvl":4},"64":{"pts":35786,"lvl":6},"67":{"pts":11218,"lvl":3},"68":{"pts":271,"lvl":1},"69":{"pts":5070,"lvl":2},"74":{"pts":12040,"lvl":3},"75":{"pts":3010,"lvl":2},"76":{"pts":16375,"lvl":4},"77":{"pts":1896,"lvl":2},"78":{"pts":15076,"lvl":4},"79":{"pts":5523,"lvl":2},"80":{"pts":6250,"lvl":3},"81":{"pts":29872,"lvl":5},"82":{"pts":9636,"lvl":3},"83":{"pts":2417,"lvl":2},"84":{"pts":1085,"lvl":1},"85":{"pts":15380,"lvl":4},"86":{"pts":10932,"lvl":3},"89":{"pts":6693,"lvl":3},"90":{"pts":4009,"lvl":2},"91":{"pts":10609,"lvl":3},"92":{"pts":18303,"lvl":4},"96":{"pts":2202,"lvl":2},"98":{"pts":20818,"lvl":4},"99":{"pts":16940,"lvl":4},"101":{"pts":26079,"lvl":5},"102":{"pts":5413,"lvl":2},"103":{"pts":26298,"lvl":5},"104":{"pts":4403,"lvl":2},"105":{"pts":13784,"lvl":4},"107":{"pts":9943,"lvl":3},"110":{"pts":5877,"lvl":2},"111":{"pts":6478,"lvl":3},"112":{"pts":3125,"lvl":2},"113":{"pts":1630,"lvl":1},"114":{"pts":20475,"lvl":4},"115":{"pts":12930,"lvl":4},"117":{"pts":7706,"lvl":3},"119":{"pts":517,"lvl":1},"120":{"pts":12407,"lvl":3},"121":{"pts":6020,"lvl":3},"122":{"pts":11498,"lvl":3},"126":{"pts":5526,"lvl":2},"127":{"pts":1185,"lvl":1},"131":{"pts":12104,"lvl":3},"133":{"pts":12554,"lvl":3},"134":{"pts":2407,"lvl":2},"136":{"pts":3609,"lvl":2},"141":{"pts":4694,"lvl":2},"142":{"pts":12188,"lvl":3},"143":{"pts":4453,"lvl":2},"145":{"pts":3120,"lvl":2},"150":{"pts":13177,"lvl":4},"154":{"pts":1331,"lvl":1},"157":{"pts":161558,"lvl":7},"161":{"pts":16188,"lvl":4},"163":{"pts":685,"lvl":1},"164":{"pts":8432,"lvl":3},"201":{"pts":6154,"lvl":3},"202":{"pts":5246,"lvl":2},"203":{"pts":8930,"lvl":3},"222":{"pts":3820,"lvl":2},"223":{"pts":5346,"lvl":2},"236":{"pts":28031,"lvl":5},"238":{"pts":26201,"lvl":5},"240":{"pts":2779,"lvl":2},"245":{"pts":13184,"lvl":4},"254":{"pts":4817,"lvl":2},"266":{"pts":24461,"lvl":5},"267":{"pts":235,"lvl":1},"268":{"pts":6813,"lvl":3},"412":{"pts":42764,"lvl":6},"420":{"pts":1906,"lvl":2},"421":{"pts":2649,"lvl":2},"427":{"pts":188,"lvl":1},"429":{"pts":6134,"lvl":3},"432":{"pts":9794,"lvl":3},"497":{"pts":804,"lvl":1},"498":{"pts":21811,"lvl":5},"516":{"pts":3877,"lvl":2},"517":{"pts":5700,"lvl":2},"518":{"pts":2856,"lvl":2},"555":{"pts":19139,"lvl":4},"timestamp":1558402214441}