{"1":{"pts":39997,"lvl":7},"2":{"pts":3565,"lvl":2},"3":{"pts":1574,"lvl":1},"4":{"pts":159297,"lvl":7},"5":{"pts":2914,"lvl":2},"6":{"pts":226,"lvl":1},"7":{"pts":231965,"lvl":7},"8":{"pts":50260,"lvl":7},"9":{"pts":1671,"lvl":1},"10":{"pts":18864,"lvl":4},"11":{"pts":99050,"lvl":7},"12":{"pts":8425,"lvl":3},"13":{"pts":62054,"lvl":7},"14":{"pts":704,"lvl":1},"15":{"pts":19013,"lvl":4},"16":{"pts":3425,"lvl":2},"17":{"pts":8162,"lvl":3},"18":{"pts":44650,"lvl":7},"19":{"pts":3788,"lvl":2},"20":{"pts":3076,"lvl":2},"21":{"pts":9911,"lvl":3},"22":{"pts":48396,"lvl":7},"23":{"pts":11999,"lvl":3},"24":{"pts":5372,"lvl":2},"25":{"pts":11207,"lvl":3},"26":{"pts":1590,"lvl":1},"27":{"pts":1954,"lvl":2},"28":{"pts":34070,"lvl":7},"29":{"pts":31588,"lvl":6},"30":{"pts":15594,"lvl":4},"31":{"pts":1619,"lvl":1},"32":{"pts":129,"lvl":1},"33":{"pts":6530,"lvl":3},"34":{"pts":5714,"lvl":2},"35":{"pts":6075,"lvl":3},"36":{"pts":9347,"lvl":3},"37":{"pts":1345,"lvl":1},"38":{"pts":44500,"lvl":7},"39":{"pts":68835,"lvl":7},"40":{"pts":9177,"lvl":3},"41":{"pts":18898,"lvl":4},"42":{"pts":34821,"lvl":7},"43":{"pts":381,"lvl":1},"44":{"pts":1006,"lvl":1},"45":{"pts":15777,"lvl":4},"48":{"pts":5463,"lvl":2},"50":{"pts":340,"lvl":1},"51":{"pts":58176,"lvl":7},"53":{"pts":14428,"lvl":4},"54":{"pts":4726,"lvl":2},"55":{"pts":82655,"lvl":7},"56":{"pts":3662,"lvl":2},"57":{"pts":2242,"lvl":2},"58":{"pts":24555,"lvl":6},"59":{"pts":16410,"lvl":4},"60":{"pts":79357,"lvl":7},"61":{"pts":44886,"lvl":7},"62":{"pts":2688,"lvl":2},"63":{"pts":9867,"lvl":3},"64":{"pts":243345,"lvl":7},"67":{"pts":94089,"lvl":7},"68":{"pts":7650,"lvl":3},"69":{"pts":41052,"lvl":7},"72":{"pts":322,"lvl":1},"74":{"pts":1861,"lvl":2},"75":{"pts":3469,"lvl":2},"76":{"pts":79855,"lvl":7},"77":{"pts":1264,"lvl":1},"78":{"pts":4206,"lvl":2},"79":{"pts":10483,"lvl":3},"80":{"pts":3562,"lvl":2},"81":{"pts":60085,"lvl":7},"82":{"pts":2390,"lvl":2},"83":{"pts":1505,"lvl":1},"84":{"pts":4199,"lvl":2},"85":{"pts":1851,"lvl":2},"86":{"pts":185,"lvl":1},"89":{"pts":2247,"lvl":2},"90":{"pts":3163,"lvl":2},"91":{"pts":10921,"lvl":3},"92":{"pts":153597,"lvl":7},"96":{"pts":18833,"lvl":4},"98":{"pts":2118,"lvl":2},"99":{"pts":57450,"lvl":7},"101":{"pts":10259,"lvl":3},"102":{"pts":1593,"lvl":1},"103":{"pts":141740,"lvl":7},"104":{"pts":26465,"lvl":6},"105":{"pts":57587,"lvl":7},"107":{"pts":17186,"lvl":4},"110":{"pts":38564,"lvl":7},"111":{"pts":2773,"lvl":2},"112":{"pts":48022,"lvl":7},"113":{"pts":10001,"lvl":3},"114":{"pts":46942,"lvl":7},"115":{"pts":11449,"lvl":3},"117":{"pts":38659,"lvl":6},"119":{"pts":3285,"lvl":2},"120":{"pts":7919,"lvl":3},"121":{"pts":20109,"lvl":4},"122":{"pts":719,"lvl":1},"126":{"pts":21770,"lvl":5},"127":{"pts":15152,"lvl":4},"131":{"pts":24073,"lvl":5},"133":{"pts":958,"lvl":1},"134":{"pts":45508,"lvl":7},"136":{"pts":5061,"lvl":2},"141":{"pts":1430,"lvl":1},"142":{"pts":9128,"lvl":3},"143":{"pts":1345,"lvl":1},"145":{"pts":8552,"lvl":3},"150":{"pts":7990,"lvl":3},"154":{"pts":12586,"lvl":3},"157":{"pts":107499,"lvl":7},"161":{"pts":3957,"lvl":2},"163":{"pts":6857,"lvl":3},"164":{"pts":11336,"lvl":3},"201":{"pts":1036,"lvl":1},"202":{"pts":46079,"lvl":7},"203":{"pts":17984,"lvl":4},"222":{"pts":44969,"lvl":7},"223":{"pts":342,"lvl":1},"236":{"pts":56632,"lvl":7},"238":{"pts":83466,"lvl":7},"240":{"pts":1416,"lvl":1},"245":{"pts":29346,"lvl":7},"254":{"pts":5972,"lvl":2},"266":{"pts":2264,"lvl":2},"267":{"pts":5777,"lvl":2},"268":{"pts":45538,"lvl":7},"412":{"pts":39712,"lvl":7},"420":{"pts":1526,"lvl":1},"421":{"pts":15159,"lvl":4},"427":{"pts":4547,"lvl":2},"429":{"pts":46368,"lvl":7},"432":{"pts":811,"lvl":1},"497":{"pts":1573,"lvl":1},"498":{"pts":49199,"lvl":7},"517":{"pts":127,"lvl":1},"518":{"pts":2798,"lvl":2},"555":{"pts":1768,"lvl":1},"timestamp":1558555050134}