{"1":{"pts":1669,"lvl":1},"2":{"pts":149,"lvl":1},"4":{"pts":10160,"lvl":3},"6":{"pts":863,"lvl":1},"7":{"pts":217,"lvl":1},"8":{"pts":685,"lvl":1},"9":{"pts":10973,"lvl":3},"11":{"pts":9706,"lvl":3},"13":{"pts":1637,"lvl":1},"14":{"pts":157,"lvl":1},"15":{"pts":3535,"lvl":2},"16":{"pts":3983,"lvl":2},"17":{"pts":16097,"lvl":4},"18":{"pts":14449,"lvl":4},"19":{"pts":5880,"lvl":2},"20":{"pts":749,"lvl":1},"22":{"pts":4302,"lvl":2},"24":{"pts":6691,"lvl":3},"25":{"pts":26297,"lvl":5},"26":{"pts":342,"lvl":1},"27":{"pts":3142,"lvl":2},"30":{"pts":3832,"lvl":2},"32":{"pts":953,"lvl":1},"33":{"pts":2072,"lvl":2},"38":{"pts":94,"lvl":1},"40":{"pts":2609,"lvl":2},"41":{"pts":802,"lvl":1},"42":{"pts":67923,"lvl":7},"43":{"pts":283,"lvl":1},"44":{"pts":507,"lvl":1},"45":{"pts":12312,"lvl":3},"48":{"pts":161,"lvl":1},"51":{"pts":1492,"lvl":1},"53":{"pts":8381,"lvl":3},"54":{"pts":980,"lvl":1},"55":{"pts":969,"lvl":1},"58":{"pts":477,"lvl":1},"62":{"pts":119,"lvl":1},"68":{"pts":960,"lvl":1},"74":{"pts":1633,"lvl":1},"75":{"pts":926,"lvl":1},"77":{"pts":4862,"lvl":2},"78":{"pts":205,"lvl":1},"81":{"pts":366,"lvl":1},"84":{"pts":239,"lvl":1},"86":{"pts":3557,"lvl":2},"89":{"pts":2417,"lvl":2},"90":{"pts":9070,"lvl":3},"91":{"pts":5344,"lvl":2},"92":{"pts":158,"lvl":1},"96":{"pts":491,"lvl":1},"99":{"pts":5311,"lvl":2},"101":{"pts":4252,"lvl":2},"102":{"pts":138,"lvl":1},"104":{"pts":2123,"lvl":2},"105":{"pts":1700,"lvl":1},"110":{"pts":8113,"lvl":3},"114":{"pts":542,"lvl":1},"117":{"pts":95,"lvl":1},"119":{"pts":9711,"lvl":3},"120":{"pts":652,"lvl":1},"121":{"pts":963,"lvl":1},"122":{"pts":2359,"lvl":2},"126":{"pts":397,"lvl":1},"127":{"pts":957,"lvl":1},"141":{"pts":17535,"lvl":4},"142":{"pts":720,"lvl":1},"143":{"pts":127,"lvl":1},"145":{"pts":615,"lvl":1},"164":{"pts":146,"lvl":1},"202":{"pts":1650,"lvl":1},"222":{"pts":11929,"lvl":3},"223":{"pts":7775,"lvl":3},"240":{"pts":718,"lvl":1},"245":{"pts":29138,"lvl":5},"412":{"pts":2157,"lvl":2},"432":{"pts":1740,"lvl":1},"497":{"pts":120,"lvl":1},"498":{"pts":643,"lvl":1},"516":{"pts":790,"lvl":1},"timestamp":1558555050313}