{"1":{"pts":6722,"lvl":3},"2":{"pts":814,"lvl":1},"3":{"pts":4237,"lvl":2},"4":{"pts":37803,"lvl":5},"6":{"pts":3654,"lvl":2},"7":{"pts":95549,"lvl":7},"8":{"pts":736,"lvl":1},"9":{"pts":6441,"lvl":3},"10":{"pts":2227,"lvl":2},"11":{"pts":1052,"lvl":1},"12":{"pts":1519,"lvl":1},"13":{"pts":9292,"lvl":3},"14":{"pts":1024,"lvl":1},"15":{"pts":11232,"lvl":3},"16":{"pts":3167,"lvl":2},"17":{"pts":6125,"lvl":3},"18":{"pts":59931,"lvl":6},"19":{"pts":470,"lvl":1},"20":{"pts":5076,"lvl":2},"21":{"pts":9603,"lvl":3},"22":{"pts":8444,"lvl":3},"23":{"pts":1591,"lvl":1},"24":{"pts":28256,"lvl":5},"25":{"pts":8391,"lvl":3},"26":{"pts":41368,"lvl":7},"27":{"pts":1841,"lvl":2},"28":{"pts":12611,"lvl":4},"29":{"pts":57147,"lvl":6},"30":{"pts":2309,"lvl":2},"31":{"pts":4141,"lvl":2},"32":{"pts":25907,"lvl":5},"33":{"pts":3258,"lvl":2},"34":{"pts":3286,"lvl":2},"35":{"pts":1089,"lvl":1},"36":{"pts":2323,"lvl":2},"37":{"pts":3193,"lvl":2},"38":{"pts":11340,"lvl":3},"39":{"pts":193,"lvl":1},"40":{"pts":6800,"lvl":3},"41":{"pts":3963,"lvl":2},"42":{"pts":35172,"lvl":5},"43":{"pts":18639,"lvl":4},"44":{"pts":2554,"lvl":2},"45":{"pts":48503,"lvl":6},"48":{"pts":1037,"lvl":1},"50":{"pts":3621,"lvl":2},"51":{"pts":34457,"lvl":6},"53":{"pts":26010,"lvl":5},"54":{"pts":8001,"lvl":3},"55":{"pts":1214,"lvl":1},"56":{"pts":4226,"lvl":2},"57":{"pts":28920,"lvl":5},"58":{"pts":19617,"lvl":4},"60":{"pts":30961,"lvl":6},"61":{"pts":41186,"lvl":6},"62":{"pts":35534,"lvl":5},"63":{"pts":60824,"lvl":7},"64":{"pts":593,"lvl":1},"67":{"pts":419,"lvl":1},"68":{"pts":9392,"lvl":3},"69":{"pts":68285,"lvl":7},"74":{"pts":3412,"lvl":2},"75":{"pts":4719,"lvl":2},"76":{"pts":13105,"lvl":4},"78":{"pts":11203,"lvl":3},"79":{"pts":36769,"lvl":6},"80":{"pts":22161,"lvl":5},"81":{"pts":83677,"lvl":5},"82":{"pts":283,"lvl":1},"83":{"pts":910,"lvl":1},"84":{"pts":469,"lvl":1},"85":{"pts":6956,"lvl":3},"86":{"pts":67,"lvl":1},"89":{"pts":3333,"lvl":2},"90":{"pts":4272,"lvl":2},"91":{"pts":4579,"lvl":2},"92":{"pts":284,"lvl":1},"96":{"pts":10351,"lvl":3},"98":{"pts":4687,"lvl":2},"99":{"pts":11364,"lvl":3},"101":{"pts":105599,"lvl":7},"103":{"pts":210131,"lvl":7},"104":{"pts":22601,"lvl":5},"105":{"pts":170094,"lvl":7},"106":{"pts":2583,"lvl":2},"107":{"pts":3611,"lvl":2},"110":{"pts":28353,"lvl":5},"111":{"pts":5974,"lvl":2},"112":{"pts":2543,"lvl":2},"113":{"pts":39639,"lvl":6},"114":{"pts":1759,"lvl":1},"115":{"pts":51139,"lvl":6},"117":{"pts":92499,"lvl":7},"119":{"pts":118,"lvl":1},"120":{"pts":21749,"lvl":5},"121":{"pts":22499,"lvl":5},"122":{"pts":1564,"lvl":1},"126":{"pts":14701,"lvl":4},"127":{"pts":47695,"lvl":6},"131":{"pts":1832,"lvl":2},"133":{"pts":5581,"lvl":2},"134":{"pts":64840,"lvl":7},"136":{"pts":1757,"lvl":1},"141":{"pts":19539,"lvl":4},"142":{"pts":76795,"lvl":7},"143":{"pts":31632,"lvl":5},"145":{"pts":1640,"lvl":1},"150":{"pts":19842,"lvl":4},"154":{"pts":44061,"lvl":5},"157":{"pts":1879,"lvl":2},"161":{"pts":35309,"lvl":5},"163":{"pts":1916,"lvl":2},"164":{"pts":112,"lvl":1},"201":{"pts":3217,"lvl":2},"202":{"pts":24709,"lvl":5},"203":{"pts":2254,"lvl":2},"222":{"pts":77802,"lvl":6},"223":{"pts":8925,"lvl":3},"236":{"pts":64260,"lvl":6},"238":{"pts":5398,"lvl":2},"240":{"pts":171,"lvl":1},"245":{"pts":11050,"lvl":3},"254":{"pts":1775,"lvl":1},"266":{"pts":4315,"lvl":2},"267":{"pts":2477,"lvl":2},"268":{"pts":2113,"lvl":2},"412":{"pts":7331,"lvl":3},"420":{"pts":1264,"lvl":1},"421":{"pts":191,"lvl":1},"427":{"pts":1510,"lvl":1},"429":{"pts":12447,"lvl":3},"432":{"pts":1676,"lvl":1},"497":{"pts":1210,"lvl":1},"498":{"pts":1970,"lvl":2},"516":{"pts":42810,"lvl":7},"518":{"pts":130,"lvl":1},"timestamp":1558555050213}