{"1":{"pts":1559,"lvl":1},"2":{"pts":23414,"lvl":5},"3":{"pts":4529,"lvl":2},"4":{"pts":3045,"lvl":2},"5":{"pts":4153,"lvl":2},"6":{"pts":12061,"lvl":3},"7":{"pts":4550,"lvl":2},"8":{"pts":1790,"lvl":1},"9":{"pts":9133,"lvl":3},"10":{"pts":7480,"lvl":3},"11":{"pts":22282,"lvl":5},"12":{"pts":13734,"lvl":4},"13":{"pts":3254,"lvl":2},"14":{"pts":8804,"lvl":3},"15":{"pts":775,"lvl":1},"16":{"pts":4273,"lvl":2},"17":{"pts":23058,"lvl":5},"19":{"pts":4829,"lvl":2},"20":{"pts":4694,"lvl":2},"21":{"pts":6119,"lvl":3},"22":{"pts":1153,"lvl":1},"23":{"pts":11541,"lvl":3},"24":{"pts":9699,"lvl":3},"25":{"pts":570,"lvl":1},"26":{"pts":2347,"lvl":2},"27":{"pts":2764,"lvl":2},"28":{"pts":11331,"lvl":3},"29":{"pts":3261,"lvl":2},"30":{"pts":5159,"lvl":2},"31":{"pts":21242,"lvl":4},"32":{"pts":13177,"lvl":4},"33":{"pts":6964,"lvl":3},"34":{"pts":84,"lvl":1},"35":{"pts":5709,"lvl":2},"36":{"pts":2927,"lvl":2},"37":{"pts":291,"lvl":1},"38":{"pts":948,"lvl":1},"39":{"pts":3454,"lvl":2},"40":{"pts":1173,"lvl":1},"41":{"pts":7468,"lvl":3},"42":{"pts":647,"lvl":1},"43":{"pts":1363,"lvl":1},"44":{"pts":13794,"lvl":4},"45":{"pts":1191,"lvl":1},"48":{"pts":2768,"lvl":2},"51":{"pts":2068,"lvl":2},"53":{"pts":10046,"lvl":3},"54":{"pts":9194,"lvl":3},"55":{"pts":161,"lvl":1},"56":{"pts":18436,"lvl":4},"57":{"pts":6587,"lvl":3},"59":{"pts":7706,"lvl":3},"60":{"pts":1251,"lvl":1},"62":{"pts":7497,"lvl":3},"63":{"pts":589,"lvl":1},"64":{"pts":28649,"lvl":5},"67":{"pts":1767,"lvl":1},"68":{"pts":3065,"lvl":2},"69":{"pts":128,"lvl":1},"72":{"pts":2706,"lvl":2},"74":{"pts":2409,"lvl":2},"75":{"pts":6607,"lvl":3},"76":{"pts":7442,"lvl":3},"77":{"pts":6673,"lvl":3},"78":{"pts":835,"lvl":1},"79":{"pts":7895,"lvl":3},"80":{"pts":1944,"lvl":2},"81":{"pts":3889,"lvl":2},"82":{"pts":2285,"lvl":2},"83":{"pts":951,"lvl":1},"84":{"pts":3700,"lvl":2},"85":{"pts":2508,"lvl":2},"86":{"pts":2588,"lvl":2},"89":{"pts":491,"lvl":1},"90":{"pts":834,"lvl":1},"91":{"pts":133,"lvl":1},"92":{"pts":27886,"lvl":5},"98":{"pts":1863,"lvl":2},"101":{"pts":2551,"lvl":2},"102":{"pts":3902,"lvl":2},"104":{"pts":1443,"lvl":1},"107":{"pts":7486,"lvl":3},"110":{"pts":724,"lvl":1},"111":{"pts":1419,"lvl":1},"112":{"pts":177,"lvl":1},"113":{"pts":44883,"lvl":7},"114":{"pts":2103,"lvl":2},"115":{"pts":642,"lvl":1},"117":{"pts":1070,"lvl":1},"119":{"pts":888,"lvl":1},"120":{"pts":9847,"lvl":3},"121":{"pts":16131,"lvl":4},"122":{"pts":2510,"lvl":2},"126":{"pts":5466,"lvl":2},"127":{"pts":786,"lvl":1},"131":{"pts":2291,"lvl":2},"133":{"pts":269,"lvl":1},"134":{"pts":195,"lvl":1},"141":{"pts":46853,"lvl":6},"142":{"pts":878,"lvl":1},"143":{"pts":1898,"lvl":2},"145":{"pts":98,"lvl":1},"150":{"pts":203,"lvl":1},"154":{"pts":3241,"lvl":2},"157":{"pts":283,"lvl":1},"161":{"pts":107,"lvl":1},"163":{"pts":912,"lvl":1},"164":{"pts":1115,"lvl":1},"201":{"pts":49569,"lvl":6},"202":{"pts":320,"lvl":1},"203":{"pts":3063,"lvl":2},"222":{"pts":2524,"lvl":2},"223":{"pts":1269,"lvl":1},"236":{"pts":897,"lvl":1},"238":{"pts":793,"lvl":1},"240":{"pts":1444,"lvl":1},"245":{"pts":1783,"lvl":1},"254":{"pts":43465,"lvl":6},"266":{"pts":6912,"lvl":3},"267":{"pts":275,"lvl":1},"412":{"pts":10934,"lvl":3},"420":{"pts":2069,"lvl":2},"421":{"pts":32626,"lvl":6},"427":{"pts":734,"lvl":1},"429":{"pts":1797,"lvl":1},"432":{"pts":5771,"lvl":2},"497":{"pts":31923,"lvl":7},"498":{"pts":653,"lvl":1},"516":{"pts":250,"lvl":1},"555":{"pts":18156,"lvl":4},"timestamp":1558402214223}