{"3":{"pts":1604,"lvl":1},"4":{"pts":6584,"lvl":3},"5":{"pts":1945,"lvl":2},"6":{"pts":7358,"lvl":3},"7":{"pts":487,"lvl":1},"8":{"pts":1253,"lvl":1},"9":{"pts":755,"lvl":1},"11":{"pts":9540,"lvl":3},"12":{"pts":1276,"lvl":1},"13":{"pts":191,"lvl":1},"15":{"pts":14738,"lvl":4},"16":{"pts":5834,"lvl":2},"17":{"pts":3630,"lvl":2},"19":{"pts":13883,"lvl":4},"21":{"pts":2548,"lvl":2},"22":{"pts":1256,"lvl":1},"23":{"pts":2986,"lvl":2},"24":{"pts":4053,"lvl":2},"25":{"pts":2244,"lvl":2},"29":{"pts":942,"lvl":1},"35":{"pts":1092,"lvl":1},"36":{"pts":2254,"lvl":2},"37":{"pts":715,"lvl":1},"39":{"pts":34276,"lvl":5},"40":{"pts":229,"lvl":1},"41":{"pts":419,"lvl":1},"42":{"pts":13251,"lvl":4},"45":{"pts":821,"lvl":1},"50":{"pts":429,"lvl":1},"51":{"pts":2463,"lvl":2},"53":{"pts":137,"lvl":1},"54":{"pts":460,"lvl":1},"55":{"pts":26420,"lvl":5},"56":{"pts":973,"lvl":1},"57":{"pts":3267,"lvl":2},"59":{"pts":879,"lvl":1},"60":{"pts":138,"lvl":1},"61":{"pts":141,"lvl":1},"63":{"pts":607,"lvl":1},"64":{"pts":5271,"lvl":2},"67":{"pts":374,"lvl":1},"69":{"pts":151,"lvl":1},"74":{"pts":5340,"lvl":2},"75":{"pts":3829,"lvl":2},"79":{"pts":2591,"lvl":2},"80":{"pts":12915,"lvl":4},"81":{"pts":163,"lvl":1},"83":{"pts":964,"lvl":1},"84":{"pts":1547,"lvl":1},"86":{"pts":1568,"lvl":1},"91":{"pts":107,"lvl":1},"92":{"pts":1429,"lvl":1},"96":{"pts":239,"lvl":1},"98":{"pts":3869,"lvl":2},"99":{"pts":3128,"lvl":2},"102":{"pts":107,"lvl":1},"104":{"pts":3847,"lvl":2},"105":{"pts":3244,"lvl":2},"110":{"pts":234,"lvl":1},"112":{"pts":1093,"lvl":1},"114":{"pts":320,"lvl":1},"117":{"pts":181,"lvl":1},"120":{"pts":10045,"lvl":3},"121":{"pts":4322,"lvl":2},"122":{"pts":7933,"lvl":3},"126":{"pts":6171,"lvl":3},"127":{"pts":662,"lvl":1},"131":{"pts":24536,"lvl":5},"133":{"pts":1038,"lvl":1},"134":{"pts":427,"lvl":1},"136":{"pts":2274,"lvl":2},"141":{"pts":15292,"lvl":4},"142":{"pts":127,"lvl":1},"143":{"pts":164,"lvl":1},"145":{"pts":479,"lvl":1},"154":{"pts":165,"lvl":1},"157":{"pts":3699,"lvl":2},"161":{"pts":152,"lvl":1},"163":{"pts":3347,"lvl":2},"164":{"pts":7992,"lvl":3},"203":{"pts":1944,"lvl":2},"222":{"pts":259,"lvl":1},"223":{"pts":304,"lvl":1},"236":{"pts":2867,"lvl":2},"238":{"pts":156,"lvl":1},"240":{"pts":787,"lvl":1},"245":{"pts":3235,"lvl":2},"254":{"pts":128,"lvl":1},"266":{"pts":7850,"lvl":3},"267":{"pts":1285,"lvl":1},"412":{"pts":3812,"lvl":2},"420":{"pts":6177,"lvl":3},"421":{"pts":1513,"lvl":1},"427":{"pts":204,"lvl":1},"497":{"pts":2058,"lvl":2},"498":{"pts":10690,"lvl":3},"517":{"pts":5832,"lvl":2},"518":{"pts":906,"lvl":1},"555":{"pts":2367,"lvl":2},"timestamp":1558555049983}