{"1":{"pts":13671,"lvl":2},"2":{"pts":3480,"lvl":1},"3":{"pts":3164,"lvl":1},"4":{"pts":14530,"lvl":3},"5":{"pts":94706,"lvl":7},"6":{"pts":19071,"lvl":3},"8":{"pts":59573,"lvl":6},"9":{"pts":11370,"lvl":2},"10":{"pts":26096,"lvl":4},"11":{"pts":46474,"lvl":5},"12":{"pts":376,"lvl":1},"13":{"pts":9550,"lvl":2},"14":{"pts":4094,"lvl":1},"15":{"pts":75106,"lvl":7},"16":{"pts":24987,"lvl":4},"17":{"pts":17287,"lvl":3},"18":{"pts":38822,"lvl":4},"19":{"pts":18747,"lvl":3},"20":{"pts":23688,"lvl":3},"21":{"pts":6261,"lvl":2},"22":{"pts":57349,"lvl":7},"23":{"pts":20802,"lvl":3},"24":{"pts":80893,"lvl":6},"25":{"pts":43876,"lvl":4},"26":{"pts":159070,"lvl":6},"27":{"pts":9069,"lvl":2},"28":{"pts":19862,"lvl":3},"29":{"pts":61595,"lvl":5},"30":{"pts":47883,"lvl":4},"31":{"pts":13738,"lvl":3},"32":{"pts":73739,"lvl":6},"33":{"pts":43950,"lvl":5},"34":{"pts":5880,"lvl":2},"35":{"pts":22266,"lvl":3},"36":{"pts":25555,"lvl":3},"37":{"pts":233909,"lvl":7},"38":{"pts":42666,"lvl":4},"39":{"pts":5009,"lvl":2},"40":{"pts":214135,"lvl":7},"41":{"pts":33267,"lvl":4},"42":{"pts":296001,"lvl":7},"43":{"pts":88428,"lvl":6},"44":{"pts":18128,"lvl":3},"45":{"pts":18507,"lvl":3},"48":{"pts":39444,"lvl":5},"50":{"pts":673,"lvl":1},"51":{"pts":2390,"lvl":1},"53":{"pts":13102,"lvl":3},"54":{"pts":22311,"lvl":3},"55":{"pts":2442,"lvl":1},"56":{"pts":7938,"lvl":2},"57":{"pts":2522,"lvl":1},"58":{"pts":284,"lvl":1},"59":{"pts":7003,"lvl":2},"60":{"pts":302,"lvl":1},"61":{"pts":705,"lvl":1},"62":{"pts":2048,"lvl":1},"63":{"pts":4480,"lvl":2},"67":{"pts":21989,"lvl":3},"68":{"pts":730,"lvl":1},"69":{"pts":1017,"lvl":1},"72":{"pts":22464,"lvl":3},"74":{"pts":891,"lvl":1},"75":{"pts":17754,"lvl":3},"76":{"pts":4534,"lvl":2},"77":{"pts":96901,"lvl":5},"78":{"pts":9813,"lvl":3},"79":{"pts":3678,"lvl":2},"80":{"pts":10010,"lvl":2},"81":{"pts":85563,"lvl":7},"82":{"pts":7422,"lvl":2},"83":{"pts":34452,"lvl":4},"84":{"pts":1044,"lvl":1},"85":{"pts":12844,"lvl":2},"86":{"pts":17739,"lvl":3},"89":{"pts":15833,"lvl":2},"90":{"pts":4545,"lvl":2},"92":{"pts":3502,"lvl":2},"96":{"pts":78935,"lvl":6},"98":{"pts":48996,"lvl":5},"99":{"pts":11047,"lvl":2},"102":{"pts":96291,"lvl":6},"103":{"pts":16428,"lvl":3},"104":{"pts":774,"lvl":1},"106":{"pts":4755,"lvl":1},"107":{"pts":1245,"lvl":1},"110":{"pts":74435,"lvl":6},"112":{"pts":2748,"lvl":2},"113":{"pts":1958,"lvl":1},"114":{"pts":31684,"lvl":4},"115":{"pts":7903,"lvl":3},"117":{"pts":3562,"lvl":1},"120":{"pts":8982,"lvl":2},"121":{"pts":128196,"lvl":7},"126":{"pts":2932,"lvl":1},"127":{"pts":1763,"lvl":1},"131":{"pts":61333,"lvl":5},"133":{"pts":1793,"lvl":1},"136":{"pts":255,"lvl":1},"143":{"pts":5334,"lvl":2},"150":{"pts":3290,"lvl":1},"154":{"pts":632,"lvl":1},"157":{"pts":3836,"lvl":2},"161":{"pts":1577,"lvl":1},"164":{"pts":2678,"lvl":1},"201":{"pts":1392,"lvl":1},"202":{"pts":336,"lvl":1},"203":{"pts":25175,"lvl":3},"222":{"pts":824,"lvl":1},"223":{"pts":2356,"lvl":1},"236":{"pts":9749,"lvl":2},"238":{"pts":602,"lvl":1},"245":{"pts":29900,"lvl":4},"254":{"pts":8729,"lvl":2},"266":{"pts":18004,"lvl":3},"267":{"pts":3418,"lvl":2},"268":{"pts":7706,"lvl":3},"412":{"pts":2224,"lvl":1},"421":{"pts":478,"lvl":1},"429":{"pts":3086,"lvl":1},"432":{"pts":8750,"lvl":3},"555":{"pts":1130,"lvl":1},"timestamp":1558555049882}