{"main":"1","accounts":[{"name":"N008ie","server":"na1","id":"4Pq5u2p-6RRtKE1tRQ2cjwhTbnvbB33a4TJ925BeGU7NdaE","accountId":"nb9bQER-1YdWJsNeIcwdQ987Y3s0Nm34ya_X99L1U2hD6CA","puuid":"FPBvIC5wpHZR3WBUCedol3el9hKvdYgKcFokYE5i6B0q6xhQtjOTVdZAt_KPp5SOLReiJhH3TV_hkA"},{"name":" Levi Rito","server":"eun1","id":"3wDEbvkB4eaqE7D5M2ONAg3r67Tk9NwN-uO1-1bFDxH84Wo","accountId":"pRHChKdtQcotlTZ3j2htIBHgwDIlFjuitbZ7yVZnSfbsNfo","puuid":"ehJ1V8EnEiX59omKUzZt7r5YZh7NFEdC8-ZgmHFuf3MkqH-2DJ8ahfFUBrudEu1AgbsPBe9VQjCjWg"},{"name":"Leviathan Rito","server":"euw1","id":"sDBW7SGVIA35jEsZklO3jTKFz4m-qXhFF1Oj5My_hMPELKDR","accountId":"2vzxj5WqXfcba8pt5_mrCMBL1hNUOxtV7_uW8EYO7IecBEAtQn7g85JN","puuid":"FPBvIC5wpHZR3WBUCedol3el9hKvdYgKcFokYE5i6B0q6xhQtjOTVdZAt_KPp5SOLReiJhH3TV_hkA"}]}