{"1":{"pts":133,"lvl":1},"2":{"pts":816,"lvl":1},"4":{"pts":4974,"lvl":2},"5":{"pts":818,"lvl":1},"7":{"pts":8324,"lvl":3},"12":{"pts":2317,"lvl":2},"17":{"pts":5412,"lvl":2},"21":{"pts":823,"lvl":1},"28":{"pts":2418,"lvl":2},"29":{"pts":136,"lvl":1},"31":{"pts":127,"lvl":1},"33":{"pts":94,"lvl":1},"34":{"pts":1178,"lvl":1},"35":{"pts":134,"lvl":1},"38":{"pts":587,"lvl":1},"41":{"pts":10415,"lvl":3},"42":{"pts":42067,"lvl":6},"44":{"pts":138,"lvl":1},"51":{"pts":3085,"lvl":2},"53":{"pts":114,"lvl":1},"56":{"pts":91,"lvl":1},"67":{"pts":103,"lvl":1},"77":{"pts":3715,"lvl":2},"90":{"pts":244,"lvl":1},"99":{"pts":13141,"lvl":4},"104":{"pts":113,"lvl":1},"107":{"pts":94,"lvl":1},"120":{"pts":3995,"lvl":2},"136":{"pts":966,"lvl":1},"141":{"pts":150,"lvl":1},"145":{"pts":318,"lvl":1},"150":{"pts":74,"lvl":1},"157":{"pts":485,"lvl":1},"163":{"pts":171,"lvl":1},"201":{"pts":683,"lvl":1},"202":{"pts":657,"lvl":1},"222":{"pts":1178,"lvl":1},"238":{"pts":123,"lvl":1},"240":{"pts":667,"lvl":1},"245":{"pts":434,"lvl":1},"268":{"pts":650,"lvl":1},"412":{"pts":7639,"lvl":3},"555":{"pts":1383,"lvl":1},"timestamp":1558555049960}