{"1":{"pts":4865,"lvl":2},"2":{"pts":117,"lvl":1},"3":{"pts":19246,"lvl":4},"4":{"pts":10229,"lvl":3},"6":{"pts":1954,"lvl":2},"7":{"pts":23567,"lvl":5},"8":{"pts":2388,"lvl":2},"9":{"pts":4623,"lvl":2},"10":{"pts":2781,"lvl":2},"11":{"pts":12668,"lvl":4},"12":{"pts":4490,"lvl":2},"13":{"pts":7440,"lvl":3},"14":{"pts":15816,"lvl":4},"15":{"pts":8907,"lvl":3},"16":{"pts":3146,"lvl":2},"17":{"pts":7540,"lvl":3},"18":{"pts":2747,"lvl":2},"19":{"pts":1385,"lvl":1},"20":{"pts":22627,"lvl":5},"21":{"pts":10648,"lvl":3},"22":{"pts":6150,"lvl":3},"23":{"pts":124,"lvl":1},"24":{"pts":6741,"lvl":3},"25":{"pts":45292,"lvl":6},"26":{"pts":20298,"lvl":4},"27":{"pts":1476,"lvl":1},"28":{"pts":44955,"lvl":6},"29":{"pts":5733,"lvl":2},"30":{"pts":12062,"lvl":3},"31":{"pts":5084,"lvl":2},"32":{"pts":17845,"lvl":4},"33":{"pts":3370,"lvl":2},"34":{"pts":5808,"lvl":2},"35":{"pts":9413,"lvl":3},"36":{"pts":4351,"lvl":2},"37":{"pts":6277,"lvl":3},"38":{"pts":11176,"lvl":3},"39":{"pts":19576,"lvl":4},"40":{"pts":4326,"lvl":2},"41":{"pts":12779,"lvl":4},"42":{"pts":68411,"lvl":7},"43":{"pts":33770,"lvl":6},"44":{"pts":3493,"lvl":2},"45":{"pts":25112,"lvl":5},"50":{"pts":16998,"lvl":4},"51":{"pts":18034,"lvl":4},"53":{"pts":19482,"lvl":4},"54":{"pts":27100,"lvl":5},"55":{"pts":6316,"lvl":3},"56":{"pts":1958,"lvl":2},"57":{"pts":5803,"lvl":2},"58":{"pts":6217,"lvl":3},"59":{"pts":34078,"lvl":5},"60":{"pts":39302,"lvl":6},"61":{"pts":27179,"lvl":5},"62":{"pts":9473,"lvl":3},"63":{"pts":7946,"lvl":3},"64":{"pts":48476,"lvl":5},"67":{"pts":2651,"lvl":2},"68":{"pts":10234,"lvl":3},"69":{"pts":3670,"lvl":2},"72":{"pts":952,"lvl":1},"74":{"pts":3213,"lvl":2},"75":{"pts":8055,"lvl":3},"76":{"pts":33929,"lvl":6},"77":{"pts":305,"lvl":1},"78":{"pts":11341,"lvl":3},"79":{"pts":7830,"lvl":3},"80":{"pts":993,"lvl":1},"81":{"pts":65943,"lvl":7},"82":{"pts":1739,"lvl":1},"84":{"pts":10442,"lvl":3},"85":{"pts":9329,"lvl":3},"86":{"pts":5565,"lvl":2},"89":{"pts":2026,"lvl":2},"90":{"pts":2767,"lvl":2},"91":{"pts":1937,"lvl":2},"92":{"pts":188,"lvl":1},"96":{"pts":11092,"lvl":3},"98":{"pts":5510,"lvl":2},"99":{"pts":21302,"lvl":4},"101":{"pts":50187,"lvl":6},"102":{"pts":3145,"lvl":2},"103":{"pts":25178,"lvl":5},"104":{"pts":12540,"lvl":3},"105":{"pts":5503,"lvl":2},"106":{"pts":158,"lvl":1},"107":{"pts":40848,"lvl":5},"110":{"pts":22878,"lvl":5},"111":{"pts":5160,"lvl":2},"112":{"pts":20747,"lvl":4},"113":{"pts":9097,"lvl":3},"114":{"pts":7511,"lvl":3},"115":{"pts":8791,"lvl":3},"117":{"pts":13345,"lvl":4},"119":{"pts":5661,"lvl":2},"120":{"pts":25217,"lvl":5},"121":{"pts":37262,"lvl":6},"122":{"pts":2213,"lvl":2},"126":{"pts":8439,"lvl":3},"127":{"pts":28234,"lvl":6},"131":{"pts":1164,"lvl":1},"133":{"pts":8917,"lvl":3},"134":{"pts":20778,"lvl":4},"136":{"pts":6685,"lvl":3},"141":{"pts":19830,"lvl":4},"142":{"pts":20642,"lvl":4},"143":{"pts":2829,"lvl":2},"145":{"pts":29783,"lvl":5},"150":{"pts":7228,"lvl":3},"154":{"pts":16713,"lvl":4},"157":{"pts":95800,"lvl":7},"161":{"pts":52490,"lvl":6},"163":{"pts":17670,"lvl":4},"164":{"pts":10095,"lvl":3},"201":{"pts":63484,"lvl":7},"202":{"pts":21644,"lvl":5},"203":{"pts":1638,"lvl":1},"222":{"pts":16423,"lvl":4},"223":{"pts":9384,"lvl":3},"236":{"pts":12249,"lvl":3},"238":{"pts":42213,"lvl":6},"245":{"pts":155088,"lvl":7},"254":{"pts":12032,"lvl":3},"266":{"pts":1257,"lvl":1},"267":{"pts":20384,"lvl":4},"268":{"pts":45687,"lvl":6},"412":{"pts":125839,"lvl":7},"420":{"pts":3747,"lvl":2},"421":{"pts":1269,"lvl":1},"427":{"pts":9531,"lvl":3},"429":{"pts":870,"lvl":1},"432":{"pts":30492,"lvl":6},"497":{"pts":105868,"lvl":7},"498":{"pts":4125,"lvl":2},"516":{"pts":9944,"lvl":3},"517":{"pts":4802,"lvl":2},"518":{"pts":1768,"lvl":1},"555":{"pts":31384,"lvl":6},"timestamp":1558555050149}