{"1":{"pts":28720,"lvl":5},"2":{"pts":6488,"lvl":3},"4":{"pts":1435,"lvl":1},"5":{"pts":10832,"lvl":3},"6":{"pts":790,"lvl":1},"8":{"pts":922,"lvl":1},"10":{"pts":27928,"lvl":5},"11":{"pts":3266,"lvl":2},"12":{"pts":26110,"lvl":5},"13":{"pts":5079,"lvl":2},"14":{"pts":28622,"lvl":5},"15":{"pts":30197,"lvl":5},"16":{"pts":8965,"lvl":3},"18":{"pts":72781,"lvl":6},"19":{"pts":5685,"lvl":2},"20":{"pts":18194,"lvl":4},"21":{"pts":87090,"lvl":6},"22":{"pts":157518,"lvl":7},"23":{"pts":208,"lvl":1},"24":{"pts":6227,"lvl":3},"25":{"pts":33771,"lvl":5},"26":{"pts":3158,"lvl":2},"27":{"pts":138,"lvl":1},"29":{"pts":17674,"lvl":4},"32":{"pts":6522,"lvl":3},"34":{"pts":92,"lvl":1},"37":{"pts":56285,"lvl":6},"38":{"pts":7605,"lvl":3},"39":{"pts":615,"lvl":1},"40":{"pts":13766,"lvl":4},"41":{"pts":3850,"lvl":2},"42":{"pts":79966,"lvl":6},"43":{"pts":9543,"lvl":3},"44":{"pts":35114,"lvl":5},"48":{"pts":37177,"lvl":5},"50":{"pts":1786,"lvl":1},"51":{"pts":1113,"lvl":1},"53":{"pts":35705,"lvl":7},"54":{"pts":7650,"lvl":3},"55":{"pts":741,"lvl":1},"56":{"pts":92,"lvl":1},"57":{"pts":897,"lvl":1},"58":{"pts":956,"lvl":1},"59":{"pts":23208,"lvl":5},"61":{"pts":3434,"lvl":2},"63":{"pts":4107,"lvl":2},"64":{"pts":38225,"lvl":5},"67":{"pts":13297,"lvl":4},"68":{"pts":187,"lvl":1},"72":{"pts":8173,"lvl":3},"74":{"pts":639,"lvl":1},"75":{"pts":39166,"lvl":6},"78":{"pts":49314,"lvl":5},"79":{"pts":7170,"lvl":3},"81":{"pts":80055,"lvl":6},"83":{"pts":1832,"lvl":2},"85":{"pts":131,"lvl":1},"86":{"pts":12318,"lvl":3},"89":{"pts":17241,"lvl":4},"96":{"pts":6866,"lvl":3},"98":{"pts":48009,"lvl":5},"99":{"pts":14754,"lvl":4},"101":{"pts":256,"lvl":1},"102":{"pts":129,"lvl":1},"103":{"pts":4597,"lvl":2},"104":{"pts":160,"lvl":1},"110":{"pts":23406,"lvl":5},"111":{"pts":36249,"lvl":5},"113":{"pts":2016,"lvl":2},"115":{"pts":11954,"lvl":3},"117":{"pts":14918,"lvl":4},"119":{"pts":3063,"lvl":2},"120":{"pts":6712,"lvl":3},"122":{"pts":239,"lvl":1},"131":{"pts":2643,"lvl":2},"133":{"pts":985,"lvl":1},"141":{"pts":9159,"lvl":3},"142":{"pts":389,"lvl":1},"143":{"pts":24213,"lvl":5},"145":{"pts":1406,"lvl":1},"154":{"pts":5498,"lvl":2},"157":{"pts":27057,"lvl":5},"161":{"pts":686,"lvl":1},"201":{"pts":84198,"lvl":6},"202":{"pts":7100,"lvl":3},"222":{"pts":89276,"lvl":6},"223":{"pts":415,"lvl":1},"236":{"pts":36827,"lvl":5},"238":{"pts":3426,"lvl":2},"240":{"pts":133,"lvl":1},"245":{"pts":80305,"lvl":6},"267":{"pts":33677,"lvl":5},"412":{"pts":40471,"lvl":6},"420":{"pts":2467,"lvl":2},"421":{"pts":3739,"lvl":2},"429":{"pts":325,"lvl":1},"432":{"pts":8516,"lvl":3},"497":{"pts":1907,"lvl":2},"498":{"pts":1662,"lvl":1},"517":{"pts":1374,"lvl":1},"555":{"pts":3100,"lvl":2},"timestamp":1558555049729}