[{"id":"316252338924945409","admin":true,"mod":true,"mod_cmds":true},{"id":"324311037807689741","admin":true,"mod":true,"mod_cmds":true},{"id":"122421718441656320","admin":true,"mod":true,"mod_cmds":true},{"id":"275694443242323970","admin":true,"mod":true,"mod_cmds":true},{"id":"315406524690464769","admin":true,"mod":true,"mod_cmds":true},{"id":"292721553169448960","admin":true,"mod":true,"mod_cmds":true},{"id":"316252338924945409","admin":true,"mod":true,"mod_cmds":true},{"id":"410785797814484993","admin":true,"mod":true,"mod_cmds":true},{"id":"197127928025186304","admin":true,"mod":true,"mod_cmds":true},{"id":"272772389450940417","admin":true,"mod":true,"mod_cmds":true}]