{"1":{"pts":5004,"lvl":2},"2":{"pts":5502,"lvl":2},"3":{"pts":21019,"lvl":4},"4":{"pts":12301,"lvl":3},"5":{"pts":2607,"lvl":2},"6":{"pts":1683,"lvl":1},"7":{"pts":34049,"lvl":6},"8":{"pts":15853,"lvl":4},"9":{"pts":8175,"lvl":3},"10":{"pts":93785,"lvl":7},"11":{"pts":23027,"lvl":4},"12":{"pts":4159,"lvl":2},"13":{"pts":311006,"lvl":7},"14":{"pts":4564,"lvl":2},"15":{"pts":15656,"lvl":3},"16":{"pts":5287,"lvl":2},"17":{"pts":12965,"lvl":3},"18":{"pts":18642,"lvl":4},"19":{"pts":6859,"lvl":3},"20":{"pts":10749,"lvl":3},"21":{"pts":3330,"lvl":2},"22":{"pts":8723,"lvl":3},"23":{"pts":5692,"lvl":2},"24":{"pts":54385,"lvl":5},"25":{"pts":2238,"lvl":2},"26":{"pts":11351,"lvl":3},"27":{"pts":2612,"lvl":1},"28":{"pts":2221,"lvl":1},"29":{"pts":18016,"lvl":4},"30":{"pts":9592,"lvl":3},"31":{"pts":3926,"lvl":2},"32":{"pts":6610,"lvl":2},"33":{"pts":5843,"lvl":2},"34":{"pts":8058,"lvl":3},"35":{"pts":7838,"lvl":3},"36":{"pts":236,"lvl":1},"37":{"pts":1096,"lvl":1},"38":{"pts":53850,"lvl":5},"39":{"pts":51668,"lvl":6},"40":{"pts":2814,"lvl":2},"41":{"pts":22374,"lvl":5},"42":{"pts":100622,"lvl":6},"43":{"pts":2479,"lvl":2},"44":{"pts":7184,"lvl":3},"45":{"pts":12132,"lvl":3},"48":{"pts":1593,"lvl":1},"50":{"pts":2337,"lvl":2},"51":{"pts":4778,"lvl":2},"53":{"pts":6668,"lvl":3},"54":{"pts":18294,"lvl":4},"55":{"pts":8822,"lvl":3},"56":{"pts":3928,"lvl":2},"57":{"pts":4361,"lvl":2},"58":{"pts":16141,"lvl":4},"59":{"pts":14338,"lvl":4},"60":{"pts":27793,"lvl":5},"61":{"pts":37266,"lvl":5},"62":{"pts":3833,"lvl":2},"63":{"pts":3509,"lvl":2},"64":{"pts":8800,"lvl":3},"67":{"pts":14005,"lvl":4},"68":{"pts":16893,"lvl":4},"69":{"pts":7132,"lvl":3},"72":{"pts":4717,"lvl":2},"74":{"pts":6009,"lvl":2},"75":{"pts":8010,"lvl":3},"76":{"pts":47721,"lvl":6},"77":{"pts":7762,"lvl":3},"78":{"pts":18628,"lvl":4},"79":{"pts":13651,"lvl":3},"80":{"pts":7257,"lvl":3},"81":{"pts":49029,"lvl":6},"82":{"pts":15760,"lvl":4},"83":{"pts":5629,"lvl":2},"84":{"pts":24490,"lvl":4},"85":{"pts":16163,"lvl":4},"86":{"pts":11659,"lvl":3},"89":{"pts":5281,"lvl":2},"90":{"pts":12825,"lvl":4},"91":{"pts":2669,"lvl":2},"92":{"pts":3646,"lvl":2},"96":{"pts":51948,"lvl":6},"98":{"pts":7437,"lvl":3},"99":{"pts":5154,"lvl":2},"101":{"pts":4003,"lvl":2},"102":{"pts":33318,"lvl":6},"103":{"pts":11388,"lvl":3},"104":{"pts":66403,"lvl":6},"105":{"pts":15635,"lvl":4},"106":{"pts":4535,"lvl":2},"107":{"pts":62332,"lvl":5},"110":{"pts":30978,"lvl":5},"111":{"pts":7552,"lvl":3},"112":{"pts":17892,"lvl":4},"113":{"pts":8603,"lvl":3},"114":{"pts":14705,"lvl":4},"115":{"pts":1973,"lvl":2},"117":{"pts":22500,"lvl":5},"119":{"pts":1371,"lvl":1},"120":{"pts":36634,"lvl":5},"121":{"pts":10565,"lvl":3},"122":{"pts":3085,"lvl":2},"126":{"pts":12492,"lvl":3},"127":{"pts":6909,"lvl":3},"131":{"pts":26061,"lvl":4},"133":{"pts":3471,"lvl":2},"134":{"pts":1026,"lvl":1},"136":{"pts":12155,"lvl":3},"141":{"pts":673,"lvl":1},"142":{"pts":5939,"lvl":2},"143":{"pts":5312,"lvl":2},"145":{"pts":7442,"lvl":3},"150":{"pts":8830,"lvl":3},"154":{"pts":4333,"lvl":2},"157":{"pts":16484,"lvl":4},"161":{"pts":2161,"lvl":2},"163":{"pts":52020,"lvl":6},"164":{"pts":37019,"lvl":5},"201":{"pts":1432,"lvl":1},"202":{"pts":8223,"lvl":3},"203":{"pts":56488,"lvl":6},"222":{"pts":3471,"lvl":2},"223":{"pts":1786,"lvl":1},"236":{"pts":7549,"lvl":3},"238":{"pts":6813,"lvl":3},"240":{"pts":10896,"lvl":3},"245":{"pts":47734,"lvl":6},"254":{"pts":1365,"lvl":1},"266":{"pts":11558,"lvl":3},"267":{"pts":248,"lvl":1},"268":{"pts":231790,"lvl":7},"350":{"pts":450,"lvl":1},"412":{"pts":21198,"lvl":4},"420":{"pts":1333,"lvl":1},"421":{"pts":12130,"lvl":3},"427":{"pts":35744,"lvl":5},"429":{"pts":18713,"lvl":4},"432":{"pts":11270,"lvl":3},"497":{"pts":14117,"lvl":4},"498":{"pts":71387,"lvl":7},"516":{"pts":1447,"lvl":1},"517":{"pts":5677,"lvl":2},"518":{"pts":13208,"lvl":4},"555":{"pts":3607,"lvl":2},"timestamp":1558555052431}