{"main":0,"accounts":[{"name":"álggahalli","server":"euw1","id":"QZWDbNfnZhAHXyYZtYT3TfJmVbF8Wo8VaEAqXupoX_jjyvmd","accountId":"SZ9jioIv_ixxWWqJQz4S60D5BexKDAD8Sg1iTPf5MgF7wBk","puuid":"B93pMq527FO06ahJuYMbGcnv5zHTyaZHiLnZQg1OYcsvkJnOy4HVbIYLwMYXXRfNKX7z_d7rpelWzg"},{"name":"easkaálgi","server":"euw1","id":"bdOlakxOX8zMR2UKRrTELqItBX5ip3BGob65jFNjUOcqTpY","accountId":"XshhWzTIkuporIN70jo5n66RwCT5Y-bdQHQ_4MsDiVtp4mQ","puuid":"c0HQyncPMthWIuXI_9tXMnn9hLZdNtiptSzONQ-5jIhCpvlAC-hc2cN6vhD8TkhrNBHfp078cLAgDQ"}]}