{"1":{"pts":963,"lvl":1},"2":{"pts":6210,"lvl":3},"3":{"pts":143,"lvl":1},"4":{"pts":54501,"lvl":6},"5":{"pts":4862,"lvl":2},"6":{"pts":1713,"lvl":1},"7":{"pts":21655,"lvl":4},"8":{"pts":5180,"lvl":2},"9":{"pts":4696,"lvl":2},"10":{"pts":4328,"lvl":2},"11":{"pts":53939,"lvl":5},"12":{"pts":4122,"lvl":2},"13":{"pts":23539,"lvl":4},"14":{"pts":8460,"lvl":3},"15":{"pts":24340,"lvl":5},"16":{"pts":18326,"lvl":4},"17":{"pts":22220,"lvl":5},"18":{"pts":31446,"lvl":5},"19":{"pts":2887,"lvl":2},"20":{"pts":5751,"lvl":2},"21":{"pts":22158,"lvl":5},"22":{"pts":26966,"lvl":5},"23":{"pts":6682,"lvl":3},"24":{"pts":4387,"lvl":2},"25":{"pts":1140,"lvl":1},"26":{"pts":255018,"lvl":7},"27":{"pts":15339,"lvl":4},"28":{"pts":2774,"lvl":2},"29":{"pts":50357,"lvl":5},"30":{"pts":5677,"lvl":2},"31":{"pts":6737,"lvl":3},"32":{"pts":2252,"lvl":1},"33":{"pts":4162,"lvl":2},"34":{"pts":4682,"lvl":2},"35":{"pts":16325,"lvl":4},"36":{"pts":5610,"lvl":2},"37":{"pts":2240,"lvl":2},"38":{"pts":14961,"lvl":4},"39":{"pts":11979,"lvl":3},"40":{"pts":8472,"lvl":3},"41":{"pts":64353,"lvl":7},"42":{"pts":85308,"lvl":7},"43":{"pts":2536,"lvl":2},"44":{"pts":804,"lvl":1},"45":{"pts":55631,"lvl":5},"48":{"pts":2153,"lvl":2},"50":{"pts":162,"lvl":1},"51":{"pts":20051,"lvl":4},"53":{"pts":6353,"lvl":3},"54":{"pts":7226,"lvl":3},"55":{"pts":587463,"lvl":7},"57":{"pts":7574,"lvl":3},"58":{"pts":156,"lvl":1},"60":{"pts":2294,"lvl":2},"61":{"pts":1237,"lvl":1},"62":{"pts":354,"lvl":1},"63":{"pts":1313,"lvl":1},"64":{"pts":6864,"lvl":3},"67":{"pts":196737,"lvl":7},"68":{"pts":18854,"lvl":4},"69":{"pts":8423,"lvl":3},"72":{"pts":825,"lvl":1},"74":{"pts":8644,"lvl":3},"75":{"pts":47725,"lvl":5},"76":{"pts":9012,"lvl":3},"77":{"pts":22213,"lvl":5},"78":{"pts":2030,"lvl":2},"79":{"pts":1800,"lvl":2},"80":{"pts":1190,"lvl":1},"81":{"pts":50954,"lvl":5},"82":{"pts":1189,"lvl":1},"83":{"pts":5152,"lvl":2},"84":{"pts":8839,"lvl":3},"85":{"pts":1235,"lvl":1},"86":{"pts":1138,"lvl":1},"89":{"pts":1673,"lvl":1},"90":{"pts":202,"lvl":1},"91":{"pts":1530,"lvl":1},"92":{"pts":36845,"lvl":5},"96":{"pts":101970,"lvl":7},"98":{"pts":963,"lvl":1},"99":{"pts":4811,"lvl":2},"101":{"pts":8309,"lvl":3},"102":{"pts":3393,"lvl":2},"103":{"pts":12912,"lvl":3},"104":{"pts":34660,"lvl":5},"105":{"pts":1637,"lvl":1},"106":{"pts":189,"lvl":1},"107":{"pts":4377,"lvl":2},"110":{"pts":9356,"lvl":3},"111":{"pts":10753,"lvl":3},"112":{"pts":2797,"lvl":2},"114":{"pts":29698,"lvl":5},"115":{"pts":12474,"lvl":3},"117":{"pts":8095,"lvl":3},"119":{"pts":23441,"lvl":5},"120":{"pts":1297,"lvl":1},"121":{"pts":26712,"lvl":5},"126":{"pts":1723,"lvl":1},"127":{"pts":1053,"lvl":1},"131":{"pts":1180,"lvl":1},"133":{"pts":7230,"lvl":3},"134":{"pts":10184,"lvl":3},"136":{"pts":2363,"lvl":2},"141":{"pts":2388,"lvl":2},"142":{"pts":52193,"lvl":7},"145":{"pts":3586,"lvl":2},"150":{"pts":3810,"lvl":2},"154":{"pts":1084,"lvl":1},"157":{"pts":21601,"lvl":4},"161":{"pts":1878,"lvl":2},"163":{"pts":278,"lvl":1},"164":{"pts":989,"lvl":1},"201":{"pts":521,"lvl":1},"202":{"pts":10563,"lvl":3},"203":{"pts":3283,"lvl":2},"222":{"pts":7969,"lvl":3},"223":{"pts":7542,"lvl":3},"236":{"pts":16804,"lvl":4},"238":{"pts":12574,"lvl":3},"240":{"pts":2523,"lvl":2},"245":{"pts":7960,"lvl":3},"266":{"pts":944,"lvl":1},"267":{"pts":1401,"lvl":1},"268":{"pts":48489,"lvl":5},"350":{"pts":218,"lvl":1},"412":{"pts":1636,"lvl":1},"420":{"pts":128,"lvl":1},"421":{"pts":654,"lvl":1},"427":{"pts":1355,"lvl":1},"429":{"pts":26164,"lvl":5},"432":{"pts":10531,"lvl":3},"497":{"pts":106962,"lvl":7},"498":{"pts":38748,"lvl":7},"516":{"pts":15386,"lvl":4},"517":{"pts":9477,"lvl":3},"518":{"pts":6555,"lvl":3},"555":{"pts":19566,"lvl":4},"timestamp":1558555051964}