{"main":"1","accounts":[{"name":"isUcKaTchAmPs","server":"na1","id":"NR4QbdPJfm6P_zS-_za4MQ-4mXeiANmO8BsbFEsBg6F10u4","accountId":"D8piWisiW70HODZT4yz8jFtvcfHEobdSnwnT0y9ZB2uYlLc","puuid":"KCxTdV1RrPQEnq8xiot6I2vH2FtvlHHUjX9-iVV5BVaP6antdLwC7PKK3pG4QlM5sJ4OV0NqB4fjPQ"},{"name":"200IQPLAYS","server":"na1","id":"MeqcTOnOTp52dBppS18p8TI22HsQZWkKCx3N7zgAML94Uqk","accountId":"_g78Y3L3we50Cshy_RvTGfA4V2yhZrF_XEGJPiEK_58BtDg","puuid":"FXsLzRhn3aP_9FfnZ-yU90UQ1ymRTMxlB4fX1_eHcTuKKArVSUYRbXO8YIXE7v-yQEa_kVxqW5tCQg"}]}