{"1":{"pts":16354,"lvl":4},"2":{"pts":4355,"lvl":2},"3":{"pts":1565,"lvl":1},"4":{"pts":22492,"lvl":5},"5":{"pts":2339,"lvl":2},"6":{"pts":4111,"lvl":2},"7":{"pts":16386,"lvl":4},"8":{"pts":15736,"lvl":4},"9":{"pts":16027,"lvl":4},"10":{"pts":3503,"lvl":2},"11":{"pts":2100,"lvl":2},"12":{"pts":10411,"lvl":3},"13":{"pts":17943,"lvl":4},"14":{"pts":273,"lvl":1},"15":{"pts":22260,"lvl":5},"16":{"pts":7094,"lvl":3},"17":{"pts":4143,"lvl":2},"18":{"pts":20286,"lvl":4},"19":{"pts":4013,"lvl":2},"20":{"pts":4730,"lvl":2},"21":{"pts":2212,"lvl":2},"22":{"pts":16872,"lvl":4},"23":{"pts":3346,"lvl":2},"24":{"pts":26144,"lvl":5},"25":{"pts":7921,"lvl":3},"26":{"pts":1815,"lvl":2},"27":{"pts":3153,"lvl":2},"28":{"pts":2731,"lvl":2},"29":{"pts":5094,"lvl":2},"30":{"pts":1712,"lvl":1},"31":{"pts":6040,"lvl":3},"32":{"pts":3657,"lvl":2},"33":{"pts":1141,"lvl":1},"34":{"pts":3715,"lvl":2},"35":{"pts":931,"lvl":1},"36":{"pts":5541,"lvl":2},"37":{"pts":2728,"lvl":2},"38":{"pts":15898,"lvl":4},"39":{"pts":12690,"lvl":4},"40":{"pts":40255,"lvl":5},"41":{"pts":2006,"lvl":2},"42":{"pts":108410,"lvl":7},"43":{"pts":22013,"lvl":5},"44":{"pts":656,"lvl":1},"45":{"pts":30828,"lvl":5},"48":{"pts":1663,"lvl":1},"50":{"pts":11466,"lvl":3},"51":{"pts":7229,"lvl":3},"53":{"pts":1746,"lvl":1},"54":{"pts":3873,"lvl":2},"55":{"pts":2626,"lvl":2},"57":{"pts":20343,"lvl":4},"58":{"pts":8073,"lvl":3},"59":{"pts":97,"lvl":1},"61":{"pts":31511,"lvl":5},"62":{"pts":643,"lvl":1},"63":{"pts":18595,"lvl":4},"64":{"pts":189,"lvl":1},"67":{"pts":11646,"lvl":3},"68":{"pts":3322,"lvl":2},"69":{"pts":29928,"lvl":5},"74":{"pts":5123,"lvl":2},"75":{"pts":6739,"lvl":3},"76":{"pts":5520,"lvl":2},"77":{"pts":1691,"lvl":1},"78":{"pts":29426,"lvl":5},"79":{"pts":12099,"lvl":3},"80":{"pts":111,"lvl":1},"81":{"pts":21862,"lvl":5},"82":{"pts":291,"lvl":1},"83":{"pts":1621,"lvl":1},"84":{"pts":3325,"lvl":2},"85":{"pts":10491,"lvl":3},"86":{"pts":14406,"lvl":4},"89":{"pts":3259,"lvl":2},"90":{"pts":32781,"lvl":5},"91":{"pts":2086,"lvl":2},"92":{"pts":95,"lvl":1},"96":{"pts":23553,"lvl":5},"98":{"pts":241,"lvl":1},"99":{"pts":69145,"lvl":6},"101":{"pts":7062,"lvl":3},"102":{"pts":1647,"lvl":1},"103":{"pts":168435,"lvl":7},"104":{"pts":12799,"lvl":4},"105":{"pts":12083,"lvl":3},"110":{"pts":8627,"lvl":3},"111":{"pts":6207,"lvl":3},"112":{"pts":59767,"lvl":7},"114":{"pts":14718,"lvl":4},"115":{"pts":4535,"lvl":2},"117":{"pts":1269,"lvl":1},"119":{"pts":1519,"lvl":1},"120":{"pts":120,"lvl":1},"122":{"pts":499,"lvl":1},"126":{"pts":16171,"lvl":4},"127":{"pts":2551,"lvl":2},"131":{"pts":1621,"lvl":1},"133":{"pts":162,"lvl":1},"134":{"pts":4345,"lvl":2},"136":{"pts":12150,"lvl":3},"142":{"pts":19833,"lvl":4},"143":{"pts":1032,"lvl":1},"145":{"pts":2350,"lvl":2},"150":{"pts":2500,"lvl":2},"154":{"pts":323,"lvl":1},"157":{"pts":1905,"lvl":2},"161":{"pts":11415,"lvl":3},"163":{"pts":3978,"lvl":2},"201":{"pts":937,"lvl":1},"202":{"pts":4229,"lvl":2},"203":{"pts":1888,"lvl":2},"222":{"pts":15191,"lvl":4},"223":{"pts":2734,"lvl":2},"236":{"pts":14989,"lvl":4},"238":{"pts":3689,"lvl":2},"240":{"pts":3666,"lvl":2},"245":{"pts":6221,"lvl":3},"254":{"pts":90,"lvl":1},"268":{"pts":43454,"lvl":6},"412":{"pts":11828,"lvl":3},"429":{"pts":888,"lvl":1},"432":{"pts":530,"lvl":1},"498":{"pts":3877,"lvl":2},"516":{"pts":1049,"lvl":1},"518":{"pts":2543,"lvl":2},"555":{"pts":474,"lvl":1},"timestamp":1558555051989}