{"1":{"pts":3302,"lvl":2},"2":{"pts":14331,"lvl":4},"3":{"pts":29119,"lvl":6},"4":{"pts":8126,"lvl":3},"5":{"pts":163,"lvl":1},"6":{"pts":118131,"lvl":7},"7":{"pts":1060,"lvl":1},"8":{"pts":11700,"lvl":3},"9":{"pts":2595,"lvl":2},"11":{"pts":594,"lvl":1},"12":{"pts":1213,"lvl":1},"13":{"pts":8538,"lvl":3},"14":{"pts":27006,"lvl":5},"15":{"pts":14392,"lvl":4},"16":{"pts":1126,"lvl":1},"17":{"pts":11097,"lvl":3},"18":{"pts":21040,"lvl":4},"19":{"pts":1097,"lvl":1},"20":{"pts":30481,"lvl":5},"21":{"pts":1214,"lvl":1},"22":{"pts":21224,"lvl":4},"23":{"pts":7664,"lvl":3},"24":{"pts":13389,"lvl":4},"25":{"pts":1268,"lvl":1},"26":{"pts":316,"lvl":1},"27":{"pts":8315,"lvl":3},"29":{"pts":55231,"lvl":7},"30":{"pts":15198,"lvl":4},"31":{"pts":11983,"lvl":3},"32":{"pts":33810,"lvl":5},"33":{"pts":4814,"lvl":2},"34":{"pts":31713,"lvl":5},"35":{"pts":3601,"lvl":2},"36":{"pts":26161,"lvl":5},"37":{"pts":1306,"lvl":1},"38":{"pts":486,"lvl":1},"39":{"pts":157,"lvl":1},"40":{"pts":2422,"lvl":2},"41":{"pts":1337,"lvl":1},"42":{"pts":98188,"lvl":7},"44":{"pts":14261,"lvl":4},"45":{"pts":46162,"lvl":6},"48":{"pts":92516,"lvl":6},"50":{"pts":10938,"lvl":3},"51":{"pts":8884,"lvl":3},"53":{"pts":5529,"lvl":2},"54":{"pts":2815,"lvl":2},"56":{"pts":7508,"lvl":3},"57":{"pts":68000,"lvl":7},"58":{"pts":197,"lvl":1},"59":{"pts":33731,"lvl":6},"60":{"pts":5045,"lvl":2},"61":{"pts":458,"lvl":1},"62":{"pts":4501,"lvl":2},"63":{"pts":44797,"lvl":6},"64":{"pts":18452,"lvl":4},"67":{"pts":9744,"lvl":3},"68":{"pts":9073,"lvl":3},"72":{"pts":17955,"lvl":4},"74":{"pts":7731,"lvl":3},"75":{"pts":7847,"lvl":3},"77":{"pts":466,"lvl":1},"78":{"pts":28032,"lvl":5},"79":{"pts":193466,"lvl":7},"80":{"pts":2974,"lvl":2},"81":{"pts":100379,"lvl":7},"82":{"pts":13713,"lvl":4},"83":{"pts":14224,"lvl":4},"85":{"pts":28710,"lvl":5},"89":{"pts":4240,"lvl":2},"90":{"pts":9431,"lvl":3},"91":{"pts":179,"lvl":1},"92":{"pts":819,"lvl":1},"96":{"pts":1975,"lvl":2},"98":{"pts":18490,"lvl":4},"99":{"pts":1201,"lvl":1},"102":{"pts":4634,"lvl":2},"103":{"pts":1400,"lvl":1},"104":{"pts":89175,"lvl":6},"105":{"pts":5534,"lvl":2},"106":{"pts":8981,"lvl":3},"107":{"pts":1286,"lvl":1},"110":{"pts":37735,"lvl":6},"111":{"pts":35382,"lvl":5},"112":{"pts":1546,"lvl":1},"113":{"pts":4083,"lvl":2},"114":{"pts":187,"lvl":1},"115":{"pts":71815,"lvl":7},"117":{"pts":11613,"lvl":3},"119":{"pts":2056,"lvl":2},"120":{"pts":7020,"lvl":3},"121":{"pts":3203,"lvl":2},"122":{"pts":553,"lvl":1},"126":{"pts":4182,"lvl":2},"127":{"pts":26168,"lvl":5},"133":{"pts":10504,"lvl":3},"134":{"pts":2041,"lvl":2},"136":{"pts":2529,"lvl":2},"141":{"pts":11929,"lvl":3},"142":{"pts":266,"lvl":1},"143":{"pts":3091,"lvl":2},"145":{"pts":3769,"lvl":2},"150":{"pts":18750,"lvl":4},"154":{"pts":8752,"lvl":3},"157":{"pts":4098,"lvl":2},"163":{"pts":4388,"lvl":2},"164":{"pts":5048,"lvl":2},"201":{"pts":7181,"lvl":3},"202":{"pts":551495,"lvl":7},"203":{"pts":9187,"lvl":3},"222":{"pts":56160,"lvl":7},"223":{"pts":54969,"lvl":6},"236":{"pts":74357,"lvl":6},"238":{"pts":1829,"lvl":2},"240":{"pts":7006,"lvl":3},"245":{"pts":8031,"lvl":3},"254":{"pts":1951,"lvl":2},"266":{"pts":1428,"lvl":1},"267":{"pts":5849,"lvl":2},"268":{"pts":2130,"lvl":2},"412":{"pts":9714,"lvl":3},"420":{"pts":4154,"lvl":2},"421":{"pts":7128,"lvl":3},"427":{"pts":40632,"lvl":6},"429":{"pts":18323,"lvl":4},"432":{"pts":14524,"lvl":4},"497":{"pts":1121,"lvl":1},"498":{"pts":4578,"lvl":2},"516":{"pts":51922,"lvl":7},"517":{"pts":1236,"lvl":1},"518":{"pts":1290,"lvl":1},"555":{"pts":2036,"lvl":2},"timestamp":1558555049799}