{"1":{"pts":4011,"lvl":2},"2":{"pts":985,"lvl":1},"4":{"pts":815,"lvl":1},"5":{"pts":28955,"lvl":5},"6":{"pts":137,"lvl":1},"7":{"pts":1611,"lvl":1},"8":{"pts":650,"lvl":1},"10":{"pts":3655,"lvl":2},"11":{"pts":2952,"lvl":2},"12":{"pts":555,"lvl":1},"13":{"pts":1924,"lvl":2},"14":{"pts":3375,"lvl":2},"15":{"pts":3886,"lvl":2},"16":{"pts":4021,"lvl":2},"18":{"pts":22172,"lvl":5},"19":{"pts":5811,"lvl":2},"20":{"pts":3332,"lvl":2},"21":{"pts":3356,"lvl":2},"22":{"pts":8617,"lvl":3},"23":{"pts":4289,"lvl":2},"24":{"pts":3362,"lvl":2},"25":{"pts":2209,"lvl":2},"26":{"pts":310,"lvl":1},"27":{"pts":2866,"lvl":2},"28":{"pts":4136,"lvl":2},"29":{"pts":26238,"lvl":5},"31":{"pts":915,"lvl":1},"32":{"pts":3175,"lvl":2},"34":{"pts":1802,"lvl":2},"35":{"pts":26225,"lvl":5},"36":{"pts":5545,"lvl":2},"37":{"pts":13382,"lvl":4},"38":{"pts":3274,"lvl":2},"39":{"pts":1030,"lvl":1},"40":{"pts":11055,"lvl":3},"41":{"pts":1532,"lvl":1},"42":{"pts":112346,"lvl":7},"43":{"pts":3630,"lvl":2},"44":{"pts":4570,"lvl":2},"45":{"pts":717,"lvl":1},"48":{"pts":63258,"lvl":7},"50":{"pts":16994,"lvl":4},"51":{"pts":12674,"lvl":4},"53":{"pts":1303,"lvl":1},"54":{"pts":2194,"lvl":2},"55":{"pts":114,"lvl":1},"56":{"pts":1179,"lvl":1},"57":{"pts":11215,"lvl":3},"59":{"pts":6299,"lvl":3},"60":{"pts":148,"lvl":1},"61":{"pts":801,"lvl":1},"62":{"pts":42333,"lvl":7},"64":{"pts":31756,"lvl":5},"67":{"pts":147719,"lvl":7},"68":{"pts":16246,"lvl":4},"69":{"pts":798,"lvl":1},"72":{"pts":20719,"lvl":4},"74":{"pts":4206,"lvl":2},"75":{"pts":3381,"lvl":2},"76":{"pts":3502,"lvl":2},"77":{"pts":19749,"lvl":4},"78":{"pts":2825,"lvl":2},"79":{"pts":39708,"lvl":6},"80":{"pts":2964,"lvl":2},"81":{"pts":84390,"lvl":7},"82":{"pts":1606,"lvl":1},"84":{"pts":960,"lvl":1},"85":{"pts":2314,"lvl":2},"89":{"pts":3827,"lvl":2},"91":{"pts":2152,"lvl":2},"92":{"pts":1712,"lvl":1},"96":{"pts":68437,"lvl":7},"98":{"pts":12761,"lvl":4},"99":{"pts":3851,"lvl":2},"102":{"pts":14056,"lvl":4},"104":{"pts":31180,"lvl":6},"105":{"pts":15007,"lvl":4},"107":{"pts":1317,"lvl":1},"110":{"pts":7513,"lvl":3},"111":{"pts":716,"lvl":1},"113":{"pts":5302,"lvl":2},"119":{"pts":277,"lvl":1},"120":{"pts":23974,"lvl":5},"121":{"pts":5116,"lvl":2},"126":{"pts":164,"lvl":1},"127":{"pts":8795,"lvl":3},"131":{"pts":8656,"lvl":3},"136":{"pts":5432,"lvl":2},"141":{"pts":9030,"lvl":3},"142":{"pts":175,"lvl":1},"143":{"pts":1045,"lvl":1},"145":{"pts":23252,"lvl":5},"150":{"pts":292,"lvl":1},"157":{"pts":289,"lvl":1},"201":{"pts":331,"lvl":1},"202":{"pts":5854,"lvl":2},"203":{"pts":12453,"lvl":3},"222":{"pts":7433,"lvl":3},"223":{"pts":2956,"lvl":2},"236":{"pts":24601,"lvl":5},"245":{"pts":2948,"lvl":2},"254":{"pts":2389,"lvl":2},"268":{"pts":14577,"lvl":4},"350":{"pts":236,"lvl":1},"421":{"pts":10595,"lvl":3},"427":{"pts":136,"lvl":1},"429":{"pts":20093,"lvl":4},"432":{"pts":9396,"lvl":3},"497":{"pts":1423,"lvl":1},"498":{"pts":3229,"lvl":2},"516":{"pts":2363,"lvl":2},"518":{"pts":3402,"lvl":2},"timestamp":1558555049995}