{"1":{"pts":24457,"lvl":5},"2":{"pts":28943,"lvl":5},"3":{"pts":65234,"lvl":7},"4":{"pts":13063,"lvl":4},"5":{"pts":23099,"lvl":5},"6":{"pts":94124,"lvl":7},"7":{"pts":3723,"lvl":2},"8":{"pts":19979,"lvl":4},"9":{"pts":23316,"lvl":5},"10":{"pts":16956,"lvl":4},"11":{"pts":21618,"lvl":5},"12":{"pts":58098,"lvl":6},"13":{"pts":96840,"lvl":7},"14":{"pts":88484,"lvl":6},"15":{"pts":15440,"lvl":4},"16":{"pts":13287,"lvl":4},"17":{"pts":11758,"lvl":3},"18":{"pts":2410,"lvl":2},"19":{"pts":23716,"lvl":5},"20":{"pts":180701,"lvl":7},"21":{"pts":17836,"lvl":4},"22":{"pts":5988,"lvl":2},"23":{"pts":53006,"lvl":6},"24":{"pts":3200,"lvl":2},"25":{"pts":32572,"lvl":6},"26":{"pts":155220,"lvl":7},"27":{"pts":51273,"lvl":6},"28":{"pts":15398,"lvl":4},"29":{"pts":20808,"lvl":4},"30":{"pts":69893,"lvl":7},"31":{"pts":28182,"lvl":5},"32":{"pts":15809,"lvl":4},"33":{"pts":92583,"lvl":7},"34":{"pts":60132,"lvl":6},"35":{"pts":11335,"lvl":3},"36":{"pts":27572,"lvl":5},"37":{"pts":731,"lvl":1},"38":{"pts":5275,"lvl":2},"39":{"pts":149,"lvl":1},"40":{"pts":25815,"lvl":5},"41":{"pts":31007,"lvl":5},"42":{"pts":22228,"lvl":5},"43":{"pts":5707,"lvl":2},"44":{"pts":149153,"lvl":7},"45":{"pts":14477,"lvl":4},"48":{"pts":34647,"lvl":6},"50":{"pts":14190,"lvl":4},"51":{"pts":3727,"lvl":2},"53":{"pts":37107,"lvl":6},"54":{"pts":32655,"lvl":6},"55":{"pts":724,"lvl":1},"56":{"pts":12011,"lvl":3},"57":{"pts":31291,"lvl":5},"58":{"pts":6342,"lvl":3},"59":{"pts":13652,"lvl":4},"60":{"pts":1594,"lvl":1},"61":{"pts":2144,"lvl":2},"62":{"pts":4210,"lvl":2},"63":{"pts":23807,"lvl":5},"64":{"pts":3223,"lvl":2},"67":{"pts":3825,"lvl":2},"68":{"pts":17579,"lvl":4},"69":{"pts":4876,"lvl":2},"72":{"pts":41331,"lvl":6},"74":{"pts":52366,"lvl":7},"75":{"pts":42189,"lvl":6},"76":{"pts":9739,"lvl":3},"77":{"pts":29336,"lvl":6},"78":{"pts":9854,"lvl":3},"79":{"pts":11511,"lvl":3},"80":{"pts":60192,"lvl":6},"81":{"pts":2057,"lvl":2},"82":{"pts":160738,"lvl":7},"83":{"pts":54538,"lvl":6},"84":{"pts":1813,"lvl":2},"85":{"pts":14129,"lvl":4},"86":{"pts":65118,"lvl":6},"89":{"pts":4671,"lvl":2},"90":{"pts":12335,"lvl":3},"91":{"pts":9058,"lvl":3},"92":{"pts":1278,"lvl":1},"96":{"pts":45435,"lvl":5},"98":{"pts":27045,"lvl":5},"99":{"pts":5461,"lvl":2},"101":{"pts":20923,"lvl":4},"102":{"pts":7504,"lvl":3},"103":{"pts":1457,"lvl":1},"104":{"pts":16140,"lvl":4},"105":{"pts":10427,"lvl":3},"106":{"pts":43958,"lvl":6},"107":{"pts":11812,"lvl":3},"110":{"pts":4156,"lvl":2},"111":{"pts":40382,"lvl":6},"112":{"pts":4582,"lvl":2},"113":{"pts":29479,"lvl":5},"114":{"pts":1277,"lvl":1},"115":{"pts":13967,"lvl":4},"117":{"pts":3218,"lvl":2},"119":{"pts":19060,"lvl":4},"120":{"pts":24689,"lvl":5},"121":{"pts":3340,"lvl":2},"122":{"pts":48136,"lvl":6},"126":{"pts":5714,"lvl":2},"127":{"pts":16918,"lvl":4},"131":{"pts":608,"lvl":1},"133":{"pts":3199,"lvl":2},"134":{"pts":8364,"lvl":3},"136":{"pts":39091,"lvl":6},"141":{"pts":4836,"lvl":2},"142":{"pts":6630,"lvl":3},"143":{"pts":4618,"lvl":2},"145":{"pts":136,"lvl":1},"150":{"pts":1483,"lvl":1},"154":{"pts":37748,"lvl":6},"157":{"pts":3326,"lvl":2},"161":{"pts":7537,"lvl":3},"163":{"pts":2260,"lvl":2},"164":{"pts":3594,"lvl":2},"201":{"pts":14018,"lvl":4},"202":{"pts":9792,"lvl":3},"203":{"pts":3395,"lvl":2},"222":{"pts":155,"lvl":1},"223":{"pts":76887,"lvl":7},"236":{"pts":3793,"lvl":2},"238":{"pts":2235,"lvl":2},"240":{"pts":4105,"lvl":2},"245":{"pts":3986,"lvl":2},"254":{"pts":10050,"lvl":3},"266":{"pts":23463,"lvl":5},"267":{"pts":2620,"lvl":2},"268":{"pts":13212,"lvl":4},"412":{"pts":5328,"lvl":2},"420":{"pts":14924,"lvl":4},"421":{"pts":6241,"lvl":3},"427":{"pts":21555,"lvl":4},"429":{"pts":28067,"lvl":6},"432":{"pts":51249,"lvl":6},"497":{"pts":3375,"lvl":2},"516":{"pts":21444,"lvl":4},"517":{"pts":210,"lvl":1},"518":{"pts":2913,"lvl":2},"555":{"pts":14657,"lvl":4},"timestamp":1558555051937}