{"main":0,"accounts":[{"name":"Gurre Gurka","server":"eun1","id":"EpA6W_-0JxYhRv4-AL95BBq3rP6NhtCLX2U4piUO8sbL7LI","accountId":"a3iuKIHEF7o-de6oDyynfPmLlCk2AESYVPYtjHoQUIGn1Q","puuid":"PgEY_a1zbWYaqQdnBtN39HWIIb7A5t5YLfmcxMu9-SI8i5b8HimWKfAtJMRA4sOIZ0pSbXv7QsCaPQ"},{"name":"Mrgurremcswag","server":"eun1","id":"uo4L8Fl-Dvp-xSVEY2c9tvkiCERcF3V2xorN_CJefERIyWw","accountId":"rHMmILzdlvOGB8vx6_LdpRpMcCUEohJwmTU-SbvxKt2aC7s","puuid":"HFHc3h323_MhrTADVBqwKoEurIu8prTMgNCPrk-GGue7RMNRjgqzE0hworu5N2kxi613AmbbuB4V-A"},{"name":"asdfsfafsdfadsfd","server":"euw1","id":"wYaK8AOhTmHBmHumxAXLv3ubawBdptbVqQyFGfoRgiQ4gkE","accountId":"OtrW_Do-TPaIWIitUuAZkNRQOA-GK_pzx7bcsIKh99fDT48","puuid":"t08QyjnWHJyZ8I442Cv2TZauj_0eknpAAhBZMaB4_XpVjW2PXHt0KnmhgS1iBHNEJPO9ZF_DXJhPnQ"}]}