{"1":{"pts":11544,"lvl":3},"3":{"pts":215,"lvl":1},"4":{"pts":6192,"lvl":3},"5":{"pts":1299,"lvl":1},"7":{"pts":178,"lvl":1},"10":{"pts":1200,"lvl":1},"11":{"pts":3361,"lvl":2},"13":{"pts":3026,"lvl":2},"14":{"pts":137,"lvl":1},"15":{"pts":157,"lvl":1},"16":{"pts":8689,"lvl":3},"17":{"pts":90056,"lvl":7},"18":{"pts":6661,"lvl":3},"20":{"pts":914,"lvl":1},"21":{"pts":123,"lvl":1},"22":{"pts":4713,"lvl":2},"23":{"pts":10638,"lvl":3},"24":{"pts":2062,"lvl":2},"26":{"pts":452,"lvl":1},"27":{"pts":1155,"lvl":1},"29":{"pts":143,"lvl":1},"30":{"pts":3307,"lvl":2},"31":{"pts":3771,"lvl":2},"32":{"pts":3501,"lvl":2},"33":{"pts":1409,"lvl":1},"36":{"pts":4298,"lvl":2},"37":{"pts":106,"lvl":1},"38":{"pts":6078,"lvl":3},"42":{"pts":16455,"lvl":4},"45":{"pts":236133,"lvl":7},"48":{"pts":1117,"lvl":1},"50":{"pts":727,"lvl":1},"51":{"pts":142,"lvl":1},"53":{"pts":10640,"lvl":3},"54":{"pts":4290,"lvl":2},"55":{"pts":152,"lvl":1},"57":{"pts":111,"lvl":1},"58":{"pts":1053,"lvl":1},"62":{"pts":77,"lvl":1},"68":{"pts":16243,"lvl":4},"74":{"pts":77337,"lvl":7},"75":{"pts":67490,"lvl":7},"76":{"pts":150,"lvl":1},"78":{"pts":6482,"lvl":3},"79":{"pts":408,"lvl":1},"80":{"pts":602,"lvl":1},"81":{"pts":22456,"lvl":5},"83":{"pts":154,"lvl":1},"84":{"pts":620,"lvl":1},"85":{"pts":25392,"lvl":5},"86":{"pts":53125,"lvl":6},"90":{"pts":17462,"lvl":4},"91":{"pts":92,"lvl":1},"96":{"pts":313,"lvl":1},"98":{"pts":613,"lvl":1},"99":{"pts":4827,"lvl":2},"101":{"pts":865,"lvl":1},"102":{"pts":129,"lvl":1},"103":{"pts":131,"lvl":1},"105":{"pts":15926,"lvl":4},"107":{"pts":144,"lvl":1},"110":{"pts":133,"lvl":1},"112":{"pts":496,"lvl":1},"115":{"pts":13443,"lvl":4},"117":{"pts":1892,"lvl":2},"119":{"pts":383,"lvl":1},"122":{"pts":8829,"lvl":3},"126":{"pts":133,"lvl":1},"131":{"pts":99,"lvl":1},"136":{"pts":93,"lvl":1},"141":{"pts":822,"lvl":1},"142":{"pts":96,"lvl":1},"143":{"pts":164,"lvl":1},"150":{"pts":46966,"lvl":7},"157":{"pts":761,"lvl":1},"222":{"pts":1522,"lvl":1},"223":{"pts":1928,"lvl":2},"240":{"pts":536,"lvl":1},"245":{"pts":359,"lvl":1},"267":{"pts":324,"lvl":1},"268":{"pts":865,"lvl":1},"412":{"pts":306,"lvl":1},"516":{"pts":956,"lvl":1},"timestamp":1558555049724}