{"1":{"pts":137,"lvl":1},"2":{"pts":5099,"lvl":2},"3":{"pts":37764,"lvl":6},"4":{"pts":157,"lvl":1},"6":{"pts":63316,"lvl":6},"7":{"pts":18449,"lvl":4},"8":{"pts":1723,"lvl":1},"9":{"pts":973,"lvl":1},"10":{"pts":11585,"lvl":3},"11":{"pts":1504,"lvl":1},"12":{"pts":32779,"lvl":6},"13":{"pts":1713,"lvl":1},"15":{"pts":17889,"lvl":4},"16":{"pts":6461,"lvl":3},"18":{"pts":35206,"lvl":5},"19":{"pts":1084,"lvl":1},"20":{"pts":19177,"lvl":4},"21":{"pts":10602,"lvl":3},"22":{"pts":27723,"lvl":6},"23":{"pts":276,"lvl":1},"25":{"pts":10452,"lvl":3},"26":{"pts":57022,"lvl":6},"27":{"pts":2534,"lvl":2},"28":{"pts":3823,"lvl":2},"29":{"pts":40079,"lvl":6},"30":{"pts":8304,"lvl":3},"31":{"pts":135,"lvl":1},"32":{"pts":4452,"lvl":2},"33":{"pts":9342,"lvl":3},"34":{"pts":28416,"lvl":5},"35":{"pts":819,"lvl":1},"36":{"pts":993,"lvl":1},"37":{"pts":4018,"lvl":2},"38":{"pts":1086,"lvl":1},"39":{"pts":1041,"lvl":1},"40":{"pts":16389,"lvl":4},"41":{"pts":759,"lvl":1},"42":{"pts":25601,"lvl":5},"43":{"pts":11641,"lvl":3},"44":{"pts":2630,"lvl":2},"45":{"pts":3536,"lvl":2},"48":{"pts":8335,"lvl":3},"50":{"pts":2859,"lvl":2},"51":{"pts":11461,"lvl":3},"56":{"pts":4503,"lvl":2},"57":{"pts":878,"lvl":1},"58":{"pts":8284,"lvl":3},"59":{"pts":8155,"lvl":3},"60":{"pts":142,"lvl":1},"61":{"pts":8965,"lvl":3},"62":{"pts":3379,"lvl":2},"67":{"pts":6985,"lvl":3},"68":{"pts":22123,"lvl":5},"69":{"pts":17923,"lvl":4},"72":{"pts":1554,"lvl":1},"74":{"pts":11790,"lvl":3},"77":{"pts":2910,"lvl":2},"79":{"pts":50889,"lvl":5},"81":{"pts":7183,"lvl":3},"82":{"pts":2202,"lvl":2},"83":{"pts":7275,"lvl":3},"85":{"pts":802,"lvl":1},"90":{"pts":177,"lvl":1},"91":{"pts":57,"lvl":1},"96":{"pts":20477,"lvl":4},"99":{"pts":569,"lvl":1},"101":{"pts":9637,"lvl":3},"103":{"pts":362,"lvl":1},"104":{"pts":6507,"lvl":3},"105":{"pts":216,"lvl":1},"106":{"pts":1127,"lvl":1},"107":{"pts":66,"lvl":1},"110":{"pts":12612,"lvl":4},"111":{"pts":3292,"lvl":2},"112":{"pts":20969,"lvl":4},"114":{"pts":2552,"lvl":2},"115":{"pts":2380,"lvl":2},"117":{"pts":15646,"lvl":4},"119":{"pts":7773,"lvl":3},"120":{"pts":10562,"lvl":3},"126":{"pts":10510,"lvl":3},"127":{"pts":16087,"lvl":4},"131":{"pts":4937,"lvl":2},"133":{"pts":56199,"lvl":5},"134":{"pts":10625,"lvl":3},"136":{"pts":756,"lvl":1},"142":{"pts":3410,"lvl":2},"143":{"pts":22384,"lvl":5},"145":{"pts":9625,"lvl":3},"150":{"pts":2183,"lvl":2},"154":{"pts":138,"lvl":1},"157":{"pts":888,"lvl":1},"161":{"pts":8714,"lvl":3},"163":{"pts":8571,"lvl":3},"164":{"pts":3835,"lvl":2},"201":{"pts":41782,"lvl":7},"202":{"pts":17408,"lvl":4},"222":{"pts":7016,"lvl":3},"223":{"pts":6361,"lvl":3},"236":{"pts":31383,"lvl":5},"240":{"pts":33026,"lvl":5},"245":{"pts":117,"lvl":1},"254":{"pts":1200,"lvl":1},"266":{"pts":1316,"lvl":1},"267":{"pts":2908,"lvl":2},"412":{"pts":8591,"lvl":3},"421":{"pts":6550,"lvl":3},"427":{"pts":31014,"lvl":5},"429":{"pts":10663,"lvl":3},"432":{"pts":11447,"lvl":3},"497":{"pts":103882,"lvl":7},"498":{"pts":33234,"lvl":6},"516":{"pts":14476,"lvl":4},"517":{"pts":107,"lvl":1},"518":{"pts":9314,"lvl":3},"555":{"pts":9599,"lvl":3},"timestamp":1558555050012}