{"1":{"pts":1876,"lvl":2},"3":{"pts":947,"lvl":1},"4":{"pts":5837,"lvl":2},"5":{"pts":6379,"lvl":3},"6":{"pts":11078,"lvl":3},"7":{"pts":4706,"lvl":2},"8":{"pts":5640,"lvl":2},"10":{"pts":4186,"lvl":2},"11":{"pts":9785,"lvl":3},"12":{"pts":16319,"lvl":4},"13":{"pts":1423,"lvl":1},"14":{"pts":5431,"lvl":2},"15":{"pts":2595,"lvl":2},"16":{"pts":260,"lvl":1},"17":{"pts":9797,"lvl":3},"18":{"pts":406,"lvl":1},"19":{"pts":3541,"lvl":2},"20":{"pts":279,"lvl":1},"21":{"pts":9888,"lvl":3},"22":{"pts":10790,"lvl":3},"23":{"pts":4103,"lvl":2},"24":{"pts":14091,"lvl":4},"25":{"pts":2415,"lvl":2},"26":{"pts":195,"lvl":1},"27":{"pts":2923,"lvl":2},"28":{"pts":2841,"lvl":2},"29":{"pts":7296,"lvl":3},"30":{"pts":5163,"lvl":2},"31":{"pts":2816,"lvl":2},"33":{"pts":2252,"lvl":2},"34":{"pts":3617,"lvl":2},"35":{"pts":11294,"lvl":3},"36":{"pts":4281,"lvl":2},"37":{"pts":164,"lvl":1},"38":{"pts":7990,"lvl":3},"39":{"pts":10936,"lvl":3},"40":{"pts":194,"lvl":1},"41":{"pts":5126,"lvl":2},"42":{"pts":1973,"lvl":2},"44":{"pts":14013,"lvl":4},"45":{"pts":14924,"lvl":4},"51":{"pts":1233,"lvl":1},"53":{"pts":18723,"lvl":4},"54":{"pts":2022,"lvl":2},"55":{"pts":3497,"lvl":2},"56":{"pts":401,"lvl":1},"57":{"pts":206,"lvl":1},"59":{"pts":2061,"lvl":2},"60":{"pts":9690,"lvl":3},"62":{"pts":2508,"lvl":2},"64":{"pts":13673,"lvl":4},"67":{"pts":5748,"lvl":2},"69":{"pts":156,"lvl":1},"72":{"pts":363,"lvl":1},"74":{"pts":160,"lvl":1},"75":{"pts":3143,"lvl":2},"76":{"pts":1180,"lvl":1},"77":{"pts":6562,"lvl":3},"78":{"pts":3336,"lvl":2},"79":{"pts":5399,"lvl":2},"80":{"pts":23000,"lvl":5},"81":{"pts":472,"lvl":1},"82":{"pts":7905,"lvl":3},"83":{"pts":152,"lvl":1},"84":{"pts":10650,"lvl":3},"85":{"pts":199,"lvl":1},"86":{"pts":1729,"lvl":1},"89":{"pts":1178,"lvl":1},"90":{"pts":720,"lvl":1},"91":{"pts":554,"lvl":1},"92":{"pts":123921,"lvl":7},"98":{"pts":2800,"lvl":2},"99":{"pts":10305,"lvl":3},"102":{"pts":1751,"lvl":1},"103":{"pts":928,"lvl":1},"104":{"pts":1764,"lvl":1},"105":{"pts":1220,"lvl":1},"106":{"pts":1039,"lvl":1},"107":{"pts":24531,"lvl":5},"111":{"pts":4538,"lvl":2},"112":{"pts":1214,"lvl":1},"113":{"pts":1109,"lvl":1},"115":{"pts":202,"lvl":1},"119":{"pts":8776,"lvl":3},"121":{"pts":3506,"lvl":2},"122":{"pts":41862,"lvl":5},"126":{"pts":3060,"lvl":2},"127":{"pts":1025,"lvl":1},"131":{"pts":1175,"lvl":1},"133":{"pts":1012,"lvl":1},"134":{"pts":866,"lvl":1},"136":{"pts":3732,"lvl":2},"141":{"pts":9406,"lvl":3},"142":{"pts":736,"lvl":1},"150":{"pts":6174,"lvl":3},"154":{"pts":7169,"lvl":3},"157":{"pts":120690,"lvl":5},"161":{"pts":3947,"lvl":2},"164":{"pts":1141,"lvl":1},"201":{"pts":4567,"lvl":2},"202":{"pts":23901,"lvl":5},"203":{"pts":3908,"lvl":2},"222":{"pts":1727,"lvl":1},"223":{"pts":1963,"lvl":2},"236":{"pts":3136,"lvl":2},"238":{"pts":16815,"lvl":4},"240":{"pts":1285,"lvl":1},"245":{"pts":1610,"lvl":1},"254":{"pts":162,"lvl":1},"266":{"pts":3126,"lvl":2},"267":{"pts":143,"lvl":1},"268":{"pts":1372,"lvl":1},"412":{"pts":34823,"lvl":5},"420":{"pts":7039,"lvl":3},"421":{"pts":956,"lvl":1},"427":{"pts":2373,"lvl":2},"432":{"pts":10329,"lvl":3},"498":{"pts":930,"lvl":1},"516":{"pts":1458,"lvl":1},"timestamp":1558402214103}