{"1":{"pts":6602,"lvl":3},"2":{"pts":4301,"lvl":2},"3":{"pts":4509,"lvl":2},"4":{"pts":7193,"lvl":3},"5":{"pts":18631,"lvl":4},"6":{"pts":20816,"lvl":4},"7":{"pts":4117,"lvl":2},"8":{"pts":5701,"lvl":2},"9":{"pts":2985,"lvl":2},"10":{"pts":7475,"lvl":3},"11":{"pts":9517,"lvl":3},"12":{"pts":10051,"lvl":3},"13":{"pts":7280,"lvl":3},"14":{"pts":6008,"lvl":3},"15":{"pts":10805,"lvl":3},"16":{"pts":13786,"lvl":4},"17":{"pts":15827,"lvl":4},"18":{"pts":68766,"lvl":7},"19":{"pts":8609,"lvl":3},"20":{"pts":10030,"lvl":3},"21":{"pts":25936,"lvl":5},"22":{"pts":8560,"lvl":3},"23":{"pts":7545,"lvl":3},"24":{"pts":5913,"lvl":2},"25":{"pts":5573,"lvl":2},"26":{"pts":522,"lvl":1},"27":{"pts":1965,"lvl":2},"28":{"pts":647,"lvl":1},"29":{"pts":14427,"lvl":4},"30":{"pts":1811,"lvl":2},"31":{"pts":15472,"lvl":4},"32":{"pts":6073,"lvl":3},"33":{"pts":3870,"lvl":2},"34":{"pts":57469,"lvl":5},"35":{"pts":7272,"lvl":3},"36":{"pts":5842,"lvl":2},"37":{"pts":2526,"lvl":2},"38":{"pts":5099,"lvl":2},"39":{"pts":16131,"lvl":4},"40":{"pts":6444,"lvl":3},"41":{"pts":5525,"lvl":2},"42":{"pts":71614,"lvl":7},"43":{"pts":5875,"lvl":2},"44":{"pts":5812,"lvl":2},"45":{"pts":19908,"lvl":4},"48":{"pts":4696,"lvl":2},"50":{"pts":3433,"lvl":2},"51":{"pts":45032,"lvl":6},"53":{"pts":9600,"lvl":3},"54":{"pts":9020,"lvl":3},"55":{"pts":4643,"lvl":2},"56":{"pts":3740,"lvl":2},"57":{"pts":9597,"lvl":3},"58":{"pts":5333,"lvl":2},"59":{"pts":6416,"lvl":3},"60":{"pts":6639,"lvl":3},"61":{"pts":4115,"lvl":2},"62":{"pts":3990,"lvl":2},"63":{"pts":5375,"lvl":2},"64":{"pts":11422,"lvl":3},"67":{"pts":102826,"lvl":7},"68":{"pts":1354,"lvl":1},"69":{"pts":1817,"lvl":2},"72":{"pts":7532,"lvl":3},"74":{"pts":3276,"lvl":2},"75":{"pts":10393,"lvl":3},"76":{"pts":5040,"lvl":2},"77":{"pts":3473,"lvl":2},"78":{"pts":6928,"lvl":3},"79":{"pts":2923,"lvl":2},"80":{"pts":4465,"lvl":2},"81":{"pts":33442,"lvl":6},"82":{"pts":6262,"lvl":3},"83":{"pts":3264,"lvl":2},"84":{"pts":3785,"lvl":2},"85":{"pts":1822,"lvl":2},"86":{"pts":5305,"lvl":2},"89":{"pts":4165,"lvl":2},"90":{"pts":19054,"lvl":4},"91":{"pts":2979,"lvl":2},"92":{"pts":5935,"lvl":2},"96":{"pts":12056,"lvl":3},"98":{"pts":4760,"lvl":2},"99":{"pts":18624,"lvl":4},"101":{"pts":5136,"lvl":2},"102":{"pts":10002,"lvl":3},"103":{"pts":15237,"lvl":4},"104":{"pts":16047,"lvl":4},"105":{"pts":6211,"lvl":3},"106":{"pts":4964,"lvl":2},"107":{"pts":1199,"lvl":1},"110":{"pts":29303,"lvl":5},"111":{"pts":9001,"lvl":3},"112":{"pts":1057,"lvl":1},"113":{"pts":7999,"lvl":3},"114":{"pts":3528,"lvl":2},"115":{"pts":36395,"lvl":6},"117":{"pts":6473,"lvl":3},"119":{"pts":22229,"lvl":5},"120":{"pts":6595,"lvl":3},"121":{"pts":12539,"lvl":3},"122":{"pts":9643,"lvl":3},"126":{"pts":7082,"lvl":3},"127":{"pts":13688,"lvl":4},"131":{"pts":4306,"lvl":2},"133":{"pts":15404,"lvl":4},"134":{"pts":4218,"lvl":2},"136":{"pts":2813,"lvl":2},"141":{"pts":1201,"lvl":1},"142":{"pts":5337,"lvl":2},"143":{"pts":3214,"lvl":2},"145":{"pts":7776,"lvl":3},"150":{"pts":12451,"lvl":3},"154":{"pts":7440,"lvl":3},"157":{"pts":20762,"lvl":4},"161":{"pts":5746,"lvl":2},"163":{"pts":568,"lvl":1},"164":{"pts":7915,"lvl":3},"201":{"pts":3244,"lvl":2},"202":{"pts":23775,"lvl":5},"203":{"pts":14102,"lvl":4},"222":{"pts":106435,"lvl":7},"223":{"pts":10142,"lvl":3},"236":{"pts":58871,"lvl":6},"238":{"pts":21721,"lvl":5},"240":{"pts":3484,"lvl":2},"245":{"pts":13130,"lvl":4},"254":{"pts":5976,"lvl":2},"266":{"pts":1700,"lvl":1},"267":{"pts":4998,"lvl":2},"268":{"pts":2682,"lvl":2},"412":{"pts":77255,"lvl":7},"420":{"pts":21486,"lvl":4},"421":{"pts":4281,"lvl":2},"427":{"pts":8429,"lvl":3},"429":{"pts":12748,"lvl":4},"432":{"pts":1538,"lvl":1},"497":{"pts":1511,"lvl":1},"498":{"pts":6305,"lvl":3},"516":{"pts":1391,"lvl":1},"517":{"pts":9831,"lvl":3},"555":{"pts":1662,"lvl":1},"timestamp":1558555050146}