{"1":{"pts":10962,"lvl":3},"2":{"pts":4909,"lvl":2},"3":{"pts":3686,"lvl":2},"4":{"pts":22209,"lvl":5},"5":{"pts":158,"lvl":1},"6":{"pts":31744,"lvl":5},"7":{"pts":232491,"lvl":7},"8":{"pts":10284,"lvl":3},"9":{"pts":975,"lvl":1},"10":{"pts":7192,"lvl":3},"11":{"pts":3243,"lvl":2},"12":{"pts":1918,"lvl":2},"13":{"pts":99036,"lvl":7},"14":{"pts":1009,"lvl":1},"15":{"pts":23641,"lvl":5},"16":{"pts":6596,"lvl":3},"17":{"pts":1406,"lvl":1},"18":{"pts":2398,"lvl":2},"19":{"pts":428,"lvl":1},"20":{"pts":782,"lvl":1},"21":{"pts":19675,"lvl":4},"22":{"pts":4679,"lvl":2},"23":{"pts":543,"lvl":1},"24":{"pts":4748,"lvl":2},"25":{"pts":35756,"lvl":6},"26":{"pts":11802,"lvl":3},"27":{"pts":27214,"lvl":5},"28":{"pts":32524,"lvl":5},"29":{"pts":43566,"lvl":6},"30":{"pts":6585,"lvl":3},"31":{"pts":17255,"lvl":4},"32":{"pts":16287,"lvl":4},"34":{"pts":15935,"lvl":4},"35":{"pts":4856,"lvl":2},"36":{"pts":4191,"lvl":2},"37":{"pts":1333,"lvl":1},"38":{"pts":874017,"lvl":7},"39":{"pts":2756,"lvl":2},"40":{"pts":1006,"lvl":1},"41":{"pts":1182,"lvl":1},"42":{"pts":26888,"lvl":5},"43":{"pts":65339,"lvl":7},"44":{"pts":1143,"lvl":1},"45":{"pts":24295,"lvl":5},"50":{"pts":8289,"lvl":3},"51":{"pts":467,"lvl":1},"53":{"pts":2242,"lvl":2},"54":{"pts":2958,"lvl":2},"55":{"pts":40610,"lvl":6},"56":{"pts":5558,"lvl":2},"58":{"pts":732,"lvl":1},"59":{"pts":731,"lvl":1},"60":{"pts":1811,"lvl":2},"61":{"pts":7171,"lvl":3},"63":{"pts":2617,"lvl":2},"64":{"pts":115,"lvl":1},"67":{"pts":2998,"lvl":2},"68":{"pts":2700,"lvl":2},"69":{"pts":15994,"lvl":4},"72":{"pts":102,"lvl":1},"74":{"pts":339,"lvl":1},"75":{"pts":20769,"lvl":4},"76":{"pts":3067,"lvl":2},"77":{"pts":1202,"lvl":1},"78":{"pts":2250,"lvl":2},"79":{"pts":1115,"lvl":1},"80":{"pts":937,"lvl":1},"81":{"pts":18715,"lvl":4},"82":{"pts":6751,"lvl":3},"84":{"pts":27977,"lvl":5},"85":{"pts":9836,"lvl":3},"86":{"pts":12786,"lvl":4},"89":{"pts":193,"lvl":1},"90":{"pts":10734,"lvl":3},"91":{"pts":68103,"lvl":7},"92":{"pts":5244,"lvl":2},"96":{"pts":40301,"lvl":5},"98":{"pts":6728,"lvl":3},"99":{"pts":680,"lvl":1},"101":{"pts":3696,"lvl":2},"103":{"pts":15587,"lvl":4},"104":{"pts":3793,"lvl":2},"105":{"pts":12931,"lvl":4},"107":{"pts":2702,"lvl":2},"110":{"pts":8479,"lvl":3},"112":{"pts":48324,"lvl":7},"113":{"pts":92,"lvl":1},"114":{"pts":76810,"lvl":7},"115":{"pts":6131,"lvl":3},"117":{"pts":173,"lvl":1},"119":{"pts":5327,"lvl":2},"120":{"pts":118,"lvl":1},"121":{"pts":5703,"lvl":2},"122":{"pts":17728,"lvl":4},"126":{"pts":1388,"lvl":1},"127":{"pts":1013,"lvl":1},"131":{"pts":6455,"lvl":3},"133":{"pts":1426,"lvl":1},"134":{"pts":3917,"lvl":2},"136":{"pts":502,"lvl":1},"141":{"pts":8002,"lvl":3},"143":{"pts":688,"lvl":1},"145":{"pts":34442,"lvl":6},"150":{"pts":1017,"lvl":1},"157":{"pts":6283,"lvl":3},"161":{"pts":5082,"lvl":2},"163":{"pts":597,"lvl":1},"164":{"pts":20997,"lvl":4},"202":{"pts":15648,"lvl":4},"203":{"pts":5396,"lvl":2},"222":{"pts":2395,"lvl":2},"223":{"pts":170,"lvl":1},"236":{"pts":5897,"lvl":2},"238":{"pts":28093,"lvl":6},"245":{"pts":8815,"lvl":3},"266":{"pts":8030,"lvl":3},"268":{"pts":6793,"lvl":3},"412":{"pts":1681,"lvl":1},"420":{"pts":1264,"lvl":1},"427":{"pts":119,"lvl":1},"429":{"pts":2602,"lvl":2},"497":{"pts":769,"lvl":1},"498":{"pts":4173,"lvl":2},"516":{"pts":1834,"lvl":2},"517":{"pts":237,"lvl":1},"timestamp":1558555050450}