{"1":{"pts":16899,"lvl":4},"2":{"pts":3035,"lvl":2},"3":{"pts":16314,"lvl":4},"4":{"pts":4319,"lvl":2},"5":{"pts":59204,"lvl":5},"6":{"pts":11392,"lvl":3},"7":{"pts":2451,"lvl":2},"8":{"pts":7661,"lvl":3},"9":{"pts":2367,"lvl":2},"10":{"pts":7664,"lvl":3},"11":{"pts":7439,"lvl":3},"12":{"pts":212,"lvl":1},"13":{"pts":18531,"lvl":4},"14":{"pts":32185,"lvl":5},"15":{"pts":11285,"lvl":3},"16":{"pts":2810,"lvl":2},"17":{"pts":19093,"lvl":4},"18":{"pts":32202,"lvl":5},"19":{"pts":11392,"lvl":3},"20":{"pts":5736,"lvl":2},"21":{"pts":15590,"lvl":4},"22":{"pts":21357,"lvl":4},"23":{"pts":15595,"lvl":4},"24":{"pts":23698,"lvl":5},"25":{"pts":1901,"lvl":2},"26":{"pts":1338,"lvl":1},"27":{"pts":3481,"lvl":2},"28":{"pts":15282,"lvl":4},"29":{"pts":6574,"lvl":3},"30":{"pts":159,"lvl":1},"31":{"pts":2951,"lvl":2},"32":{"pts":7103,"lvl":3},"33":{"pts":2837,"lvl":2},"34":{"pts":2807,"lvl":2},"35":{"pts":1387,"lvl":1},"36":{"pts":1394,"lvl":1},"37":{"pts":2734,"lvl":2},"38":{"pts":10241,"lvl":3},"39":{"pts":16845,"lvl":4},"40":{"pts":230,"lvl":1},"41":{"pts":24331,"lvl":5},"42":{"pts":3265,"lvl":2},"43":{"pts":5101,"lvl":2},"44":{"pts":1107,"lvl":1},"45":{"pts":17087,"lvl":4},"48":{"pts":2336,"lvl":2},"50":{"pts":9036,"lvl":3},"51":{"pts":4757,"lvl":2},"53":{"pts":3133,"lvl":2},"54":{"pts":3464,"lvl":2},"55":{"pts":2874,"lvl":2},"57":{"pts":519,"lvl":1},"58":{"pts":5955,"lvl":2},"59":{"pts":15683,"lvl":4},"61":{"pts":9986,"lvl":3},"62":{"pts":2613,"lvl":2},"63":{"pts":7470,"lvl":3},"64":{"pts":14184,"lvl":4},"67":{"pts":19090,"lvl":4},"68":{"pts":910,"lvl":1},"69":{"pts":2132,"lvl":2},"74":{"pts":1148,"lvl":1},"75":{"pts":72777,"lvl":7},"76":{"pts":2141,"lvl":2},"77":{"pts":5710,"lvl":2},"78":{"pts":5643,"lvl":2},"79":{"pts":8587,"lvl":3},"80":{"pts":5994,"lvl":2},"81":{"pts":21434,"lvl":4},"83":{"pts":365,"lvl":1},"84":{"pts":6809,"lvl":3},"85":{"pts":333,"lvl":1},"86":{"pts":30856,"lvl":5},"89":{"pts":237,"lvl":1},"90":{"pts":889,"lvl":1},"91":{"pts":3330,"lvl":2},"92":{"pts":789124,"lvl":7},"96":{"pts":982,"lvl":1},"98":{"pts":695,"lvl":1},"99":{"pts":16205,"lvl":4},"101":{"pts":307,"lvl":1},"102":{"pts":11471,"lvl":3},"103":{"pts":758,"lvl":1},"104":{"pts":18175,"lvl":4},"105":{"pts":440,"lvl":1},"106":{"pts":621,"lvl":1},"107":{"pts":4084,"lvl":2},"110":{"pts":10410,"lvl":3},"111":{"pts":132,"lvl":1},"112":{"pts":111,"lvl":1},"113":{"pts":675,"lvl":1},"114":{"pts":24531,"lvl":5},"115":{"pts":2015,"lvl":2},"117":{"pts":5907,"lvl":2},"119":{"pts":8991,"lvl":3},"120":{"pts":693,"lvl":1},"121":{"pts":6294,"lvl":3},"122":{"pts":99118,"lvl":7},"126":{"pts":831,"lvl":1},"127":{"pts":148,"lvl":1},"131":{"pts":3653,"lvl":2},"133":{"pts":1704,"lvl":1},"134":{"pts":2648,"lvl":2},"136":{"pts":177,"lvl":1},"141":{"pts":32121,"lvl":6},"142":{"pts":26216,"lvl":5},"143":{"pts":441,"lvl":1},"145":{"pts":8804,"lvl":3},"150":{"pts":1057,"lvl":1},"154":{"pts":973,"lvl":1},"157":{"pts":85651,"lvl":7},"161":{"pts":3341,"lvl":2},"163":{"pts":1652,"lvl":1},"164":{"pts":99546,"lvl":6},"201":{"pts":477,"lvl":1},"202":{"pts":113561,"lvl":7},"203":{"pts":125,"lvl":1},"222":{"pts":8518,"lvl":3},"223":{"pts":587,"lvl":1},"236":{"pts":8852,"lvl":3},"238":{"pts":3033,"lvl":2},"240":{"pts":2331,"lvl":2},"245":{"pts":38078,"lvl":5},"254":{"pts":4380,"lvl":2},"266":{"pts":22201,"lvl":5},"267":{"pts":407,"lvl":1},"268":{"pts":312,"lvl":1},"412":{"pts":658,"lvl":1},"420":{"pts":163280,"lvl":7},"421":{"pts":12897,"lvl":4},"427":{"pts":282,"lvl":1},"429":{"pts":1840,"lvl":2},"432":{"pts":2028,"lvl":2},"497":{"pts":952,"lvl":1},"498":{"pts":11743,"lvl":3},"516":{"pts":1818,"lvl":2},"555":{"pts":4414,"lvl":2},"timestamp":1558402214311}