{"1":{"pts":36025,"lvl":5},"2":{"pts":171,"lvl":1},"4":{"pts":1497,"lvl":1},"5":{"pts":22465,"lvl":5},"6":{"pts":17671,"lvl":4},"7":{"pts":12781,"lvl":4},"8":{"pts":9841,"lvl":3},"9":{"pts":3151,"lvl":2},"10":{"pts":6053,"lvl":3},"11":{"pts":16403,"lvl":4},"13":{"pts":11015,"lvl":3},"14":{"pts":25696,"lvl":5},"15":{"pts":85326,"lvl":7},"16":{"pts":33826,"lvl":5},"17":{"pts":1819,"lvl":2},"18":{"pts":157305,"lvl":7},"19":{"pts":16918,"lvl":4},"20":{"pts":10992,"lvl":3},"21":{"pts":32491,"lvl":5},"22":{"pts":120883,"lvl":7},"23":{"pts":214,"lvl":1},"24":{"pts":1820,"lvl":2},"25":{"pts":38596,"lvl":6},"26":{"pts":1900,"lvl":2},"27":{"pts":1060,"lvl":1},"28":{"pts":17720,"lvl":4},"29":{"pts":172146,"lvl":7},"30":{"pts":1537,"lvl":1},"31":{"pts":19844,"lvl":4},"32":{"pts":21133,"lvl":4},"33":{"pts":13035,"lvl":4},"34":{"pts":2861,"lvl":2},"36":{"pts":21796,"lvl":5},"37":{"pts":944,"lvl":1},"38":{"pts":3179,"lvl":2},"39":{"pts":14456,"lvl":4},"40":{"pts":39533,"lvl":6},"41":{"pts":46208,"lvl":6},"42":{"pts":338107,"lvl":7},"44":{"pts":159,"lvl":1},"45":{"pts":14357,"lvl":4},"48":{"pts":95,"lvl":1},"50":{"pts":2582,"lvl":2},"51":{"pts":155100,"lvl":7},"53":{"pts":70922,"lvl":6},"57":{"pts":1391,"lvl":1},"58":{"pts":4124,"lvl":2},"59":{"pts":1119,"lvl":1},"60":{"pts":4390,"lvl":2},"61":{"pts":47841,"lvl":6},"62":{"pts":4383,"lvl":2},"63":{"pts":100,"lvl":1},"67":{"pts":36287,"lvl":5},"68":{"pts":30665,"lvl":5},"69":{"pts":81312,"lvl":5},"72":{"pts":814,"lvl":1},"74":{"pts":1560,"lvl":1},"75":{"pts":16218,"lvl":4},"76":{"pts":42847,"lvl":5},"77":{"pts":270,"lvl":1},"78":{"pts":1795,"lvl":1},"81":{"pts":33847,"lvl":5},"84":{"pts":164,"lvl":1},"85":{"pts":517,"lvl":1},"86":{"pts":4038,"lvl":2},"89":{"pts":16564,"lvl":4},"90":{"pts":26217,"lvl":5},"91":{"pts":1256,"lvl":1},"92":{"pts":7052,"lvl":3},"96":{"pts":40587,"lvl":6},"99":{"pts":10210,"lvl":3},"101":{"pts":13828,"lvl":4},"102":{"pts":45012,"lvl":5},"103":{"pts":27248,"lvl":5},"104":{"pts":6618,"lvl":3},"105":{"pts":143,"lvl":1},"107":{"pts":158,"lvl":1},"110":{"pts":9801,"lvl":3},"112":{"pts":23153,"lvl":5},"113":{"pts":3722,"lvl":2},"114":{"pts":157,"lvl":1},"115":{"pts":9828,"lvl":3},"119":{"pts":1154,"lvl":1},"121":{"pts":2503,"lvl":2},"122":{"pts":5940,"lvl":2},"126":{"pts":248,"lvl":1},"134":{"pts":1533,"lvl":1},"136":{"pts":97,"lvl":1},"141":{"pts":13752,"lvl":4},"142":{"pts":1102,"lvl":1},"143":{"pts":1935,"lvl":2},"145":{"pts":2686,"lvl":2},"157":{"pts":3029,"lvl":2},"161":{"pts":903,"lvl":1},"164":{"pts":832,"lvl":1},"201":{"pts":3085,"lvl":2},"202":{"pts":4286,"lvl":2},"203":{"pts":93,"lvl":1},"222":{"pts":37231,"lvl":5},"236":{"pts":1606,"lvl":1},"238":{"pts":4341,"lvl":2},"245":{"pts":970,"lvl":1},"267":{"pts":373,"lvl":1},"268":{"pts":172,"lvl":1},"350":{"pts":9326,"lvl":3},"420":{"pts":2957,"lvl":2},"429":{"pts":3679,"lvl":2},"497":{"pts":4243,"lvl":2},"498":{"pts":43280,"lvl":7},"516":{"pts":427,"lvl":1},"517":{"pts":1199,"lvl":1},"518":{"pts":6199,"lvl":3},"timestamp":1558555052039}