{"1":{"pts":7490,"lvl":3},"2":{"pts":6256,"lvl":3},"3":{"pts":6028,"lvl":3},"4":{"pts":11020,"lvl":3},"5":{"pts":14155,"lvl":4},"6":{"pts":20081,"lvl":4},"7":{"pts":14866,"lvl":4},"8":{"pts":157873,"lvl":7},"9":{"pts":6752,"lvl":3},"10":{"pts":8653,"lvl":3},"11":{"pts":21068,"lvl":4},"12":{"pts":15984,"lvl":4},"13":{"pts":3549,"lvl":2},"14":{"pts":11781,"lvl":3},"15":{"pts":5383,"lvl":2},"16":{"pts":5694,"lvl":2},"17":{"pts":49902,"lvl":6},"18":{"pts":2989,"lvl":2},"19":{"pts":26907,"lvl":5},"20":{"pts":4434,"lvl":2},"21":{"pts":1991,"lvl":2},"22":{"pts":3924,"lvl":2},"23":{"pts":72123,"lvl":7},"24":{"pts":27994,"lvl":5},"25":{"pts":8696,"lvl":3},"26":{"pts":2382,"lvl":2},"27":{"pts":2671,"lvl":2},"28":{"pts":1080,"lvl":1},"29":{"pts":16177,"lvl":4},"30":{"pts":2396,"lvl":2},"31":{"pts":30695,"lvl":5},"32":{"pts":9258,"lvl":3},"33":{"pts":1716,"lvl":1},"34":{"pts":10891,"lvl":3},"35":{"pts":13892,"lvl":4},"36":{"pts":6411,"lvl":3},"37":{"pts":11484,"lvl":3},"38":{"pts":3053,"lvl":2},"39":{"pts":5675,"lvl":2},"40":{"pts":1198,"lvl":1},"41":{"pts":5460,"lvl":2},"42":{"pts":1677,"lvl":1},"43":{"pts":2669,"lvl":2},"44":{"pts":4251,"lvl":2},"45":{"pts":36460,"lvl":6},"48":{"pts":1727,"lvl":1},"50":{"pts":3342,"lvl":2},"51":{"pts":1500,"lvl":1},"53":{"pts":27640,"lvl":5},"54":{"pts":14470,"lvl":4},"55":{"pts":7429,"lvl":3},"56":{"pts":1878,"lvl":2},"57":{"pts":1027,"lvl":1},"58":{"pts":24799,"lvl":5},"59":{"pts":4937,"lvl":2},"60":{"pts":4076,"lvl":2},"61":{"pts":327,"lvl":1},"62":{"pts":918,"lvl":1},"63":{"pts":1138,"lvl":1},"64":{"pts":104742,"lvl":7},"67":{"pts":29749,"lvl":5},"68":{"pts":3885,"lvl":2},"69":{"pts":121,"lvl":1},"74":{"pts":635,"lvl":1},"75":{"pts":34839,"lvl":5},"76":{"pts":6093,"lvl":3},"77":{"pts":8245,"lvl":3},"78":{"pts":7796,"lvl":3},"79":{"pts":16751,"lvl":4},"80":{"pts":9601,"lvl":3},"81":{"pts":15933,"lvl":4},"82":{"pts":16432,"lvl":4},"83":{"pts":1961,"lvl":2},"84":{"pts":6848,"lvl":3},"85":{"pts":1310,"lvl":1},"86":{"pts":19384,"lvl":4},"89":{"pts":10326,"lvl":3},"90":{"pts":1880,"lvl":2},"91":{"pts":1096,"lvl":1},"92":{"pts":67159,"lvl":6},"96":{"pts":5933,"lvl":2},"98":{"pts":5569,"lvl":2},"99":{"pts":13553,"lvl":4},"102":{"pts":1729,"lvl":1},"103":{"pts":1475,"lvl":1},"104":{"pts":2675,"lvl":2},"105":{"pts":42662,"lvl":5},"106":{"pts":1274,"lvl":1},"107":{"pts":7818,"lvl":3},"110":{"pts":2079,"lvl":2},"111":{"pts":1841,"lvl":2},"112":{"pts":1714,"lvl":1},"113":{"pts":1611,"lvl":1},"114":{"pts":4300,"lvl":2},"115":{"pts":3470,"lvl":2},"117":{"pts":2506,"lvl":2},"119":{"pts":7694,"lvl":3},"120":{"pts":5101,"lvl":2},"121":{"pts":32824,"lvl":5},"122":{"pts":22507,"lvl":5},"126":{"pts":4756,"lvl":2},"127":{"pts":1084,"lvl":1},"131":{"pts":2700,"lvl":2},"133":{"pts":1428,"lvl":1},"134":{"pts":3807,"lvl":2},"141":{"pts":6432,"lvl":3},"142":{"pts":736,"lvl":1},"145":{"pts":254,"lvl":1},"150":{"pts":4549,"lvl":2},"154":{"pts":51354,"lvl":6},"157":{"pts":9837,"lvl":3},"161":{"pts":1813,"lvl":2},"163":{"pts":3451,"lvl":2},"164":{"pts":3700,"lvl":2},"201":{"pts":2369,"lvl":2},"202":{"pts":4198,"lvl":2},"203":{"pts":1410,"lvl":1},"222":{"pts":7039,"lvl":3},"223":{"pts":2555,"lvl":2},"236":{"pts":6871,"lvl":3},"238":{"pts":30745,"lvl":6},"240":{"pts":621,"lvl":1},"245":{"pts":1567,"lvl":1},"254":{"pts":3776,"lvl":2},"266":{"pts":3623,"lvl":2},"267":{"pts":148,"lvl":1},"268":{"pts":379,"lvl":1},"412":{"pts":35235,"lvl":5},"420":{"pts":2213,"lvl":2},"421":{"pts":1119,"lvl":1},"427":{"pts":157,"lvl":1},"429":{"pts":450,"lvl":1},"432":{"pts":9571,"lvl":3},"497":{"pts":1085,"lvl":1},"498":{"pts":9710,"lvl":3},"516":{"pts":1866,"lvl":2},"555":{"pts":528,"lvl":1},"timestamp":1558402214130}