{"1":{"pts":12877,"lvl":4},"3":{"pts":1609,"lvl":1},"4":{"pts":435,"lvl":1},"5":{"pts":672,"lvl":1},"6":{"pts":61982,"lvl":5},"8":{"pts":1486,"lvl":1},"9":{"pts":10369,"lvl":3},"10":{"pts":926,"lvl":1},"11":{"pts":1458,"lvl":1},"12":{"pts":68397,"lvl":5},"13":{"pts":7946,"lvl":3},"14":{"pts":4506,"lvl":2},"15":{"pts":17609,"lvl":4},"16":{"pts":1928,"lvl":2},"17":{"pts":77049,"lvl":5},"18":{"pts":186,"lvl":1},"19":{"pts":193,"lvl":1},"20":{"pts":14172,"lvl":4},"21":{"pts":3239,"lvl":2},"22":{"pts":2359,"lvl":2},"24":{"pts":25857,"lvl":5},"25":{"pts":1371,"lvl":1},"26":{"pts":1373,"lvl":1},"27":{"pts":102,"lvl":1},"28":{"pts":1279,"lvl":1},"29":{"pts":17896,"lvl":4},"30":{"pts":1468,"lvl":1},"31":{"pts":46071,"lvl":5},"32":{"pts":10005,"lvl":3},"33":{"pts":7584,"lvl":3},"34":{"pts":116,"lvl":1},"35":{"pts":2282,"lvl":2},"36":{"pts":13377,"lvl":4},"37":{"pts":62484,"lvl":5},"38":{"pts":4607,"lvl":2},"40":{"pts":2124,"lvl":2},"42":{"pts":165605,"lvl":7},"43":{"pts":53133,"lvl":5},"44":{"pts":363,"lvl":1},"45":{"pts":27590,"lvl":5},"48":{"pts":1242,"lvl":1},"51":{"pts":412,"lvl":1},"53":{"pts":12166,"lvl":3},"54":{"pts":13127,"lvl":4},"57":{"pts":3638,"lvl":2},"58":{"pts":9598,"lvl":3},"59":{"pts":903,"lvl":1},"61":{"pts":817,"lvl":1},"62":{"pts":25730,"lvl":5},"63":{"pts":74,"lvl":1},"64":{"pts":1526,"lvl":1},"68":{"pts":987,"lvl":1},"69":{"pts":116,"lvl":1},"72":{"pts":792,"lvl":1},"74":{"pts":36149,"lvl":5},"75":{"pts":15077,"lvl":4},"78":{"pts":11217,"lvl":3},"79":{"pts":1129,"lvl":1},"80":{"pts":1449,"lvl":1},"81":{"pts":2232,"lvl":2},"82":{"pts":4428,"lvl":2},"83":{"pts":549,"lvl":1},"84":{"pts":811,"lvl":1},"85":{"pts":2950,"lvl":2},"86":{"pts":937,"lvl":1},"89":{"pts":41907,"lvl":5},"92":{"pts":749,"lvl":1},"96":{"pts":3783,"lvl":2},"98":{"pts":1968,"lvl":2},"99":{"pts":487,"lvl":1},"105":{"pts":2803,"lvl":2},"106":{"pts":5042,"lvl":2},"107":{"pts":167,"lvl":1},"110":{"pts":753,"lvl":1},"111":{"pts":11975,"lvl":3},"112":{"pts":44898,"lvl":5},"115":{"pts":6130,"lvl":3},"117":{"pts":67711,"lvl":5},"119":{"pts":4921,"lvl":2},"120":{"pts":665,"lvl":1},"122":{"pts":604,"lvl":1},"126":{"pts":360,"lvl":1},"133":{"pts":5922,"lvl":2},"134":{"pts":149,"lvl":1},"141":{"pts":542,"lvl":1},"142":{"pts":4633,"lvl":2},"150":{"pts":2716,"lvl":2},"154":{"pts":247,"lvl":1},"161":{"pts":371,"lvl":1},"201":{"pts":1101,"lvl":1},"222":{"pts":638,"lvl":1},"223":{"pts":289029,"lvl":7},"236":{"pts":1140,"lvl":1},"238":{"pts":884,"lvl":1},"240":{"pts":2357,"lvl":2},"254":{"pts":318,"lvl":1},"267":{"pts":8992,"lvl":3},"350":{"pts":1457,"lvl":1},"412":{"pts":1234,"lvl":1},"420":{"pts":2634,"lvl":2},"432":{"pts":1945,"lvl":2},"498":{"pts":647,"lvl":1},"516":{"pts":1413,"lvl":1},"517":{"pts":1488,"lvl":1},"555":{"pts":14125,"lvl":4},"timestamp":1558555049777}