{"1":{"pts":315,"lvl":1},"4":{"pts":22533,"lvl":5},"5":{"pts":922,"lvl":1},"6":{"pts":823,"lvl":1},"7":{"pts":317,"lvl":1},"9":{"pts":75495,"lvl":7},"10":{"pts":113,"lvl":1},"11":{"pts":1283,"lvl":1},"12":{"pts":73485,"lvl":6},"13":{"pts":5456,"lvl":2},"15":{"pts":1745,"lvl":1},"16":{"pts":190460,"lvl":7},"17":{"pts":5863,"lvl":2},"18":{"pts":309,"lvl":1},"19":{"pts":5949,"lvl":2},"20":{"pts":1277,"lvl":1},"21":{"pts":2354,"lvl":2},"22":{"pts":61015,"lvl":6},"24":{"pts":187,"lvl":1},"25":{"pts":78927,"lvl":7},"26":{"pts":703,"lvl":1},"27":{"pts":1850,"lvl":2},"29":{"pts":3497,"lvl":2},"30":{"pts":73808,"lvl":6},"31":{"pts":15917,"lvl":4},"32":{"pts":162700,"lvl":6},"33":{"pts":41456,"lvl":6},"34":{"pts":628868,"lvl":7},"36":{"pts":698,"lvl":1},"37":{"pts":7591,"lvl":3},"38":{"pts":1745,"lvl":1},"40":{"pts":60485,"lvl":7},"43":{"pts":1607,"lvl":1},"45":{"pts":833,"lvl":1},"48":{"pts":731,"lvl":1},"51":{"pts":1485,"lvl":1},"53":{"pts":7184,"lvl":3},"54":{"pts":32984,"lvl":5},"55":{"pts":789,"lvl":1},"56":{"pts":203,"lvl":1},"61":{"pts":406,"lvl":1},"67":{"pts":1400,"lvl":1},"69":{"pts":1301,"lvl":1},"75":{"pts":1451,"lvl":1},"76":{"pts":3111,"lvl":2},"77":{"pts":1775,"lvl":1},"78":{"pts":351,"lvl":1},"84":{"pts":127,"lvl":1},"86":{"pts":11765,"lvl":3},"89":{"pts":9470,"lvl":3},"90":{"pts":376,"lvl":1},"91":{"pts":4038,"lvl":2},"92":{"pts":920,"lvl":1},"99":{"pts":111171,"lvl":6},"101":{"pts":292,"lvl":1},"102":{"pts":161,"lvl":1},"103":{"pts":3434,"lvl":2},"110":{"pts":2342,"lvl":2},"113":{"pts":7031,"lvl":3},"117":{"pts":10071,"lvl":3},"120":{"pts":206,"lvl":1},"122":{"pts":592,"lvl":1},"133":{"pts":3806,"lvl":2},"134":{"pts":885,"lvl":1},"136":{"pts":149,"lvl":1},"141":{"pts":137,"lvl":1},"142":{"pts":1376,"lvl":1},"161":{"pts":606,"lvl":1},"163":{"pts":1381,"lvl":1},"201":{"pts":8658,"lvl":3},"223":{"pts":3054,"lvl":2},"236":{"pts":1342,"lvl":1},"245":{"pts":2565,"lvl":2},"267":{"pts":2903,"lvl":2},"268":{"pts":1032,"lvl":1},"350":{"pts":1830,"lvl":2},"412":{"pts":1331,"lvl":1},"429":{"pts":514,"lvl":1},"432":{"pts":5169,"lvl":2},"497":{"pts":15735,"lvl":4},"timestamp":1558555049587}