{"1":{"pts":614,"lvl":1},"3":{"pts":682,"lvl":1},"4":{"pts":2395,"lvl":2},"5":{"pts":333,"lvl":1},"6":{"pts":833,"lvl":1},"8":{"pts":940,"lvl":1},"9":{"pts":803,"lvl":1},"10":{"pts":1658,"lvl":1},"11":{"pts":10350,"lvl":3},"13":{"pts":5020,"lvl":2},"14":{"pts":13210,"lvl":4},"15":{"pts":818,"lvl":1},"16":{"pts":2201,"lvl":2},"17":{"pts":5164,"lvl":2},"18":{"pts":7708,"lvl":3},"19":{"pts":4153,"lvl":2},"20":{"pts":1412,"lvl":1},"21":{"pts":1631,"lvl":1},"22":{"pts":2920,"lvl":2},"23":{"pts":6843,"lvl":3},"24":{"pts":2081,"lvl":2},"26":{"pts":164,"lvl":1},"27":{"pts":4163,"lvl":2},"28":{"pts":12868,"lvl":4},"29":{"pts":7222,"lvl":3},"32":{"pts":177,"lvl":1},"33":{"pts":3472,"lvl":2},"37":{"pts":1444,"lvl":1},"38":{"pts":1814,"lvl":2},"39":{"pts":806,"lvl":1},"40":{"pts":1736,"lvl":1},"41":{"pts":46956,"lvl":6},"42":{"pts":8439,"lvl":3},"44":{"pts":2164,"lvl":2},"45":{"pts":1354,"lvl":1},"50":{"pts":263,"lvl":1},"51":{"pts":1199,"lvl":1},"53":{"pts":1796,"lvl":1},"55":{"pts":5626,"lvl":2},"58":{"pts":151,"lvl":1},"59":{"pts":1192,"lvl":1},"61":{"pts":230,"lvl":1},"63":{"pts":103,"lvl":1},"64":{"pts":23321,"lvl":5},"67":{"pts":16203,"lvl":4},"74":{"pts":990,"lvl":1},"75":{"pts":11803,"lvl":3},"77":{"pts":11922,"lvl":3},"78":{"pts":914,"lvl":1},"79":{"pts":6188,"lvl":3},"84":{"pts":181,"lvl":1},"86":{"pts":5524,"lvl":2},"89":{"pts":1979,"lvl":2},"91":{"pts":213,"lvl":1},"92":{"pts":282,"lvl":1},"96":{"pts":5340,"lvl":2},"98":{"pts":162,"lvl":1},"99":{"pts":1430,"lvl":1},"101":{"pts":142,"lvl":1},"102":{"pts":3113,"lvl":2},"103":{"pts":995,"lvl":1},"104":{"pts":987,"lvl":1},"106":{"pts":2422,"lvl":2},"107":{"pts":6514,"lvl":3},"110":{"pts":2319,"lvl":2},"111":{"pts":195,"lvl":1},"112":{"pts":931,"lvl":1},"115":{"pts":2113,"lvl":2},"119":{"pts":60147,"lvl":7},"120":{"pts":167,"lvl":1},"121":{"pts":338,"lvl":1},"122":{"pts":1525,"lvl":1},"131":{"pts":606,"lvl":1},"133":{"pts":871,"lvl":1},"134":{"pts":160,"lvl":1},"136":{"pts":2065,"lvl":2},"141":{"pts":14074,"lvl":4},"142":{"pts":8128,"lvl":3},"143":{"pts":1076,"lvl":1},"145":{"pts":997,"lvl":1},"150":{"pts":1445,"lvl":1},"154":{"pts":5258,"lvl":2},"157":{"pts":63962,"lvl":7},"161":{"pts":860,"lvl":1},"163":{"pts":183,"lvl":1},"164":{"pts":988,"lvl":1},"201":{"pts":918,"lvl":1},"202":{"pts":7291,"lvl":3},"222":{"pts":1245,"lvl":1},"236":{"pts":11823,"lvl":3},"238":{"pts":34901,"lvl":6},"254":{"pts":118,"lvl":1},"266":{"pts":1884,"lvl":2},"268":{"pts":3003,"lvl":2},"412":{"pts":1460,"lvl":1},"421":{"pts":2339,"lvl":2},"429":{"pts":4494,"lvl":2},"432":{"pts":145,"lvl":1},"498":{"pts":2876,"lvl":2},"516":{"pts":656,"lvl":1},"555":{"pts":1760,"lvl":1},"timestamp":1557960799132}