[{"id":"181599752922726400","admin":true,"mod":true,"mod_cmds":true},{"id":"156270491995340800","admin":true,"mod":true,"mod_cmds":true},{"id":"116275390695079945","admin":true,"mod":true,"mod_cmds":true},{"id":"187729621653913600","admin":true,"mod":true,"mod_cmds":true},{"id":"235088799074484224","admin":true,"mod":true,"mod_cmds":true},{"id":"181599752922726400","admin":true,"mod":true,"mod_cmds":true},{"id":"208946659361554432","admin":true,"mod":true,"mod_cmds":true},{"id":"150300454708838401","admin":true,"mod":true,"mod_cmds":true},{"id":"151018674793349121","admin":true,"mod":true,"mod_cmds":true},{"id":"166913295457058817","admin":true,"mod":true,"mod_cmds":true},{"id":"332958493722017792","admin":true,"mod":true,"mod_cmds":true}]