{"1":{"pts":1861,"lvl":2},"2":{"pts":2542,"lvl":2},"3":{"pts":14301,"lvl":4},"4":{"pts":10905,"lvl":3},"5":{"pts":76766,"lvl":6},"7":{"pts":22327,"lvl":5},"8":{"pts":28564,"lvl":5},"10":{"pts":2089,"lvl":2},"11":{"pts":41284,"lvl":6},"13":{"pts":29584,"lvl":5},"14":{"pts":3998,"lvl":2},"15":{"pts":5408,"lvl":2},"16":{"pts":661,"lvl":1},"17":{"pts":9364,"lvl":3},"18":{"pts":4766,"lvl":2},"19":{"pts":8598,"lvl":3},"20":{"pts":3982,"lvl":2},"21":{"pts":4721,"lvl":2},"22":{"pts":10328,"lvl":3},"23":{"pts":2351,"lvl":2},"24":{"pts":3541,"lvl":2},"25":{"pts":7819,"lvl":3},"26":{"pts":325,"lvl":1},"27":{"pts":3227,"lvl":2},"30":{"pts":14173,"lvl":4},"31":{"pts":309,"lvl":1},"32":{"pts":3034,"lvl":2},"33":{"pts":3549,"lvl":2},"34":{"pts":1642,"lvl":1},"35":{"pts":1023,"lvl":1},"37":{"pts":1118,"lvl":1},"38":{"pts":379,"lvl":1},"39":{"pts":3552,"lvl":2},"40":{"pts":145,"lvl":1},"41":{"pts":13680,"lvl":4},"42":{"pts":2360,"lvl":2},"44":{"pts":138,"lvl":1},"45":{"pts":15562,"lvl":4},"48":{"pts":128,"lvl":1},"50":{"pts":3145,"lvl":2},"51":{"pts":12108,"lvl":3},"53":{"pts":35957,"lvl":5},"54":{"pts":1797,"lvl":1},"55":{"pts":84038,"lvl":6},"56":{"pts":352,"lvl":1},"57":{"pts":3781,"lvl":2},"58":{"pts":1060,"lvl":1},"59":{"pts":4595,"lvl":2},"60":{"pts":5035,"lvl":2},"61":{"pts":17328,"lvl":4},"62":{"pts":2905,"lvl":2},"63":{"pts":8120,"lvl":3},"64":{"pts":267156,"lvl":7},"67":{"pts":83793,"lvl":7},"68":{"pts":2138,"lvl":2},"69":{"pts":24313,"lvl":5},"74":{"pts":8621,"lvl":3},"75":{"pts":5019,"lvl":2},"76":{"pts":8860,"lvl":3},"78":{"pts":909,"lvl":1},"79":{"pts":36469,"lvl":5},"80":{"pts":1162,"lvl":1},"81":{"pts":90810,"lvl":6},"82":{"pts":3253,"lvl":2},"84":{"pts":22603,"lvl":5},"85":{"pts":24475,"lvl":5},"86":{"pts":31827,"lvl":5},"89":{"pts":18995,"lvl":4},"91":{"pts":12434,"lvl":3},"92":{"pts":69505,"lvl":6},"96":{"pts":623,"lvl":1},"98":{"pts":152,"lvl":1},"99":{"pts":19615,"lvl":4},"101":{"pts":7709,"lvl":3},"102":{"pts":1082,"lvl":1},"103":{"pts":20115,"lvl":4},"104":{"pts":16481,"lvl":4},"105":{"pts":87105,"lvl":7},"106":{"pts":1200,"lvl":1},"107":{"pts":7410,"lvl":3},"110":{"pts":2828,"lvl":2},"112":{"pts":43425,"lvl":5},"113":{"pts":903,"lvl":1},"114":{"pts":18846,"lvl":4},"115":{"pts":3122,"lvl":2},"117":{"pts":362,"lvl":1},"119":{"pts":25937,"lvl":5},"120":{"pts":184,"lvl":1},"121":{"pts":10133,"lvl":3},"122":{"pts":33719,"lvl":5},"126":{"pts":20899,"lvl":4},"127":{"pts":2742,"lvl":2},"131":{"pts":1012,"lvl":1},"133":{"pts":3927,"lvl":2},"134":{"pts":3095,"lvl":2},"136":{"pts":3820,"lvl":2},"141":{"pts":28050,"lvl":5},"142":{"pts":10505,"lvl":3},"145":{"pts":1015,"lvl":1},"150":{"pts":13837,"lvl":4},"154":{"pts":14859,"lvl":4},"157":{"pts":551931,"lvl":7},"161":{"pts":31329,"lvl":5},"163":{"pts":10722,"lvl":3},"164":{"pts":12834,"lvl":4},"201":{"pts":9346,"lvl":3},"202":{"pts":37916,"lvl":6},"203":{"pts":4061,"lvl":2},"222":{"pts":34755,"lvl":5},"223":{"pts":1911,"lvl":2},"236":{"pts":25523,"lvl":5},"238":{"pts":200234,"lvl":7},"240":{"pts":4830,"lvl":2},"245":{"pts":214042,"lvl":7},"254":{"pts":2752,"lvl":2},"266":{"pts":1681,"lvl":1},"267":{"pts":1625,"lvl":1},"268":{"pts":9186,"lvl":3},"412":{"pts":88249,"lvl":7},"421":{"pts":6871,"lvl":3},"427":{"pts":1444,"lvl":1},"429":{"pts":1785,"lvl":1},"432":{"pts":13403,"lvl":4},"497":{"pts":1447,"lvl":1},"498":{"pts":573,"lvl":1},"516":{"pts":11142,"lvl":3},"517":{"pts":2809,"lvl":2},"518":{"pts":2992,"lvl":2},"555":{"pts":12683,"lvl":4},"timestamp":1558402214373}