{"1":{"pts":13120,"lvl":4},"2":{"pts":5113,"lvl":2},"3":{"pts":6988,"lvl":3},"4":{"pts":5820,"lvl":2},"5":{"pts":2984,"lvl":2},"6":{"pts":4861,"lvl":2},"7":{"pts":28789,"lvl":5},"8":{"pts":29500,"lvl":5},"9":{"pts":2311,"lvl":2},"10":{"pts":7320,"lvl":3},"11":{"pts":10825,"lvl":3},"12":{"pts":1875,"lvl":2},"13":{"pts":2636,"lvl":2},"14":{"pts":1935,"lvl":2},"15":{"pts":8020,"lvl":3},"16":{"pts":5162,"lvl":2},"17":{"pts":5145,"lvl":2},"18":{"pts":11094,"lvl":3},"19":{"pts":18261,"lvl":4},"20":{"pts":9042,"lvl":3},"21":{"pts":4891,"lvl":2},"22":{"pts":3919,"lvl":2},"23":{"pts":4572,"lvl":2},"24":{"pts":13511,"lvl":4},"25":{"pts":6738,"lvl":3},"26":{"pts":3846,"lvl":2},"27":{"pts":2023,"lvl":2},"28":{"pts":6911,"lvl":3},"29":{"pts":6335,"lvl":3},"30":{"pts":9712,"lvl":3},"31":{"pts":12363,"lvl":3},"32":{"pts":3677,"lvl":2},"33":{"pts":2575,"lvl":2},"34":{"pts":7031,"lvl":3},"35":{"pts":3112,"lvl":2},"36":{"pts":7353,"lvl":3},"37":{"pts":742,"lvl":1},"38":{"pts":12192,"lvl":3},"39":{"pts":14877,"lvl":4},"40":{"pts":144,"lvl":1},"41":{"pts":6780,"lvl":3},"42":{"pts":54974,"lvl":7},"43":{"pts":246,"lvl":1},"44":{"pts":79,"lvl":1},"45":{"pts":16299,"lvl":4},"48":{"pts":11165,"lvl":3},"50":{"pts":21685,"lvl":5},"51":{"pts":6281,"lvl":3},"53":{"pts":13518,"lvl":4},"54":{"pts":1267,"lvl":1},"55":{"pts":2826,"lvl":2},"56":{"pts":2184,"lvl":2},"57":{"pts":1962,"lvl":2},"58":{"pts":7808,"lvl":3},"59":{"pts":1631,"lvl":1},"60":{"pts":1830,"lvl":2},"61":{"pts":14520,"lvl":4},"62":{"pts":13175,"lvl":4},"63":{"pts":21410,"lvl":4},"64":{"pts":5199,"lvl":2},"67":{"pts":4318,"lvl":2},"68":{"pts":295,"lvl":1},"69":{"pts":9783,"lvl":3},"72":{"pts":1109,"lvl":1},"74":{"pts":7959,"lvl":3},"75":{"pts":16955,"lvl":4},"76":{"pts":6891,"lvl":3},"77":{"pts":9059,"lvl":3},"78":{"pts":312,"lvl":1},"79":{"pts":677,"lvl":1},"80":{"pts":9959,"lvl":3},"81":{"pts":19858,"lvl":4},"82":{"pts":9577,"lvl":3},"83":{"pts":8517,"lvl":3},"84":{"pts":38229,"lvl":6},"85":{"pts":3160,"lvl":2},"86":{"pts":10958,"lvl":3},"89":{"pts":5563,"lvl":2},"90":{"pts":5386,"lvl":2},"91":{"pts":30497,"lvl":6},"92":{"pts":11316,"lvl":3},"96":{"pts":8366,"lvl":3},"99":{"pts":14120,"lvl":4},"101":{"pts":7934,"lvl":3},"102":{"pts":2908,"lvl":2},"103":{"pts":91750,"lvl":7},"104":{"pts":9206,"lvl":3},"105":{"pts":12805,"lvl":4},"106":{"pts":10575,"lvl":3},"107":{"pts":11797,"lvl":3},"110":{"pts":3998,"lvl":2},"111":{"pts":4271,"lvl":2},"112":{"pts":3428,"lvl":2},"113":{"pts":263,"lvl":1},"114":{"pts":1816,"lvl":2},"115":{"pts":1236,"lvl":1},"117":{"pts":1533,"lvl":1},"119":{"pts":31232,"lvl":6},"120":{"pts":8315,"lvl":3},"121":{"pts":2494,"lvl":2},"122":{"pts":60256,"lvl":7},"126":{"pts":8356,"lvl":3},"127":{"pts":5060,"lvl":2},"131":{"pts":12948,"lvl":4},"133":{"pts":2895,"lvl":2},"134":{"pts":4094,"lvl":2},"136":{"pts":4909,"lvl":2},"141":{"pts":14799,"lvl":4},"142":{"pts":124713,"lvl":7},"143":{"pts":2855,"lvl":2},"145":{"pts":7826,"lvl":3},"150":{"pts":9254,"lvl":3},"154":{"pts":1866,"lvl":2},"157":{"pts":48204,"lvl":7},"161":{"pts":93718,"lvl":7},"163":{"pts":13687,"lvl":4},"164":{"pts":518,"lvl":1},"201":{"pts":8137,"lvl":3},"202":{"pts":19790,"lvl":4},"203":{"pts":15228,"lvl":4},"222":{"pts":5371,"lvl":2},"223":{"pts":3081,"lvl":2},"236":{"pts":8560,"lvl":3},"238":{"pts":9442,"lvl":3},"240":{"pts":1110,"lvl":1},"245":{"pts":52730,"lvl":6},"254":{"pts":10632,"lvl":3},"266":{"pts":43335,"lvl":7},"267":{"pts":3871,"lvl":2},"268":{"pts":2492,"lvl":2},"412":{"pts":12074,"lvl":3},"420":{"pts":8668,"lvl":3},"421":{"pts":16928,"lvl":4},"427":{"pts":680,"lvl":1},"429":{"pts":3829,"lvl":2},"432":{"pts":13252,"lvl":4},"498":{"pts":13440,"lvl":4},"516":{"pts":4526,"lvl":2},"517":{"pts":13296,"lvl":4},"518":{"pts":7483,"lvl":3},"555":{"pts":22829,"lvl":5},"timestamp":1558555050240}