{"1":{"pts":4642,"lvl":2},"2":{"pts":6737,"lvl":3},"3":{"pts":12908,"lvl":3},"4":{"pts":167436,"lvl":7},"5":{"pts":21166,"lvl":4},"6":{"pts":2295,"lvl":1},"7":{"pts":11045,"lvl":3},"8":{"pts":30779,"lvl":4},"9":{"pts":10665,"lvl":3},"10":{"pts":7136,"lvl":2},"11":{"pts":221701,"lvl":7},"12":{"pts":2694,"lvl":2},"13":{"pts":676761,"lvl":7},"15":{"pts":5664,"lvl":2},"16":{"pts":19256,"lvl":4},"17":{"pts":6739,"lvl":2},"18":{"pts":15666,"lvl":4},"19":{"pts":5478,"lvl":2},"20":{"pts":4689,"lvl":2},"21":{"pts":6648,"lvl":2},"22":{"pts":4842,"lvl":2},"23":{"pts":11491,"lvl":3},"24":{"pts":100672,"lvl":6},"25":{"pts":4590,"lvl":2},"26":{"pts":31991,"lvl":5},"27":{"pts":50943,"lvl":6},"28":{"pts":945,"lvl":1},"29":{"pts":167,"lvl":1},"30":{"pts":87401,"lvl":6},"31":{"pts":2689,"lvl":2},"32":{"pts":3418,"lvl":2},"33":{"pts":9851,"lvl":3},"34":{"pts":9736,"lvl":3},"37":{"pts":8094,"lvl":2},"38":{"pts":107710,"lvl":7},"39":{"pts":2024,"lvl":2},"41":{"pts":200353,"lvl":7},"42":{"pts":47915,"lvl":6},"43":{"pts":4872,"lvl":2},"44":{"pts":18139,"lvl":4},"45":{"pts":24163,"lvl":4},"53":{"pts":1417,"lvl":1},"54":{"pts":4458,"lvl":2},"55":{"pts":40830,"lvl":5},"56":{"pts":2758,"lvl":2},"59":{"pts":2727,"lvl":2},"61":{"pts":109483,"lvl":7},"62":{"pts":3782,"lvl":2},"63":{"pts":554,"lvl":1},"64":{"pts":28852,"lvl":4},"67":{"pts":21893,"lvl":5},"69":{"pts":3226,"lvl":2},"74":{"pts":88293,"lvl":7},"75":{"pts":12859,"lvl":3},"76":{"pts":4408,"lvl":2},"78":{"pts":28040,"lvl":6},"79":{"pts":784,"lvl":1},"80":{"pts":55009,"lvl":5},"81":{"pts":139028,"lvl":6},"82":{"pts":18606,"lvl":4},"84":{"pts":10064,"lvl":3},"85":{"pts":4486,"lvl":2},"86":{"pts":30645,"lvl":4},"90":{"pts":4955,"lvl":2},"91":{"pts":13922,"lvl":4},"92":{"pts":20197,"lvl":4},"96":{"pts":748,"lvl":1},"98":{"pts":4940,"lvl":2},"99":{"pts":8006,"lvl":3},"101":{"pts":3119,"lvl":2},"102":{"pts":1450,"lvl":1},"103":{"pts":46583,"lvl":6},"104":{"pts":146154,"lvl":7},"105":{"pts":13970,"lvl":4},"107":{"pts":1820,"lvl":1},"110":{"pts":69673,"lvl":7},"111":{"pts":1140,"lvl":1},"112":{"pts":96317,"lvl":7},"114":{"pts":57370,"lvl":6},"115":{"pts":2174,"lvl":2},"119":{"pts":32033,"lvl":5},"122":{"pts":3797,"lvl":2},"126":{"pts":180428,"lvl":7},"127":{"pts":5825,"lvl":2},"131":{"pts":1186,"lvl":1},"134":{"pts":255,"lvl":1},"136":{"pts":1935,"lvl":2},"142":{"pts":61171,"lvl":5},"143":{"pts":682,"lvl":1},"154":{"pts":1185,"lvl":1},"157":{"pts":53160,"lvl":6},"161":{"pts":14730,"lvl":3},"163":{"pts":347,"lvl":1},"164":{"pts":1017,"lvl":1},"201":{"pts":1698,"lvl":1},"202":{"pts":49404,"lvl":6},"203":{"pts":15195,"lvl":4},"223":{"pts":265,"lvl":1},"236":{"pts":35632,"lvl":5},"238":{"pts":168851,"lvl":7},"240":{"pts":174,"lvl":1},"245":{"pts":54856,"lvl":5},"267":{"pts":1557,"lvl":1},"268":{"pts":2239,"lvl":2},"412":{"pts":33049,"lvl":5},"432":{"pts":2893,"lvl":1},"498":{"pts":651,"lvl":1},"timestamp":1558497454017}