{"main":0,"accounts":[{"name":"Midlane Guru","server":"na1","id":"tYGCobv8nYqfEYmLK5QBa4O_sQTjwSPJqgyQhfe5DbncAXE","accountId":"0BKOptjVUmBXLzz5_Bq_nifonOfYeE-OL_ym-7unUSk9Gw","puuid":"NL1P8oK4zTZJY2WGVUd3cPA1vx6EMwjVtosdBgFA38GsqIIqSWVTPSTOaIqJTw0DdW5ZGeX0C4P5QA"},{"name":"The Midlane Guru","server":"na1","id":"2tMHNBYJQkbkxesFKNkf51vCKAts97WpnCC7uwBusLjXan8","accountId":"unn19LXdYEeOi5bxBHp20rmPijW_GHPuTatUVDsCYMIfZHU","puuid":"QjO1r6vF9Yq5SaXWIZVF_7y1ZRkh_5PRkTsGoQai6QZEyM7Xg3bcjvmpqhD6Lyqna5yeit6osnlt8w"}]}