{"1":{"pts":26906,"lvl":5},"2":{"pts":6432,"lvl":3},"3":{"pts":1358,"lvl":1},"4":{"pts":25847,"lvl":5},"5":{"pts":11360,"lvl":3},"6":{"pts":8869,"lvl":3},"7":{"pts":84136,"lvl":7},"8":{"pts":63791,"lvl":7},"9":{"pts":57564,"lvl":5},"10":{"pts":8868,"lvl":3},"11":{"pts":78289,"lvl":7},"12":{"pts":8355,"lvl":3},"13":{"pts":10870,"lvl":3},"14":{"pts":6253,"lvl":3},"15":{"pts":11529,"lvl":3},"16":{"pts":27852,"lvl":5},"17":{"pts":91821,"lvl":7},"18":{"pts":38965,"lvl":5},"19":{"pts":11135,"lvl":3},"20":{"pts":16967,"lvl":4},"21":{"pts":51256,"lvl":5},"22":{"pts":41213,"lvl":5},"23":{"pts":22445,"lvl":5},"24":{"pts":9760,"lvl":3},"25":{"pts":25606,"lvl":5},"26":{"pts":32057,"lvl":5},"27":{"pts":12390,"lvl":3},"28":{"pts":46710,"lvl":7},"29":{"pts":38078,"lvl":5},"30":{"pts":14734,"lvl":4},"31":{"pts":9951,"lvl":3},"32":{"pts":5965,"lvl":2},"33":{"pts":19829,"lvl":4},"34":{"pts":12829,"lvl":4},"35":{"pts":28686,"lvl":5},"36":{"pts":8454,"lvl":3},"37":{"pts":35543,"lvl":5},"38":{"pts":14708,"lvl":4},"39":{"pts":16791,"lvl":4},"40":{"pts":18297,"lvl":4},"41":{"pts":16579,"lvl":4},"42":{"pts":11104,"lvl":3},"43":{"pts":33120,"lvl":5},"44":{"pts":39013,"lvl":7},"45":{"pts":48014,"lvl":5},"48":{"pts":1384,"lvl":1},"50":{"pts":5990,"lvl":2},"51":{"pts":27808,"lvl":5},"53":{"pts":49853,"lvl":6},"54":{"pts":8182,"lvl":3},"55":{"pts":1019672,"lvl":7},"56":{"pts":1811,"lvl":2},"57":{"pts":2360,"lvl":2},"58":{"pts":3904,"lvl":2},"59":{"pts":3366,"lvl":2},"60":{"pts":10039,"lvl":3},"61":{"pts":23932,"lvl":5},"62":{"pts":11458,"lvl":3},"63":{"pts":15573,"lvl":4},"64":{"pts":24641,"lvl":5},"67":{"pts":63316,"lvl":6},"68":{"pts":9951,"lvl":3},"69":{"pts":1578,"lvl":1},"72":{"pts":2038,"lvl":2},"74":{"pts":16876,"lvl":4},"75":{"pts":15414,"lvl":4},"76":{"pts":6218,"lvl":3},"77":{"pts":3437,"lvl":2},"78":{"pts":7562,"lvl":3},"79":{"pts":159,"lvl":1},"80":{"pts":4473,"lvl":2},"81":{"pts":9072,"lvl":3},"82":{"pts":2965,"lvl":2},"84":{"pts":72919,"lvl":7},"85":{"pts":14233,"lvl":4},"86":{"pts":52035,"lvl":5},"89":{"pts":1621,"lvl":1},"90":{"pts":10213,"lvl":3},"91":{"pts":27571,"lvl":5},"92":{"pts":20240,"lvl":4},"96":{"pts":2470,"lvl":2},"98":{"pts":4810,"lvl":2},"99":{"pts":140057,"lvl":7},"101":{"pts":18901,"lvl":4},"102":{"pts":2731,"lvl":2},"103":{"pts":39369,"lvl":6},"104":{"pts":6486,"lvl":3},"105":{"pts":17028,"lvl":4},"106":{"pts":24492,"lvl":5},"107":{"pts":40260,"lvl":6},"110":{"pts":5240,"lvl":2},"111":{"pts":1602,"lvl":1},"112":{"pts":1888,"lvl":2},"113":{"pts":1545,"lvl":1},"114":{"pts":31427,"lvl":6},"115":{"pts":12848,"lvl":4},"117":{"pts":15711,"lvl":4},"119":{"pts":16472,"lvl":4},"120":{"pts":849,"lvl":1},"121":{"pts":22977,"lvl":5},"122":{"pts":25224,"lvl":5},"126":{"pts":2416,"lvl":2},"127":{"pts":8228,"lvl":3},"131":{"pts":13688,"lvl":4},"133":{"pts":9146,"lvl":3},"134":{"pts":20703,"lvl":4},"136":{"pts":4981,"lvl":2},"141":{"pts":14594,"lvl":4},"142":{"pts":32493,"lvl":6},"143":{"pts":1762,"lvl":1},"145":{"pts":16315,"lvl":4},"150":{"pts":19324,"lvl":4},"154":{"pts":15272,"lvl":4},"157":{"pts":85113,"lvl":7},"161":{"pts":27670,"lvl":5},"163":{"pts":19114,"lvl":4},"164":{"pts":4562,"lvl":2},"201":{"pts":1703,"lvl":1},"202":{"pts":39774,"lvl":5},"203":{"pts":2707,"lvl":2},"222":{"pts":46127,"lvl":5},"223":{"pts":2050,"lvl":2},"236":{"pts":7355,"lvl":3},"238":{"pts":67016,"lvl":7},"240":{"pts":13515,"lvl":4},"245":{"pts":21025,"lvl":4},"254":{"pts":1051,"lvl":1},"266":{"pts":6178,"lvl":3},"267":{"pts":11016,"lvl":3},"268":{"pts":31406,"lvl":5},"350":{"pts":1756,"lvl":1},"412":{"pts":14219,"lvl":4},"420":{"pts":22687,"lvl":5},"421":{"pts":1197,"lvl":1},"427":{"pts":4153,"lvl":2},"429":{"pts":8578,"lvl":3},"432":{"pts":14583,"lvl":4},"497":{"pts":20187,"lvl":4},"498":{"pts":14140,"lvl":4},"516":{"pts":1574,"lvl":1},"517":{"pts":3573,"lvl":2},"518":{"pts":2221,"lvl":2},"555":{"pts":20147,"lvl":4},"timestamp":1558497454015}