{"1":{"pts":24482,"lvl":5},"2":{"pts":5623,"lvl":2},"3":{"pts":36562,"lvl":6},"4":{"pts":9283,"lvl":3},"5":{"pts":2689,"lvl":2},"6":{"pts":7875,"lvl":3},"7":{"pts":10385,"lvl":3},"8":{"pts":100919,"lvl":7},"9":{"pts":29599,"lvl":5},"10":{"pts":1216,"lvl":1},"11":{"pts":24878,"lvl":5},"12":{"pts":70282,"lvl":6},"13":{"pts":25093,"lvl":5},"14":{"pts":7017,"lvl":3},"15":{"pts":30947,"lvl":5},"16":{"pts":65122,"lvl":6},"17":{"pts":21410,"lvl":4},"18":{"pts":10055,"lvl":3},"19":{"pts":6732,"lvl":3},"20":{"pts":28787,"lvl":5},"21":{"pts":14425,"lvl":4},"22":{"pts":9216,"lvl":3},"23":{"pts":6538,"lvl":3},"24":{"pts":8898,"lvl":3},"25":{"pts":22358,"lvl":5},"26":{"pts":6335,"lvl":3},"27":{"pts":20077,"lvl":4},"28":{"pts":16935,"lvl":4},"29":{"pts":495,"lvl":1},"30":{"pts":24985,"lvl":5},"31":{"pts":68002,"lvl":6},"32":{"pts":6106,"lvl":3},"33":{"pts":9049,"lvl":3},"34":{"pts":9374,"lvl":3},"35":{"pts":50133,"lvl":6},"36":{"pts":9229,"lvl":3},"37":{"pts":9577,"lvl":3},"38":{"pts":23032,"lvl":5},"39":{"pts":8729,"lvl":3},"40":{"pts":32152,"lvl":5},"41":{"pts":15616,"lvl":4},"42":{"pts":43222,"lvl":6},"43":{"pts":27743,"lvl":5},"44":{"pts":29581,"lvl":5},"45":{"pts":22165,"lvl":5},"48":{"pts":5075,"lvl":2},"50":{"pts":19711,"lvl":4},"51":{"pts":28120,"lvl":5},"53":{"pts":16167,"lvl":4},"54":{"pts":24781,"lvl":5},"55":{"pts":9307,"lvl":3},"56":{"pts":3299,"lvl":2},"57":{"pts":136957,"lvl":6},"58":{"pts":295,"lvl":1},"59":{"pts":1086,"lvl":1},"60":{"pts":13704,"lvl":4},"61":{"pts":27194,"lvl":5},"62":{"pts":8537,"lvl":3},"63":{"pts":16472,"lvl":4},"64":{"pts":33347,"lvl":6},"67":{"pts":3405,"lvl":2},"68":{"pts":4042,"lvl":2},"69":{"pts":5040,"lvl":2},"72":{"pts":647,"lvl":1},"74":{"pts":14464,"lvl":4},"75":{"pts":7869,"lvl":3},"76":{"pts":2740,"lvl":2},"77":{"pts":5432,"lvl":2},"78":{"pts":38015,"lvl":5},"79":{"pts":12260,"lvl":3},"80":{"pts":15567,"lvl":4},"81":{"pts":22346,"lvl":5},"82":{"pts":23386,"lvl":5},"83":{"pts":1458,"lvl":1},"84":{"pts":38940,"lvl":6},"85":{"pts":4347,"lvl":2},"86":{"pts":4821,"lvl":2},"89":{"pts":8841,"lvl":3},"90":{"pts":221730,"lvl":6},"91":{"pts":17012,"lvl":4},"92":{"pts":1169,"lvl":1},"96":{"pts":4378,"lvl":2},"98":{"pts":17108,"lvl":4},"99":{"pts":15298,"lvl":4},"101":{"pts":11315,"lvl":3},"102":{"pts":8767,"lvl":3},"103":{"pts":7583,"lvl":3},"104":{"pts":8053,"lvl":3},"105":{"pts":660,"lvl":1},"106":{"pts":2210,"lvl":2},"107":{"pts":18773,"lvl":4},"110":{"pts":5694,"lvl":2},"111":{"pts":81659,"lvl":6},"112":{"pts":7301,"lvl":3},"113":{"pts":3676,"lvl":2},"114":{"pts":3508,"lvl":2},"115":{"pts":235895,"lvl":7},"117":{"pts":8613,"lvl":3},"120":{"pts":19761,"lvl":4},"121":{"pts":1720,"lvl":1},"122":{"pts":6592,"lvl":3},"126":{"pts":92,"lvl":1},"127":{"pts":5881,"lvl":2},"131":{"pts":19908,"lvl":4},"133":{"pts":15343,"lvl":4},"134":{"pts":4827,"lvl":2},"136":{"pts":3433,"lvl":2},"141":{"pts":25574,"lvl":5},"142":{"pts":2859,"lvl":2},"143":{"pts":20198,"lvl":4},"145":{"pts":11885,"lvl":3},"150":{"pts":12600,"lvl":4},"154":{"pts":2377,"lvl":2},"157":{"pts":16604,"lvl":4},"161":{"pts":23660,"lvl":5},"163":{"pts":24795,"lvl":5},"164":{"pts":1549,"lvl":1},"201":{"pts":2430,"lvl":2},"202":{"pts":24944,"lvl":5},"222":{"pts":328,"lvl":1},"223":{"pts":19869,"lvl":4},"236":{"pts":587,"lvl":1},"238":{"pts":5089,"lvl":2},"240":{"pts":1387,"lvl":1},"245":{"pts":30885,"lvl":5},"254":{"pts":74442,"lvl":6},"266":{"pts":1838,"lvl":2},"267":{"pts":9941,"lvl":3},"268":{"pts":9750,"lvl":3},"412":{"pts":40508,"lvl":5},"420":{"pts":10706,"lvl":3},"421":{"pts":161,"lvl":1},"427":{"pts":11142,"lvl":3},"429":{"pts":10673,"lvl":3},"432":{"pts":4077,"lvl":2},"497":{"pts":15057,"lvl":4},"498":{"pts":8167,"lvl":3},"516":{"pts":2354,"lvl":2},"555":{"pts":268,"lvl":1},"timestamp":1558555050186}