{"1":{"pts":2334,"lvl":2},"3":{"pts":15812,"lvl":4},"4":{"pts":4521,"lvl":2},"6":{"pts":218,"lvl":1},"10":{"pts":235920,"lvl":6},"11":{"pts":4950,"lvl":2},"12":{"pts":744,"lvl":1},"13":{"pts":2283,"lvl":2},"14":{"pts":10894,"lvl":3},"15":{"pts":7074,"lvl":3},"16":{"pts":7075,"lvl":3},"18":{"pts":43923,"lvl":5},"19":{"pts":217282,"lvl":7},"20":{"pts":118,"lvl":1},"21":{"pts":4430,"lvl":2},"22":{"pts":22277,"lvl":5},"24":{"pts":832,"lvl":1},"25":{"pts":6750,"lvl":3},"26":{"pts":99,"lvl":1},"28":{"pts":2369,"lvl":2},"30":{"pts":896,"lvl":1},"31":{"pts":143758,"lvl":6},"32":{"pts":9724,"lvl":3},"33":{"pts":960,"lvl":1},"34":{"pts":299243,"lvl":7},"35":{"pts":919,"lvl":1},"36":{"pts":700,"lvl":1},"39":{"pts":365,"lvl":1},"40":{"pts":2283,"lvl":2},"41":{"pts":3764,"lvl":2},"42":{"pts":170205,"lvl":7},"43":{"pts":46428,"lvl":6},"44":{"pts":523,"lvl":1},"45":{"pts":28290,"lvl":5},"48":{"pts":702,"lvl":1},"51":{"pts":35233,"lvl":5},"53":{"pts":9437,"lvl":3},"57":{"pts":8958,"lvl":3},"59":{"pts":3309,"lvl":2},"61":{"pts":90084,"lvl":6},"68":{"pts":1992,"lvl":2},"69":{"pts":21027,"lvl":4},"72":{"pts":376,"lvl":1},"74":{"pts":265,"lvl":1},"75":{"pts":945,"lvl":1},"76":{"pts":2573,"lvl":2},"77":{"pts":194,"lvl":1},"78":{"pts":23428,"lvl":5},"80":{"pts":1815,"lvl":2},"82":{"pts":2308,"lvl":2},"83":{"pts":156,"lvl":1},"86":{"pts":65153,"lvl":6},"89":{"pts":8448,"lvl":3},"90":{"pts":590,"lvl":1},"91":{"pts":1352,"lvl":1},"92":{"pts":2905,"lvl":2},"98":{"pts":13583,"lvl":4},"99":{"pts":10832,"lvl":3},"102":{"pts":178,"lvl":1},"103":{"pts":8294,"lvl":3},"104":{"pts":4046,"lvl":2},"106":{"pts":23961,"lvl":5},"111":{"pts":19831,"lvl":4},"114":{"pts":21167,"lvl":4},"117":{"pts":10639,"lvl":3},"120":{"pts":164,"lvl":1},"121":{"pts":5046,"lvl":2},"122":{"pts":1373,"lvl":1},"126":{"pts":34151,"lvl":6},"127":{"pts":2290,"lvl":2},"131":{"pts":411,"lvl":1},"133":{"pts":133,"lvl":1},"134":{"pts":3907,"lvl":2},"136":{"pts":3847,"lvl":2},"142":{"pts":14848,"lvl":4},"145":{"pts":10169,"lvl":3},"150":{"pts":63495,"lvl":6},"157":{"pts":9668,"lvl":3},"163":{"pts":10191,"lvl":3},"164":{"pts":189,"lvl":1},"201":{"pts":29866,"lvl":5},"202":{"pts":854,"lvl":1},"203":{"pts":7821,"lvl":3},"222":{"pts":11641,"lvl":3},"236":{"pts":4191,"lvl":2},"240":{"pts":35935,"lvl":5},"245":{"pts":32628,"lvl":5},"254":{"pts":40487,"lvl":5},"267":{"pts":1035,"lvl":1},"268":{"pts":16312,"lvl":4},"412":{"pts":755,"lvl":1},"420":{"pts":2997,"lvl":2},"427":{"pts":38904,"lvl":5},"432":{"pts":1284,"lvl":1},"497":{"pts":32230,"lvl":6},"516":{"pts":6478,"lvl":3},"555":{"pts":327,"lvl":1},"timestamp":1558555051967}