{"1":{"pts":7348,"lvl":3},"2":{"pts":977,"lvl":1},"3":{"pts":20246,"lvl":4},"4":{"pts":21367,"lvl":4},"5":{"pts":791,"lvl":1},"6":{"pts":881,"lvl":1},"7":{"pts":9298,"lvl":3},"8":{"pts":12970,"lvl":4},"9":{"pts":6428,"lvl":3},"10":{"pts":1368,"lvl":1},"11":{"pts":12420,"lvl":3},"12":{"pts":164,"lvl":1},"13":{"pts":10355,"lvl":3},"14":{"pts":142,"lvl":1},"15":{"pts":1136,"lvl":1},"16":{"pts":36729,"lvl":6},"17":{"pts":14317,"lvl":4},"18":{"pts":4628,"lvl":2},"19":{"pts":19564,"lvl":4},"20":{"pts":3964,"lvl":2},"21":{"pts":326,"lvl":1},"22":{"pts":404,"lvl":1},"24":{"pts":11598,"lvl":3},"25":{"pts":199,"lvl":1},"26":{"pts":1912,"lvl":2},"27":{"pts":319,"lvl":1},"28":{"pts":2041,"lvl":2},"29":{"pts":7884,"lvl":2},"30":{"pts":146,"lvl":1},"31":{"pts":5329,"lvl":2},"32":{"pts":9415,"lvl":3},"33":{"pts":139,"lvl":1},"34":{"pts":24796,"lvl":5},"35":{"pts":2777,"lvl":2},"36":{"pts":95,"lvl":1},"38":{"pts":39337,"lvl":5},"39":{"pts":4800,"lvl":2},"40":{"pts":216,"lvl":1},"41":{"pts":5548,"lvl":2},"42":{"pts":544070,"lvl":7},"43":{"pts":20522,"lvl":4},"44":{"pts":6179,"lvl":3},"45":{"pts":2106,"lvl":1},"48":{"pts":2740,"lvl":2},"50":{"pts":2176,"lvl":1},"51":{"pts":9351,"lvl":3},"53":{"pts":232,"lvl":1},"55":{"pts":6104,"lvl":2},"56":{"pts":179,"lvl":1},"57":{"pts":146,"lvl":1},"59":{"pts":1146,"lvl":1},"60":{"pts":2846,"lvl":2},"61":{"pts":2807,"lvl":2},"63":{"pts":1211,"lvl":1},"64":{"pts":6104,"lvl":2},"67":{"pts":1771,"lvl":1},"68":{"pts":17859,"lvl":4},"69":{"pts":49293,"lvl":5},"74":{"pts":356,"lvl":1},"76":{"pts":4012,"lvl":2},"77":{"pts":315,"lvl":1},"78":{"pts":6216,"lvl":2},"79":{"pts":8260,"lvl":3},"80":{"pts":908,"lvl":1},"81":{"pts":22872,"lvl":3},"82":{"pts":1984,"lvl":2},"84":{"pts":265004,"lvl":7},"85":{"pts":7569,"lvl":3},"86":{"pts":1078,"lvl":1},"90":{"pts":5331,"lvl":2},"91":{"pts":7533,"lvl":3},"92":{"pts":7315,"lvl":2},"96":{"pts":2775,"lvl":2},"98":{"pts":5758,"lvl":2},"99":{"pts":11136,"lvl":3},"101":{"pts":878,"lvl":1},"102":{"pts":978,"lvl":1},"103":{"pts":31394,"lvl":5},"104":{"pts":6980,"lvl":3},"105":{"pts":110109,"lvl":6},"107":{"pts":19835,"lvl":4},"110":{"pts":6305,"lvl":3},"112":{"pts":119,"lvl":1},"113":{"pts":1517,"lvl":1},"114":{"pts":3252,"lvl":2},"117":{"pts":827,"lvl":1},"119":{"pts":139157,"lvl":6},"120":{"pts":1401,"lvl":1},"121":{"pts":16614,"lvl":4},"122":{"pts":1153,"lvl":1},"126":{"pts":102,"lvl":1},"127":{"pts":10285,"lvl":3},"131":{"pts":1523,"lvl":1},"134":{"pts":12296,"lvl":3},"136":{"pts":1409,"lvl":1},"141":{"pts":1014,"lvl":1},"142":{"pts":3456,"lvl":2},"143":{"pts":1002,"lvl":1},"145":{"pts":1533,"lvl":1},"150":{"pts":14097,"lvl":4},"157":{"pts":9816,"lvl":3},"161":{"pts":1855,"lvl":1},"163":{"pts":10125,"lvl":3},"164":{"pts":19996,"lvl":4},"201":{"pts":5998,"lvl":2},"202":{"pts":6647,"lvl":3},"203":{"pts":340,"lvl":1},"222":{"pts":3032,"lvl":2},"223":{"pts":492,"lvl":1},"236":{"pts":33535,"lvl":5},"238":{"pts":6269,"lvl":2},"240":{"pts":542,"lvl":1},"245":{"pts":13061,"lvl":3},"254":{"pts":256,"lvl":1},"266":{"pts":1218,"lvl":1},"267":{"pts":611,"lvl":1},"268":{"pts":10725,"lvl":3},"412":{"pts":6375,"lvl":3},"420":{"pts":587,"lvl":1},"421":{"pts":1348,"lvl":1},"427":{"pts":274,"lvl":1},"429":{"pts":4786,"lvl":2},"432":{"pts":2685,"lvl":2},"497":{"pts":57723,"lvl":5},"498":{"pts":573,"lvl":1},"518":{"pts":151,"lvl":1},"timestamp":1558555049871}