{"main":"1","accounts":[{"name":"DaRhino","server":"oc1","id":"dvh_8dErNDP6kZatSrui_ge5gL4khnL1gw0wMDq2lezWSw","accountId":"rCps6KELkKMqTxklOvZ5SlnkiK6UgoWpmbdEO2qQeskgGTo","puuid":"8Cw2CaFOQ8hacMAUDlCSsLHP8cF14idINkCSdEPjfP7xchJ2VeTRE7AtgzdHHeo2H7WYY-R_s-UFuA"},{"name":"BOMBS AWAY BBY","server":"oc1","id":"b4NbLMmUeXBYcLkyVlBs-aQdofQSxQkxzREcVgkgExNnqS8","accountId":"I4dav5UTL7-ObraqsYOjvOvYI506ValdgiU4bVNzAim-KjRU-vClYMZ3","puuid":"ApldYePabkUGOImEm_FTo2zGL45k3GK8DAGwkYG7HvYjH2zgtkaHh371si7mKrh1j5HWZRVMMbFVVA"}]}