{"1":{"pts":12453,"lvl":3},"2":{"pts":5013,"lvl":2},"3":{"pts":25434,"lvl":5},"4":{"pts":9845,"lvl":3},"5":{"pts":781,"lvl":1},"6":{"pts":35398,"lvl":6},"7":{"pts":1793,"lvl":1},"8":{"pts":2872,"lvl":2},"9":{"pts":19091,"lvl":4},"10":{"pts":2802,"lvl":2},"11":{"pts":13307,"lvl":4},"12":{"pts":19522,"lvl":4},"13":{"pts":18094,"lvl":4},"14":{"pts":26818,"lvl":5},"15":{"pts":27539,"lvl":5},"16":{"pts":17622,"lvl":4},"17":{"pts":20905,"lvl":4},"18":{"pts":11986,"lvl":3},"19":{"pts":28117,"lvl":6},"20":{"pts":40001,"lvl":7},"21":{"pts":13178,"lvl":4},"22":{"pts":8152,"lvl":3},"23":{"pts":25494,"lvl":5},"24":{"pts":5050,"lvl":2},"25":{"pts":17999,"lvl":4},"26":{"pts":6310,"lvl":3},"27":{"pts":27609,"lvl":6},"28":{"pts":4495,"lvl":2},"29":{"pts":39802,"lvl":6},"30":{"pts":4664,"lvl":2},"31":{"pts":4823,"lvl":2},"32":{"pts":18686,"lvl":4},"33":{"pts":22857,"lvl":5},"34":{"pts":5037,"lvl":2},"35":{"pts":16420,"lvl":4},"36":{"pts":58472,"lvl":7},"37":{"pts":8113,"lvl":3},"38":{"pts":16849,"lvl":4},"39":{"pts":1534,"lvl":1},"40":{"pts":5848,"lvl":2},"41":{"pts":38602,"lvl":5},"42":{"pts":41721,"lvl":6},"43":{"pts":2328,"lvl":2},"44":{"pts":17839,"lvl":4},"45":{"pts":20767,"lvl":4},"48":{"pts":77432,"lvl":7},"50":{"pts":1979,"lvl":2},"51":{"pts":6743,"lvl":3},"53":{"pts":24916,"lvl":6},"54":{"pts":18300,"lvl":4},"55":{"pts":4399,"lvl":2},"56":{"pts":354,"lvl":1},"57":{"pts":17214,"lvl":4},"58":{"pts":20516,"lvl":4},"59":{"pts":2107,"lvl":2},"60":{"pts":156,"lvl":1},"61":{"pts":1192,"lvl":1},"62":{"pts":13292,"lvl":4},"63":{"pts":4742,"lvl":2},"64":{"pts":3935,"lvl":2},"67":{"pts":3391,"lvl":2},"68":{"pts":16671,"lvl":4},"72":{"pts":3937,"lvl":2},"74":{"pts":14517,"lvl":4},"75":{"pts":27364,"lvl":6},"76":{"pts":25569,"lvl":5},"77":{"pts":3682,"lvl":2},"78":{"pts":17491,"lvl":4},"79":{"pts":16136,"lvl":4},"80":{"pts":3466,"lvl":2},"81":{"pts":15983,"lvl":4},"82":{"pts":11678,"lvl":3},"83":{"pts":6167,"lvl":3},"84":{"pts":4502,"lvl":2},"85":{"pts":9095,"lvl":3},"86":{"pts":29514,"lvl":6},"89":{"pts":4668,"lvl":2},"90":{"pts":627,"lvl":1},"91":{"pts":384,"lvl":1},"92":{"pts":7389,"lvl":3},"96":{"pts":19509,"lvl":4},"98":{"pts":32801,"lvl":6},"99":{"pts":28219,"lvl":5},"101":{"pts":11561,"lvl":3},"102":{"pts":4998,"lvl":2},"103":{"pts":2062,"lvl":2},"104":{"pts":18507,"lvl":4},"105":{"pts":65197,"lvl":7},"106":{"pts":2445,"lvl":2},"107":{"pts":12447,"lvl":3},"110":{"pts":2312,"lvl":2},"111":{"pts":24259,"lvl":5},"113":{"pts":13164,"lvl":4},"114":{"pts":592,"lvl":1},"115":{"pts":28673,"lvl":5},"117":{"pts":8158,"lvl":3},"120":{"pts":937,"lvl":1},"121":{"pts":7398,"lvl":3},"122":{"pts":3006,"lvl":2},"131":{"pts":846,"lvl":1},"133":{"pts":127,"lvl":1},"136":{"pts":1459,"lvl":1},"141":{"pts":7932,"lvl":3},"142":{"pts":1421,"lvl":1},"143":{"pts":7091,"lvl":3},"145":{"pts":1724,"lvl":1},"150":{"pts":8603,"lvl":3},"154":{"pts":51376,"lvl":7},"157":{"pts":8447,"lvl":3},"161":{"pts":32682,"lvl":5},"163":{"pts":7193,"lvl":3},"164":{"pts":948,"lvl":1},"201":{"pts":12390,"lvl":3},"202":{"pts":45106,"lvl":6},"203":{"pts":4833,"lvl":2},"222":{"pts":1390,"lvl":1},"223":{"pts":13505,"lvl":4},"236":{"pts":9380,"lvl":3},"238":{"pts":2720,"lvl":2},"240":{"pts":254033,"lvl":7},"245":{"pts":5435,"lvl":2},"254":{"pts":1267,"lvl":1},"266":{"pts":25206,"lvl":5},"267":{"pts":9212,"lvl":3},"268":{"pts":1398,"lvl":1},"350":{"pts":261,"lvl":1},"412":{"pts":30721,"lvl":5},"420":{"pts":8982,"lvl":3},"421":{"pts":1364,"lvl":1},"427":{"pts":11374,"lvl":3},"429":{"pts":1286,"lvl":1},"432":{"pts":30446,"lvl":6},"497":{"pts":21495,"lvl":4},"498":{"pts":934,"lvl":1},"516":{"pts":18813,"lvl":4},"517":{"pts":3534,"lvl":2},"555":{"pts":11038,"lvl":3},"timestamp":1558555049908}