{"1":{"pts":19568,"lvl":4},"2":{"pts":5231,"lvl":2},"3":{"pts":4946,"lvl":2},"4":{"pts":3691,"lvl":2},"5":{"pts":732,"lvl":1},"6":{"pts":118,"lvl":1},"7":{"pts":32835,"lvl":5},"8":{"pts":7099,"lvl":3},"9":{"pts":2567,"lvl":2},"10":{"pts":1619,"lvl":1},"11":{"pts":7147,"lvl":3},"12":{"pts":15421,"lvl":4},"13":{"pts":3445,"lvl":2},"14":{"pts":217,"lvl":1},"15":{"pts":16371,"lvl":4},"16":{"pts":16843,"lvl":4},"17":{"pts":2978,"lvl":2},"18":{"pts":21679,"lvl":5},"19":{"pts":2692,"lvl":2},"20":{"pts":3424,"lvl":2},"21":{"pts":13222,"lvl":4},"22":{"pts":10203,"lvl":3},"23":{"pts":1111,"lvl":1},"24":{"pts":725,"lvl":1},"25":{"pts":17169,"lvl":4},"26":{"pts":3570,"lvl":2},"27":{"pts":196,"lvl":1},"28":{"pts":1367,"lvl":1},"29":{"pts":5557,"lvl":2},"30":{"pts":2431,"lvl":2},"31":{"pts":15634,"lvl":4},"32":{"pts":3883,"lvl":2},"33":{"pts":1495,"lvl":1},"34":{"pts":6084,"lvl":3},"35":{"pts":6184,"lvl":3},"36":{"pts":18990,"lvl":4},"37":{"pts":30255,"lvl":6},"38":{"pts":3242,"lvl":2},"39":{"pts":1529,"lvl":1},"40":{"pts":82169,"lvl":7},"41":{"pts":338,"lvl":1},"42":{"pts":383684,"lvl":7},"43":{"pts":15613,"lvl":4},"44":{"pts":737,"lvl":1},"45":{"pts":30077,"lvl":5},"48":{"pts":905,"lvl":1},"50":{"pts":632,"lvl":1},"51":{"pts":84002,"lvl":7},"53":{"pts":3222,"lvl":2},"54":{"pts":1740,"lvl":1},"55":{"pts":12140,"lvl":3},"56":{"pts":8548,"lvl":3},"57":{"pts":1454,"lvl":1},"58":{"pts":112,"lvl":1},"59":{"pts":43943,"lvl":5},"60":{"pts":9798,"lvl":3},"61":{"pts":107292,"lvl":7},"62":{"pts":3769,"lvl":2},"63":{"pts":18493,"lvl":4},"64":{"pts":9282,"lvl":3},"67":{"pts":51255,"lvl":6},"68":{"pts":1956,"lvl":2},"69":{"pts":16857,"lvl":4},"74":{"pts":5380,"lvl":2},"75":{"pts":1163,"lvl":1},"76":{"pts":39136,"lvl":6},"77":{"pts":1413,"lvl":1},"78":{"pts":2611,"lvl":2},"79":{"pts":8893,"lvl":3},"80":{"pts":17614,"lvl":4},"81":{"pts":25824,"lvl":5},"82":{"pts":244,"lvl":1},"83":{"pts":1222,"lvl":1},"84":{"pts":19722,"lvl":4},"85":{"pts":10421,"lvl":3},"86":{"pts":6206,"lvl":3},"89":{"pts":11960,"lvl":3},"90":{"pts":13444,"lvl":4},"91":{"pts":1518,"lvl":1},"92":{"pts":5054,"lvl":2},"96":{"pts":1933,"lvl":2},"98":{"pts":5155,"lvl":2},"99":{"pts":51257,"lvl":6},"101":{"pts":2567,"lvl":2},"102":{"pts":1069,"lvl":1},"103":{"pts":44996,"lvl":6},"104":{"pts":16884,"lvl":4},"105":{"pts":27830,"lvl":6},"107":{"pts":1748,"lvl":1},"110":{"pts":4015,"lvl":2},"111":{"pts":10758,"lvl":3},"112":{"pts":5410,"lvl":2},"113":{"pts":2779,"lvl":2},"114":{"pts":1772,"lvl":1},"115":{"pts":33422,"lvl":6},"117":{"pts":111320,"lvl":7},"119":{"pts":8924,"lvl":3},"120":{"pts":3608,"lvl":2},"121":{"pts":1750,"lvl":1},"122":{"pts":703,"lvl":1},"126":{"pts":5566,"lvl":2},"127":{"pts":1493,"lvl":1},"131":{"pts":11884,"lvl":3},"133":{"pts":1420,"lvl":1},"134":{"pts":45184,"lvl":6},"136":{"pts":970,"lvl":1},"142":{"pts":1550,"lvl":1},"143":{"pts":14747,"lvl":4},"145":{"pts":10049,"lvl":3},"150":{"pts":7159,"lvl":3},"154":{"pts":6024,"lvl":3},"157":{"pts":2256,"lvl":2},"161":{"pts":7357,"lvl":3},"163":{"pts":3161,"lvl":2},"201":{"pts":4690,"lvl":2},"202":{"pts":5424,"lvl":2},"203":{"pts":1495,"lvl":1},"222":{"pts":8801,"lvl":3},"223":{"pts":2500,"lvl":2},"236":{"pts":32821,"lvl":5},"238":{"pts":1077,"lvl":1},"240":{"pts":156,"lvl":1},"245":{"pts":1215,"lvl":1},"254":{"pts":821,"lvl":1},"266":{"pts":1533,"lvl":1},"267":{"pts":46480,"lvl":6},"268":{"pts":2947,"lvl":2},"412":{"pts":27692,"lvl":5},"420":{"pts":245,"lvl":1},"429":{"pts":5266,"lvl":2},"432":{"pts":10165,"lvl":3},"497":{"pts":5514,"lvl":2},"498":{"pts":1767,"lvl":1},"516":{"pts":1084,"lvl":1},"555":{"pts":1798,"lvl":1},"timestamp":1558555049752}