{"1":{"pts":4984,"lvl":2},"2":{"pts":5023,"lvl":2},"3":{"pts":3832,"lvl":2},"4":{"pts":5228,"lvl":2},"5":{"pts":4325,"lvl":2},"6":{"pts":8964,"lvl":3},"7":{"pts":3187,"lvl":2},"8":{"pts":1501,"lvl":1},"9":{"pts":6378,"lvl":3},"10":{"pts":6312,"lvl":3},"11":{"pts":926,"lvl":1},"12":{"pts":10483,"lvl":3},"13":{"pts":10915,"lvl":3},"14":{"pts":12843,"lvl":4},"15":{"pts":2667,"lvl":2},"16":{"pts":354,"lvl":1},"18":{"pts":1502,"lvl":1},"19":{"pts":1005,"lvl":1},"20":{"pts":8205,"lvl":3},"21":{"pts":3580,"lvl":2},"22":{"pts":971,"lvl":1},"23":{"pts":1663,"lvl":1},"24":{"pts":18979,"lvl":4},"25":{"pts":136,"lvl":1},"26":{"pts":4832,"lvl":2},"27":{"pts":3755,"lvl":2},"28":{"pts":4054,"lvl":2},"29":{"pts":11915,"lvl":3},"30":{"pts":108,"lvl":1},"31":{"pts":936,"lvl":1},"32":{"pts":4339,"lvl":2},"33":{"pts":3202,"lvl":2},"34":{"pts":626,"lvl":1},"35":{"pts":38098,"lvl":6},"36":{"pts":9637,"lvl":3},"37":{"pts":133,"lvl":1},"40":{"pts":13759,"lvl":4},"41":{"pts":3947,"lvl":2},"42":{"pts":88667,"lvl":7},"43":{"pts":4697,"lvl":2},"44":{"pts":3897,"lvl":2},"45":{"pts":12288,"lvl":3},"48":{"pts":1468,"lvl":1},"50":{"pts":223,"lvl":1},"51":{"pts":150,"lvl":1},"53":{"pts":4109,"lvl":2},"54":{"pts":1870,"lvl":2},"55":{"pts":5776,"lvl":2},"56":{"pts":1551,"lvl":1},"57":{"pts":3577,"lvl":2},"58":{"pts":2295,"lvl":2},"59":{"pts":6814,"lvl":3},"60":{"pts":19462,"lvl":4},"61":{"pts":6970,"lvl":3},"62":{"pts":5197,"lvl":2},"63":{"pts":553,"lvl":1},"64":{"pts":5207,"lvl":2},"67":{"pts":668,"lvl":1},"68":{"pts":7150,"lvl":3},"69":{"pts":2507,"lvl":2},"72":{"pts":12026,"lvl":3},"74":{"pts":11393,"lvl":3},"76":{"pts":834,"lvl":1},"78":{"pts":4033,"lvl":2},"79":{"pts":28307,"lvl":5},"80":{"pts":140,"lvl":1},"81":{"pts":9921,"lvl":3},"82":{"pts":4166,"lvl":2},"83":{"pts":1192,"lvl":1},"84":{"pts":3617,"lvl":2},"85":{"pts":664,"lvl":1},"86":{"pts":2954,"lvl":2},"89":{"pts":2058,"lvl":2},"90":{"pts":1288,"lvl":1},"91":{"pts":5246,"lvl":2},"96":{"pts":230,"lvl":1},"98":{"pts":29092,"lvl":5},"99":{"pts":310,"lvl":1},"102":{"pts":1516,"lvl":1},"104":{"pts":10117,"lvl":3},"105":{"pts":149,"lvl":1},"107":{"pts":1349,"lvl":1},"110":{"pts":2621,"lvl":2},"111":{"pts":266,"lvl":1},"112":{"pts":10847,"lvl":3},"113":{"pts":7897,"lvl":3},"114":{"pts":263,"lvl":1},"115":{"pts":7365,"lvl":3},"119":{"pts":1877,"lvl":2},"120":{"pts":1863,"lvl":2},"122":{"pts":243,"lvl":1},"126":{"pts":19092,"lvl":4},"127":{"pts":3129,"lvl":2},"131":{"pts":10219,"lvl":3},"133":{"pts":684,"lvl":1},"134":{"pts":5398,"lvl":2},"136":{"pts":29443,"lvl":5},"141":{"pts":21167,"lvl":4},"142":{"pts":3172,"lvl":2},"150":{"pts":1007,"lvl":1},"154":{"pts":235,"lvl":1},"157":{"pts":760,"lvl":1},"161":{"pts":1179,"lvl":1},"163":{"pts":915,"lvl":1},"164":{"pts":281,"lvl":1},"201":{"pts":9045,"lvl":3},"202":{"pts":15499,"lvl":4},"203":{"pts":1154,"lvl":1},"222":{"pts":11364,"lvl":3},"223":{"pts":1687,"lvl":1},"236":{"pts":11993,"lvl":3},"238":{"pts":2962,"lvl":2},"240":{"pts":4908,"lvl":2},"245":{"pts":117799,"lvl":7},"254":{"pts":1167,"lvl":1},"266":{"pts":885,"lvl":1},"268":{"pts":2443,"lvl":2},"412":{"pts":2443,"lvl":2},"420":{"pts":2010,"lvl":2},"421":{"pts":26621,"lvl":5},"427":{"pts":2953,"lvl":2},"429":{"pts":19813,"lvl":4},"432":{"pts":6462,"lvl":3},"498":{"pts":1108,"lvl":1},"516":{"pts":8142,"lvl":3},"517":{"pts":26472,"lvl":5},"555":{"pts":1589,"lvl":1},"timestamp":1558555051962}