{"1":{"pts":28738,"lvl":5},"2":{"pts":1296,"lvl":1},"3":{"pts":17665,"lvl":4},"4":{"pts":71909,"lvl":7},"5":{"pts":37461,"lvl":6},"6":{"pts":8451,"lvl":3},"7":{"pts":36122,"lvl":5},"8":{"pts":6637,"lvl":3},"9":{"pts":27988,"lvl":6},"10":{"pts":4582,"lvl":2},"11":{"pts":30661,"lvl":5},"12":{"pts":32511,"lvl":5},"13":{"pts":4361,"lvl":2},"14":{"pts":6435,"lvl":3},"15":{"pts":3282,"lvl":2},"16":{"pts":56872,"lvl":7},"17":{"pts":25831,"lvl":5},"18":{"pts":17053,"lvl":4},"19":{"pts":21904,"lvl":5},"20":{"pts":12662,"lvl":4},"21":{"pts":23841,"lvl":5},"22":{"pts":15886,"lvl":4},"23":{"pts":2449,"lvl":2},"24":{"pts":26256,"lvl":5},"25":{"pts":12628,"lvl":4},"26":{"pts":1568,"lvl":1},"27":{"pts":315,"lvl":1},"28":{"pts":5807,"lvl":2},"29":{"pts":89480,"lvl":7},"30":{"pts":12402,"lvl":3},"31":{"pts":8569,"lvl":3},"32":{"pts":6611,"lvl":3},"33":{"pts":8442,"lvl":3},"34":{"pts":13726,"lvl":4},"35":{"pts":7856,"lvl":3},"36":{"pts":241,"lvl":1},"37":{"pts":29754,"lvl":6},"38":{"pts":82666,"lvl":7},"39":{"pts":4273,"lvl":2},"40":{"pts":57806,"lvl":7},"41":{"pts":326,"lvl":1},"42":{"pts":35154,"lvl":5},"43":{"pts":16037,"lvl":4},"44":{"pts":2718,"lvl":2},"45":{"pts":9110,"lvl":3},"48":{"pts":21607,"lvl":5},"50":{"pts":13848,"lvl":4},"51":{"pts":10064,"lvl":3},"53":{"pts":8580,"lvl":3},"54":{"pts":15829,"lvl":4},"55":{"pts":1016,"lvl":1},"56":{"pts":953,"lvl":1},"57":{"pts":15237,"lvl":4},"58":{"pts":23175,"lvl":5},"59":{"pts":24714,"lvl":5},"60":{"pts":24722,"lvl":5},"61":{"pts":96009,"lvl":7},"62":{"pts":3191,"lvl":2},"63":{"pts":34983,"lvl":5},"64":{"pts":1307,"lvl":1},"67":{"pts":11647,"lvl":3},"68":{"pts":3616,"lvl":2},"69":{"pts":36463,"lvl":6},"72":{"pts":3536,"lvl":2},"74":{"pts":22831,"lvl":5},"75":{"pts":7239,"lvl":3},"76":{"pts":130,"lvl":1},"77":{"pts":21851,"lvl":5},"78":{"pts":3799,"lvl":2},"79":{"pts":11108,"lvl":3},"80":{"pts":12353,"lvl":3},"81":{"pts":16579,"lvl":4},"82":{"pts":2692,"lvl":2},"83":{"pts":24400,"lvl":5},"84":{"pts":10569,"lvl":3},"85":{"pts":1805,"lvl":2},"86":{"pts":6606,"lvl":3},"89":{"pts":10402,"lvl":3},"90":{"pts":137672,"lvl":7},"91":{"pts":28674,"lvl":6},"92":{"pts":9186,"lvl":3},"96":{"pts":51035,"lvl":5},"98":{"pts":161,"lvl":1},"99":{"pts":12051,"lvl":3},"101":{"pts":6058,"lvl":3},"102":{"pts":3869,"lvl":2},"103":{"pts":78904,"lvl":7},"104":{"pts":6415,"lvl":3},"105":{"pts":17755,"lvl":4},"106":{"pts":1230,"lvl":1},"107":{"pts":1641,"lvl":1},"110":{"pts":11525,"lvl":3},"111":{"pts":10921,"lvl":3},"112":{"pts":47275,"lvl":6},"113":{"pts":26349,"lvl":5},"114":{"pts":1147,"lvl":1},"115":{"pts":4564,"lvl":2},"117":{"pts":41418,"lvl":7},"119":{"pts":3352,"lvl":2},"120":{"pts":12000,"lvl":3},"121":{"pts":23986,"lvl":5},"122":{"pts":3278,"lvl":2},"126":{"pts":112848,"lvl":7},"127":{"pts":28927,"lvl":5},"131":{"pts":64017,"lvl":7},"133":{"pts":4096,"lvl":2},"134":{"pts":14092,"lvl":4},"136":{"pts":11458,"lvl":3},"141":{"pts":8976,"lvl":3},"142":{"pts":10951,"lvl":3},"143":{"pts":67148,"lvl":7},"145":{"pts":2033,"lvl":2},"150":{"pts":884,"lvl":1},"154":{"pts":8832,"lvl":3},"157":{"pts":3844,"lvl":2},"161":{"pts":8774,"lvl":3},"163":{"pts":65314,"lvl":7},"164":{"pts":11965,"lvl":3},"201":{"pts":437,"lvl":1},"202":{"pts":32674,"lvl":5},"203":{"pts":3347,"lvl":2},"222":{"pts":9156,"lvl":3},"223":{"pts":28505,"lvl":6},"236":{"pts":40516,"lvl":6},"238":{"pts":24500,"lvl":5},"240":{"pts":1051,"lvl":1},"245":{"pts":10106,"lvl":3},"254":{"pts":91562,"lvl":7},"266":{"pts":75076,"lvl":7},"267":{"pts":13296,"lvl":4},"268":{"pts":10687,"lvl":3},"350":{"pts":754,"lvl":1},"412":{"pts":7933,"lvl":3},"420":{"pts":4927,"lvl":2},"421":{"pts":6249,"lvl":3},"427":{"pts":30153,"lvl":6},"429":{"pts":2385,"lvl":2},"432":{"pts":22774,"lvl":5},"497":{"pts":26520,"lvl":5},"498":{"pts":21883,"lvl":5},"516":{"pts":451,"lvl":1},"517":{"pts":192,"lvl":1},"518":{"pts":7531,"lvl":3},"555":{"pts":10053,"lvl":3},"timestamp":1558402214146}