{"1":{"pts":5689,"lvl":2},"3":{"pts":824,"lvl":1},"4":{"pts":115,"lvl":1},"5":{"pts":640,"lvl":1},"7":{"pts":574,"lvl":1},"8":{"pts":189,"lvl":1},"9":{"pts":3244,"lvl":2},"10":{"pts":16916,"lvl":4},"11":{"pts":12630,"lvl":4},"12":{"pts":1540,"lvl":1},"13":{"pts":95,"lvl":1},"14":{"pts":3003,"lvl":2},"15":{"pts":25463,"lvl":5},"16":{"pts":85011,"lvl":7},"17":{"pts":12746,"lvl":4},"18":{"pts":16989,"lvl":4},"19":{"pts":6797,"lvl":3},"20":{"pts":3950,"lvl":2},"21":{"pts":118196,"lvl":6},"22":{"pts":25358,"lvl":5},"23":{"pts":87,"lvl":1},"25":{"pts":41745,"lvl":6},"26":{"pts":8335,"lvl":3},"27":{"pts":9131,"lvl":3},"28":{"pts":699,"lvl":1},"29":{"pts":7644,"lvl":3},"30":{"pts":531,"lvl":1},"31":{"pts":2382,"lvl":2},"32":{"pts":11036,"lvl":3},"33":{"pts":1089,"lvl":1},"34":{"pts":1412,"lvl":1},"35":{"pts":5238,"lvl":2},"36":{"pts":4129,"lvl":2},"37":{"pts":32799,"lvl":5},"39":{"pts":5130,"lvl":2},"40":{"pts":216235,"lvl":7},"41":{"pts":1302,"lvl":1},"42":{"pts":217,"lvl":1},"43":{"pts":25022,"lvl":5},"44":{"pts":772,"lvl":1},"45":{"pts":263,"lvl":1},"48":{"pts":2304,"lvl":2},"50":{"pts":6756,"lvl":3},"51":{"pts":20249,"lvl":4},"53":{"pts":4989,"lvl":2},"54":{"pts":12385,"lvl":3},"55":{"pts":12957,"lvl":4},"56":{"pts":11916,"lvl":3},"57":{"pts":3675,"lvl":2},"58":{"pts":1314,"lvl":1},"60":{"pts":1847,"lvl":2},"61":{"pts":92,"lvl":1},"62":{"pts":360,"lvl":1},"63":{"pts":5171,"lvl":2},"67":{"pts":2454,"lvl":2},"68":{"pts":911,"lvl":1},"69":{"pts":3852,"lvl":2},"72":{"pts":723,"lvl":1},"74":{"pts":306,"lvl":1},"75":{"pts":2556,"lvl":2},"76":{"pts":2266,"lvl":2},"77":{"pts":669,"lvl":1},"78":{"pts":3803,"lvl":2},"81":{"pts":1105,"lvl":1},"82":{"pts":900,"lvl":1},"84":{"pts":19547,"lvl":4},"85":{"pts":187,"lvl":1},"86":{"pts":6487,"lvl":3},"89":{"pts":34278,"lvl":6},"90":{"pts":144,"lvl":1},"91":{"pts":437,"lvl":1},"92":{"pts":16870,"lvl":4},"96":{"pts":10728,"lvl":3},"98":{"pts":790,"lvl":1},"99":{"pts":28353,"lvl":5},"101":{"pts":3730,"lvl":2},"102":{"pts":12627,"lvl":4},"103":{"pts":48026,"lvl":5},"104":{"pts":140,"lvl":1},"105":{"pts":142,"lvl":1},"106":{"pts":1753,"lvl":1},"107":{"pts":643,"lvl":1},"110":{"pts":6273,"lvl":3},"111":{"pts":264,"lvl":1},"112":{"pts":799,"lvl":1},"113":{"pts":36818,"lvl":5},"114":{"pts":2432,"lvl":2},"115":{"pts":2276,"lvl":2},"117":{"pts":3496,"lvl":2},"119":{"pts":8376,"lvl":3},"120":{"pts":3964,"lvl":2},"121":{"pts":929,"lvl":1},"122":{"pts":923,"lvl":1},"126":{"pts":121,"lvl":1},"127":{"pts":5527,"lvl":2},"131":{"pts":24248,"lvl":5},"133":{"pts":21740,"lvl":5},"134":{"pts":1032,"lvl":1},"136":{"pts":1494,"lvl":1},"141":{"pts":2827,"lvl":2},"142":{"pts":6475,"lvl":3},"143":{"pts":3838,"lvl":2},"145":{"pts":14532,"lvl":4},"150":{"pts":912,"lvl":1},"154":{"pts":826,"lvl":1},"157":{"pts":1133,"lvl":1},"161":{"pts":791,"lvl":1},"163":{"pts":3836,"lvl":2},"164":{"pts":4119,"lvl":2},"201":{"pts":719,"lvl":1},"202":{"pts":1223,"lvl":1},"203":{"pts":2461,"lvl":2},"222":{"pts":53550,"lvl":6},"223":{"pts":183,"lvl":1},"236":{"pts":1250,"lvl":1},"238":{"pts":92,"lvl":1},"240":{"pts":850,"lvl":1},"254":{"pts":16918,"lvl":4},"266":{"pts":1137,"lvl":1},"267":{"pts":34475,"lvl":6},"268":{"pts":1038,"lvl":1},"350":{"pts":2356,"lvl":2},"412":{"pts":947,"lvl":1},"420":{"pts":55060,"lvl":6},"421":{"pts":1447,"lvl":1},"427":{"pts":442,"lvl":1},"429":{"pts":1794,"lvl":1},"497":{"pts":29507,"lvl":5},"498":{"pts":37584,"lvl":5},"516":{"pts":162,"lvl":1},"517":{"pts":491,"lvl":1},"518":{"pts":24316,"lvl":5},"555":{"pts":672,"lvl":1},"timestamp":1558402214391}