{"1":{"pts":1874,"lvl":2},"2":{"pts":16024,"lvl":4},"4":{"pts":14145,"lvl":4},"5":{"pts":5419,"lvl":2},"6":{"pts":2759,"lvl":2},"7":{"pts":32306,"lvl":5},"8":{"pts":14297,"lvl":4},"9":{"pts":519,"lvl":1},"10":{"pts":14807,"lvl":4},"11":{"pts":4327,"lvl":2},"12":{"pts":60871,"lvl":5},"13":{"pts":12073,"lvl":3},"14":{"pts":1373,"lvl":1},"15":{"pts":34006,"lvl":5},"16":{"pts":12721,"lvl":4},"17":{"pts":2678,"lvl":2},"18":{"pts":26800,"lvl":5},"21":{"pts":25046,"lvl":5},"22":{"pts":5823,"lvl":2},"23":{"pts":17996,"lvl":4},"24":{"pts":56601,"lvl":7},"25":{"pts":5451,"lvl":2},"26":{"pts":1651,"lvl":1},"27":{"pts":333,"lvl":1},"28":{"pts":7625,"lvl":3},"29":{"pts":145,"lvl":1},"30":{"pts":400,"lvl":1},"32":{"pts":785,"lvl":1},"33":{"pts":4017,"lvl":2},"34":{"pts":808,"lvl":1},"35":{"pts":10066,"lvl":3},"36":{"pts":265,"lvl":1},"37":{"pts":2828,"lvl":2},"38":{"pts":77972,"lvl":6},"39":{"pts":46255,"lvl":5},"41":{"pts":5240,"lvl":2},"42":{"pts":140627,"lvl":7},"44":{"pts":1823,"lvl":2},"45":{"pts":3525,"lvl":2},"51":{"pts":1198,"lvl":1},"53":{"pts":641,"lvl":1},"54":{"pts":1932,"lvl":2},"55":{"pts":1946,"lvl":2},"56":{"pts":1072,"lvl":1},"58":{"pts":9523,"lvl":3},"60":{"pts":208,"lvl":1},"61":{"pts":1534,"lvl":1},"62":{"pts":3209,"lvl":2},"63":{"pts":636,"lvl":1},"64":{"pts":3250,"lvl":2},"67":{"pts":18167,"lvl":4},"69":{"pts":7021,"lvl":3},"72":{"pts":123,"lvl":1},"74":{"pts":451,"lvl":1},"75":{"pts":177,"lvl":1},"76":{"pts":148,"lvl":1},"77":{"pts":1863,"lvl":2},"78":{"pts":8709,"lvl":3},"80":{"pts":186,"lvl":1},"81":{"pts":914,"lvl":1},"82":{"pts":3353,"lvl":2},"83":{"pts":13495,"lvl":4},"84":{"pts":3576,"lvl":2},"85":{"pts":9041,"lvl":3},"86":{"pts":4101,"lvl":2},"89":{"pts":1287,"lvl":1},"91":{"pts":2692,"lvl":2},"92":{"pts":39591,"lvl":5},"96":{"pts":2547,"lvl":2},"99":{"pts":21457,"lvl":4},"101":{"pts":11401,"lvl":3},"102":{"pts":3184,"lvl":2},"103":{"pts":17521,"lvl":4},"104":{"pts":7680,"lvl":3},"105":{"pts":8276,"lvl":3},"106":{"pts":844,"lvl":1},"107":{"pts":1378,"lvl":1},"110":{"pts":78874,"lvl":6},"111":{"pts":188,"lvl":1},"112":{"pts":552,"lvl":1},"114":{"pts":904,"lvl":1},"115":{"pts":819,"lvl":1},"117":{"pts":713,"lvl":1},"119":{"pts":1331,"lvl":1},"121":{"pts":156,"lvl":1},"122":{"pts":6244,"lvl":3},"126":{"pts":14358,"lvl":4},"127":{"pts":11311,"lvl":3},"131":{"pts":1983,"lvl":2},"133":{"pts":6580,"lvl":3},"134":{"pts":3482,"lvl":2},"136":{"pts":1222,"lvl":1},"141":{"pts":75,"lvl":1},"142":{"pts":202,"lvl":1},"143":{"pts":796,"lvl":1},"145":{"pts":777,"lvl":1},"150":{"pts":938,"lvl":1},"157":{"pts":7802,"lvl":3},"161":{"pts":817,"lvl":1},"163":{"pts":154,"lvl":1},"202":{"pts":25703,"lvl":5},"203":{"pts":207,"lvl":1},"222":{"pts":280,"lvl":1},"223":{"pts":1091,"lvl":1},"236":{"pts":10592,"lvl":3},"238":{"pts":411,"lvl":1},"240":{"pts":542,"lvl":1},"245":{"pts":1990,"lvl":2},"254":{"pts":4024,"lvl":2},"266":{"pts":960,"lvl":1},"268":{"pts":5604,"lvl":2},"412":{"pts":21362,"lvl":4},"429":{"pts":1863,"lvl":2},"432":{"pts":476,"lvl":1},"497":{"pts":5853,"lvl":2},"517":{"pts":603,"lvl":1},"555":{"pts":90,"lvl":1},"timestamp":1558497453628}