{"1":{"pts":18061,"lvl":4},"2":{"pts":12105,"lvl":3},"3":{"pts":385,"lvl":1},"4":{"pts":6046,"lvl":3},"5":{"pts":120777,"lvl":7},"6":{"pts":976,"lvl":1},"7":{"pts":16314,"lvl":4},"8":{"pts":5212,"lvl":2},"9":{"pts":3133,"lvl":2},"10":{"pts":24018,"lvl":5},"11":{"pts":63650,"lvl":6},"12":{"pts":5553,"lvl":2},"13":{"pts":13093,"lvl":4},"14":{"pts":1738,"lvl":1},"15":{"pts":92989,"lvl":7},"16":{"pts":21869,"lvl":5},"17":{"pts":31697,"lvl":6},"18":{"pts":12521,"lvl":3},"19":{"pts":38419,"lvl":5},"20":{"pts":159,"lvl":1},"21":{"pts":13215,"lvl":4},"22":{"pts":31262,"lvl":5},"23":{"pts":317211,"lvl":7},"24":{"pts":61163,"lvl":6},"25":{"pts":171121,"lvl":7},"26":{"pts":9134,"lvl":3},"27":{"pts":5453,"lvl":2},"28":{"pts":6628,"lvl":3},"29":{"pts":3446,"lvl":2},"30":{"pts":121,"lvl":1},"31":{"pts":240,"lvl":1},"32":{"pts":4738,"lvl":2},"34":{"pts":121,"lvl":1},"35":{"pts":6507,"lvl":3},"36":{"pts":46783,"lvl":6},"37":{"pts":108173,"lvl":7},"38":{"pts":30100,"lvl":5},"39":{"pts":7091,"lvl":3},"40":{"pts":14103,"lvl":4},"41":{"pts":57998,"lvl":7},"42":{"pts":33825,"lvl":6},"43":{"pts":1220,"lvl":1},"44":{"pts":3894,"lvl":2},"45":{"pts":45257,"lvl":5},"48":{"pts":3793,"lvl":2},"50":{"pts":372,"lvl":1},"51":{"pts":33231,"lvl":5},"53":{"pts":325,"lvl":1},"54":{"pts":18338,"lvl":4},"55":{"pts":5368,"lvl":2},"56":{"pts":10154,"lvl":3},"57":{"pts":10135,"lvl":3},"58":{"pts":107546,"lvl":7},"59":{"pts":1992,"lvl":2},"60":{"pts":3156,"lvl":2},"61":{"pts":47281,"lvl":6},"62":{"pts":1349,"lvl":1},"63":{"pts":72254,"lvl":7},"64":{"pts":32843,"lvl":6},"67":{"pts":90102,"lvl":6},"68":{"pts":1931,"lvl":2},"69":{"pts":18705,"lvl":4},"72":{"pts":113,"lvl":1},"74":{"pts":11766,"lvl":3},"75":{"pts":123323,"lvl":7},"76":{"pts":2699,"lvl":2},"77":{"pts":104701,"lvl":7},"78":{"pts":10612,"lvl":3},"79":{"pts":4391,"lvl":2},"81":{"pts":62469,"lvl":6},"82":{"pts":2336,"lvl":2},"83":{"pts":43764,"lvl":7},"84":{"pts":31130,"lvl":7},"85":{"pts":184,"lvl":1},"86":{"pts":15038,"lvl":4},"89":{"pts":418,"lvl":1},"90":{"pts":7301,"lvl":3},"91":{"pts":11654,"lvl":3},"92":{"pts":535542,"lvl":7},"96":{"pts":50528,"lvl":6},"98":{"pts":5462,"lvl":2},"99":{"pts":14685,"lvl":4},"101":{"pts":168,"lvl":1},"102":{"pts":52370,"lvl":6},"103":{"pts":42226,"lvl":7},"104":{"pts":5873,"lvl":2},"105":{"pts":10019,"lvl":3},"107":{"pts":72344,"lvl":7},"110":{"pts":1612,"lvl":1},"111":{"pts":7944,"lvl":3},"112":{"pts":5540,"lvl":2},"113":{"pts":308,"lvl":1},"114":{"pts":35414,"lvl":6},"115":{"pts":287,"lvl":1},"117":{"pts":52191,"lvl":5},"119":{"pts":13626,"lvl":4},"120":{"pts":29688,"lvl":6},"121":{"pts":3084,"lvl":2},"122":{"pts":22365,"lvl":5},"126":{"pts":1449,"lvl":1},"127":{"pts":167,"lvl":1},"131":{"pts":84057,"lvl":7},"133":{"pts":15609,"lvl":4},"134":{"pts":212,"lvl":1},"136":{"pts":851,"lvl":1},"141":{"pts":24741,"lvl":5},"142":{"pts":136,"lvl":1},"143":{"pts":1998,"lvl":2},"145":{"pts":5238,"lvl":2},"150":{"pts":11401,"lvl":3},"154":{"pts":8505,"lvl":3},"157":{"pts":165088,"lvl":7},"161":{"pts":302,"lvl":1},"201":{"pts":231,"lvl":1},"202":{"pts":66404,"lvl":7},"203":{"pts":43614,"lvl":6},"222":{"pts":23200,"lvl":5},"236":{"pts":119035,"lvl":7},"238":{"pts":116564,"lvl":7},"240":{"pts":2720,"lvl":2},"245":{"pts":117903,"lvl":7},"254":{"pts":17968,"lvl":4},"266":{"pts":1759,"lvl":1},"267":{"pts":1748,"lvl":1},"412":{"pts":120353,"lvl":7},"420":{"pts":4586,"lvl":2},"429":{"pts":1630,"lvl":1},"432":{"pts":105254,"lvl":7},"497":{"pts":610,"lvl":1},"498":{"pts":17161,"lvl":4},"518":{"pts":11279,"lvl":3},"timestamp":1558555052355}